t,pressure_pa,altitude_m,filled
0.0,100780.25,45.451996,0
1.0,100780.0,45.472901,0
2.0,100781.0,45.389282,0
3.0,100784.5,45.096622,0
4.0,100792.25,44.448619,0
5.0,100803.25,43.528941,0
6.0,100817.5,42.337661,0
7.0,100833.0,41.042038,0
8.0,100846.25,39.934617,0
9.0,100856.75,39.057121,0
10.0,100865.0,38.367712,0
11.0,100871.0,37.866353,0
12.0,100875.25,37.511238,0
13.0,100878.5,37.239687,0
14.0,100880.75,37.051695,0
15.0,100882.25,36.926369,0
16.0,100883.75,36.801044,0
17.0,100884.25,36.759269,0
18.0,100885.5,36.654834,0
19.0,100887.0,36.529512,0
20.0,100888.25,36.425079,0
21.0,100886.75,36.550399,0
22.0,100886.5,36.571286,0
23.0,100886.75,36.550399,0
24.0,100887.25,36.508625,0
25.0,100887.5,36.487739,0
26.0,100887.75,36.466852,0
27.0,100887.75,36.466852,0
28.0,100888.25,36.425079,0
29.0,100889.25,36.341533,0
30.0,100889.5,36.320646,0
31.0,100887.25,36.508625,0
32.0,100879.5,37.156135,0
33.0,100870.0,37.949911,0
34.0,100857.5,38.994446,0
35.0,100844.0,40.122661,0
36.0,100828.5,41.41817,0
37.0,100812.5,42.755639,0
38.0,100796.5,44.093279,0
39.0,100780.0,45.472901,0
40.0,100765.5,46.685447,0
41.0,100752.75,47.751768,0
42.0,100743.25,48.546353,0
43.0,100736.25,49.131875,0
44.0,100731.25,49.550126,0
45.0,100727.25,49.884738,0
46.0,100724.0,50.156619,0
47.0,100722.0,50.323933,0
48.0,100720.25,50.470336,0
49.0,100718.75,50.595825,0
50.0,100717.0,50.742231,0
51.0,100716.5,50.784062,0
52.0,100717.25,50.721316,0
53.0,100717.25,50.721316,0
54.0,100715.75,50.846809,0
55.0,100715.5,50.867724,0
56.0,100714.25,50.972303,0
57.0,100714.25,50.972303,0
58.0,100712.0,51.160547,0
59.0,100706.5,51.620713,0
60.0,100701.75,52.018145,0
61.0,100696.25,52.478349,0
62.0,100692.5,52.792136,0
63.0,100690.5,52.959493,0
64.0,100688.5,53.126853,0
65.0,100687.5,53.210534,0
66.0,100686.5,53.294215,0
67.0,100686.25,53.315136,0
68.0,100685.0,53.419739,0
69.0,100684.75,53.44066,0
70.0,100684.25,53.482501,0
71.0,100683.5,53.545264,0
72.0,100683.75,53.524343,0
73.0,100683.25,53.566185,0
74.0,100683.0,53.587106,0
75.0,100682.75,53.608027,0
76.0,100680.5,53.796319,0
77.0,100674.5,54.298446,0
78.0,100668.75,54.779674,0
79.0,100662.75,55.281849,0
80.0,100658.75,55.616646,0
81.0,100655.25,55.909602,0
82.0,100653.5,56.056083,0
83.0,100651.25,56.244419,0
84.0,100650.5,56.307199,0
85.0,100650.25,56.328125,0
86.0,100649.25,56.411832,0
87.0,100648.75,56.453685,0
88.0,100649.5,56.390905,0
89.0,100648.0,56.516466,0
90.0,100647.5,56.55832,0
91.0,100646.5,56.642028,0
92.0,100646.25,56.662956,0
93.0,100642.5,56.976869,0
94.0,100633.75,57.70937,0
95.0,100623.75,58.546578,0
96.0,100612.25,59.509449,0
97.0,100602.0,60.367736,0
98.0,100594.75,60.97486,0
99.0,100589.25,61.435461,0
100.0,100584.75,61.812331,0
101.0,100580.5,62.168276,0
102.0,100578.0,62.377661,0
103.0,100576.75,62.482355,0
104.0,100576.25,62.524233,0
105.0,100575.0,62.628929,0
106.0,100574.5,62.670808,0
107.0,100573.25,62.775505,0
108.0,100573.0,62.796444,0
109.0,100572.25,62.859263,0
110.0,100571.25,62.943022,0
111.0,100571.75,62.901143,0
112.0,100576.75,62.482355,0
113.0,100585.5,61.749518,0
114.0,100596.75,60.807374,0
115.0,100611.0,59.614115,0
116.0,100627.5,58.232617,0
117.0,100644.75,56.78852,0
118.0,100662.25,55.323698,0
119.0,100680.25,53.81724,0
120.0,100699.0,52.248245,0
121.0,100718.25,50.637655,0
122.0,100737.75,49.006403,0
123.0,100757.5,47.354499,0
124.0,100777.5,45.681951,0
125.0,100797.0,44.051475,0
126.0,100816.25,42.442154,0
127.0,100832.75,41.062934,0
128.0,100845.75,39.976404,0
129.0,100856.5,39.078013,0
130.0,100863.75,38.472165,0
131.0,100869.25,38.01258,0
132.0,100873.75,37.636571,0
133.0,100877.25,37.344129,0
134.0,100879.5,37.156135,0
135.0,100881.25,37.00992,0
136.0,100882.5,36.905481,0
137.0,100883.0,36.863706,0
138.0,100884.75,36.717495,0
139.0,100885.5,36.654834,0
140.0,100884.5,36.738382,0
141.0,100885.75,36.633947,0
142.0,100886.5,36.571286,0
143.0,100887.0,36.529512,0
144.0,100887.5,36.487739,0
145.0,100887.0,36.529512,0
146.0,100881.75,36.968144,0
147.0,100875.5,37.490349,0
148.0,100870.0,37.949911,0
149.0,100865.0,38.367712,0
150.0,100862.0,38.618401,0
151.0,100859.0,38.869096,0
152.0,100857.25,39.015338,0
153.0,100855.0,39.203365,0
154.0,100853.5,39.328719,0
155.0,100852.5,39.412289,0
156.0,100851.25,39.516752,0
157.0,100850.75,39.558538,0
158.0,100849.0,39.704789,0
159.0,100848.75,39.725682,0
160.0,100848.5,39.746576,0
161.0,100848.0,39.788362,0
162.0,100847.5,39.830149,0
163.0,100848.5,39.746576,0
164.0,100848.0,39.788362,0
165.0,100847.25,39.851042,0
166.0,100843.25,40.185343,0
167.0,100835.25,40.853977,0
168.0,100825.25,41.689829,0
169.0,100812.0,42.797437,0
170.0,100797.25,44.030573,0
171.0,100782.0,45.305664,0
172.0,100766.25,46.622726,0
173.0,100754.0,47.647222,0
174.0,100744.75,48.420888,0
175.0,100737.5,49.027315,0
176.0,100731.5,49.529213,0
177.0,100727.75,49.842911,0
178.0,100725.0,50.072962,0
179.0,100722.75,50.26119,0
180.0,100720.0,50.49125,0
181.0,100718.75,50.595825,0
182.0,100717.75,50.679486,0
183.0,100718.0,50.65857,0
184.0,100717.25,50.721316,0
185.0,100717.25,50.721316,0
186.0,100717.0,50.742231,0
187.0,100716.25,50.804978,0
188.0,100716.5,50.784062,0
189.0,100716.0,50.825893,0
190.0,100716.0,50.825893,0
191.0,100713.5,51.03505,0
192.0,100710.0,51.327877,0
193.0,100703.5,51.871721,0
194.0,100696.75,52.436512,0
195.0,100692.25,52.813056,0
196.0,100688.25,53.147773,0
197.0,100685.5,53.377898,0
198.0,100683.0,53.587106,0
199.0,100681.5,53.712633,0
200.0,100680.25,53.81724,0
201.0,100678.25,53.984614,0
202.0,100678.25,53.984614,0
203.0,100678.25,53.984614,0
204.0,100678.25,53.984614,0
205.0,100678.0,54.005535,0
206.0,100677.75,54.026457,0
207.0,100676.75,54.110145,0
208.0,100674.0,54.340291,0
209.0,100667.75,54.863369,0
210.0,100657.25,55.742198,0
211.0,100645.75,56.70481,0
212.0,100635.75,57.541937,0
213.0,100628.0,58.190756,0
214.0,100621.5,58.734959,0
215.0,100617.25,59.090799,0
216.0,100613.75,59.383852,0
217.0,100612.0,59.530382,0
218.0,100610.25,59.676915,0
219.0,100609.0,59.781582,0
220.0,100608.5,59.823449,0
221.0,100607.75,59.88625,0
222.0,100607.5,59.907183,0
223.0,100606.75,59.969985,0
224.0,100607.0,59.949051,0
225.0,100606.25,60.011853,0
226.0,100606.0,60.032787,0
227.0,100605.75,60.053721,0
228.0,100607.75,59.88625,0
229.0,100612.75,59.467584,0
230.0,100622.75,58.630302,0
231.0,100635.0,57.604724,0
232.0,100650.5,56.307199,0
233.0,100668.5,54.800598,0
234.0,100686.25,53.315136,0
235.0,100701.25,52.059981,0
236.0,100713.0,51.076882,0
237.0,100721.0,50.407591,0
238.0,100728.0,49.821997,0
239.0,100733.0,49.403736,0
240.0,100736.0,49.152787,0
241.0,100739.25,48.880933,0
242.0,100741.25,48.713642,0
243.0,100743.0,48.567264,0
244.0,100744.0,48.48362,0
245.0,100745.5,48.358156,0
246.0,100745.75,48.337246,0
247.0,100746.0,48.316335,0
248.0,100746.25,48.295425,0
249.0,100748.0,48.149053,0
250.0,100751.5,47.856315,0
251.0,100757.25,47.375407,0
252.0,100763.0,46.894521,0
253.0,100767.0,46.560005,0
254.0,100771.25,46.204593,0
255.0,100774.0,45.974627,0
256.0,100776.0,45.807382,0
257.0,100777.75,45.661046,0
258.0,100778.25,45.619235,0
259.0,100779.25,45.535616,0
260.0,100780.0,45.472901,0
261.0,100779.5,45.514711,0
262.0,100780.5,45.431092,0
263.0,100780.0,45.472901,0
264.0,100780.25,45.451996,0
265.0,100780.25,45.451996,0
266.0,100782.0,45.305664,0
267.0,100784.5,45.096622,0
268.0,100792.75,44.406814,0
269.0,100802.5,43.591644,0
270.0,100811.5,42.839236,0
271.0,100820.5,42.086883,0
272.0,100826.75,41.564447,0
273.0,100832.5,41.08383,0
274.0,100836.0,40.791291,0
275.0,100838.25,40.603234,0
276.0,100840.0,40.45697,0
277.0,100841.5,40.331603,0
278.0,100843.25,40.185343,0
279.0,100844.0,40.122661,0
280.0,100844.5,40.080873,0
281.0,100845.25,40.018191,0
282.0,100846.5,39.913723,0
283.0,100847.5,39.830149,0
284.0,100847.75,39.809256,0
285.0,100849.25,39.683896,0
286.0,100851.5,39.49586,0
287.0,100857.25,39.015338,0
288.0,100863.25,38.513947,0
289.0,100869.0,38.03347,0
290.0,100872.5,37.741017,0
291.0,100875.5,37.490349,0
292.0,100877.0,37.365018,0
293.0,100878.25,37.260576,0
294.0,100880.25,37.093471,0
295.0,100881.25,37.00992,0
296.0,100881.25,37.00992,0
297.0,100881.75,36.968144,0
298.0,100882.75,36.884594,0
299.0,100883.5,36.821931,0
300.0,100883.25,36.842819,0
301.0,100883.75,36.801044,0
302.0,100884.25,36.759269,0
303.0,100885.25,36.675721,0
304.0,100885.25,36.675721,0
305.0,100884.5,36.738382,0
306.0,100879.25,37.177023,0
307.0,100872.5,37.741017,0
308.0,100867.25,38.1797,0
309.0,100862.0,38.618401,0
310.0,100858.0,38.952662,0
311.0,100855.25,39.182473,0
312.0,100852.5,39.412289,0
313.0,100850.75,39.558538,0
314.0,100850.5,39.579431,0
315.0,100849.0,39.704789,0
316.0,100848.0,39.788362,0
317.0,100847.25,39.851042,0
318.0,100846.5,39.913723,0
319.0,100846.75,39.892829,0
320.0,100847.25,39.851042,0
321.0,100846.25,39.934617,0
322.0,100846.0,39.95551,0
323.0,100841.25,40.352498,0
324.0,100833.25,41.021142,0
325.0,100823.0,41.877905,0
326.0,100810.5,42.922834,0
327.0,100797.5,44.009672,0
328.0,100784.75,45.075718,0
329.0,100776.25,45.786477,0
330.0,100768.5,46.434564,0
331.0,100761.75,46.99906,0
332.0,100758.25,47.291773,0
333.0,100755.5,47.521768,0
334.0,100754.0,47.647222,0
335.0,100753.0,47.730859,0
336.0,100751.25,47.877225,0
337.0,100750.75,47.919044,0
338.0,100750.0,47.981773,0
339.0,100749.75,48.002683,0
340.0,100748.75,48.086323,0
341.0,100749.0,48.065413,0
342.0,100748.5,48.107233,0
343.0,100746.0,48.316335,0
344.0,100740.5,48.776376,0
345.0,100731.25,49.550126,0
346.0,100720.25,50.470336,0
347.0,100709.5,51.36971,0
348.0,100701.5,52.039063,0
349.0,100695.5,52.541106,0
350.0,100690.5,52.959493,0
351.0,100686.75,53.273295,0
352.0,100684.25,53.482501,0
353.0,100682.5,53.628948,0
354.0,100682.0,53.670791,0
355.0,100680.75,53.775397,0
356.0,100680.25,53.81724,0
357.0,100679.0,53.921848,0
358.0,100679.75,53.859083,0
359.0,100679.5,53.880005,0
360.0,100679.25,53.900927,0
361.0,100679.75,53.859083,0
362.0,100679.5,53.880005,0
363.0,100679.0,53.921848,0
364.0,100674.75,54.277524,0
365.0,100667.0,54.92614,0
366.0,100656.25,55.8259,0
367.0,100644.75,56.78852,0
368.0,100636.0,57.521008,0
369.0,100629.5,58.065175,0
370.0,100623.75,58.546578,0
371.0,100618.5,58.986138,0
372.0,100617.0,59.111731,0
373.0,100615.0,59.279189,0
374.0,100614.0,59.36292,0
375.0,100613.75,59.383852,0
376.0,100613.25,59.425718,0
377.0,100612.5,59.488517,0
378.0,100612.25,59.509449,0
379.0,100611.5,59.572249,0
380.0,100611.0,59.614115,0
381.0,100610.25,59.676915,0
382.0,100609.75,59.718781,0
383.0,100611.75,59.551315,0
384.0,100617.25,59.090799,0
385.0,100625.5,58.400061,0
386.0,100637.75,57.374506,0
387.0,100649.0,56.432758,0
388.0,100657.25,55.742198,0
389.0,100664.25,55.156303,0
390.0,100667.75,54.863369,0
391.0,100670.0,54.675058,0
392.0,100673.5,54.382136,0
393.0,100676.0,54.172912,0
394.0,100677.0,54.089223,0
395.0,100678.25,53.984614,0
396.0,100679.5,53.880005,0
397.0,100678.75,53.94277,0
398.0,100678.5,53.963692,0
399.0,100679.75,53.859083,0
400.0,100680.5,53.796319,0
401.0,100680.75,53.775397,0
402.0,100680.5,53.796319,0
403.0,100682.5,53.628948,0
404.0,100682.0,53.670791,0
405.0,100681.25,53.733554,0
406.0,100681.5,53.712633,0
407.0,100681.25,53.733554,0
408.0,100681.25,53.733554,0
409.0,100680.25,53.81724,0
410.0,100679.75,53.859083,0
411.0,100681.75,53.691712,0
412.0,100687.0,53.252374,0
413.0,100697.75,52.352837,0
414.0,100709.5,51.36971,0
415.0,100719.0,50.57491,0
416.0,100728.0,49.821997,0
417.0,100734.0,49.320086,0
418.0,100739.0,48.901845,0
419.0,100743.25,48.546353,0
420.0,100746.5,48.274514,0
421.0,100747.75,48.169963,0
422.0,100748.75,48.086323,0
423.0,100750.25,47.960864,0
424.0,100751.5,47.856315,0
425.0,100751.75,47.835406,0
426.0,100752.5,47.772678,0
427.0,100753.25,47.70995,0
428.0,100754.5,47.605404,0
429.0,100757.0,47.396316,0
430.0,100761.5,47.019967,0
431.0,100770.0,46.309125,0
432.0,100781.75,45.326569,0
433.0,100795.75,44.155985,0
434.0,100809.0,43.048233,0
435.0,100819.25,42.191373,0
436.0,100827.75,41.48086,0
437.0,100834.5,40.916663,0
438.0,100839.5,40.49876,0
439.0,100843.25,40.185343,0
440.0,100845.0,40.039085,0
441.0,100846.75,39.892829,0
442.0,100848.75,39.725682,0
443.0,100849.75,39.64211,0
444.0,100850.5,39.579431,0
445.0,100851.5,39.49586,0
446.0,100851.25,39.516752,0
447.0,100851.25,39.516752,0
448.0,100852.0,39.454074,0
449.0,100854.25,39.266042,0
450.0,100859.25,38.848205,0
451.0,100866.25,38.263261,0
452.0,100873.25,37.678349,0
453.0,100878.0,37.281464,0
454.0,100881.5,36.989032,0
455.0,100883.5,36.821931,0
456.0,100885.5,36.654834,0
457.0,100886.25,36.592173,0
458.0,100887.0,36.529512,0
459.0,100888.5,36.404192,0
460.0,100888.75,36.383306,0
461.0,100889.0,36.362419,0
462.0,100889.5,36.320646,0
463.0,100889.75,36.29976,0
464.0,100889.75,36.29976,0
465.0,100889.5,36.320646,0
466.0,100890.5,36.237101,0
467.0,100891.25,36.174443,0
468.0,100888.25,36.425079,0
469.0,100880.5,37.072583,0
470.0,100869.5,37.991691,0
471.0,100857.5,38.994446,0
472.0,100843.75,40.143555,0
473.0,100828.5,41.41817,0
474.0,100812.25,42.776538,0
475.0,100798.25,43.946966,0
476.0,100788.0,44.803971,0
477.0,100780.0,45.472901,0
478.0,100774.25,45.953721,0
479.0,100769.5,46.350938,0
480.0,100766.0,46.643633,0
481.0,100763.5,46.852706,0
482.0,100761.0,47.061783,0
483.0,100759.5,47.187232,0
484.0,100758.75,47.249956,0
485.0,100757.75,47.33359,0
486.0,100756.5,47.438133,0
487.0,100757.0,47.396316,0
488.0,100756.5,47.438133,0
489.0,100754.5,47.605404,0
490.0,100750.0,47.981773,0
491.0,100744.25,48.46271,0
492.0,100739.5,48.860021,0
493.0,100735.25,49.215524,0
494.0,100732.25,49.466474,0
495.0,100730.0,49.654691,0
496.0,100728.5,49.780171,0
497.0,100727.25,49.884738,0
498.0,100726.5,49.947479,0
499.0,100725.25,50.052048,0
500.0,100724.5,50.11479,0
501.0,100723.5,50.198447,0
502.0,100722.5,50.282104,0
503.0,100721.75,50.344848,0
504.0,100722.0,50.323933,0
505.0,100722.75,50.26119,0
506.0,100722.25,50.303019,0
507.0,100719.5,50.53308,0
508.0,100713.75,51.014134,0
509.0,100707.75,51.516128,0
510.0,100701.75,52.018145,0
511.0,100696.0,52.499268,0
512.0,100693.5,52.708459,0
513.0,100692.25,52.813056,0
514.0,100691.0,52.917654,0
515.0,100690.25,52.980413,0
516.0,100689.25,53.064093,0
517.0,100688.75,53.105933,0
518.0,100689.5,53.043173,0
519.0,100689.5,53.043173,0
520.0,100688.5,53.126853,0
521.0,100686.75,53.273295,0
522.0,100686.0,53.336056,0
523.0,100685.75,53.356977,0
524.0,100683.75,53.524343,0
525.0,100679.25,53.900927,0
526.0,100670.25,54.654134,0
527.0,100660.0,55.512021,0
528.0,100649.75,56.369978,0
529.0,100641.5,57.060581,0
530.0,100635.5,57.562866,0
531.0,100631.0,57.939595,0
532.0,100627.75,58.211687,0
533.0,100625.0,58.441923,0
534.0,100622.0,58.693096,0
535.0,100621.25,58.75589,0
536.0,100620.75,58.797753,0
537.0,100620.0,58.860548,0
538.0,100619.5,58.902411,0
539.0,100618.5,58.986138,0
540.0,100618.5,58.986138,0
541.0,100617.75,59.048934,0
542.0,100618.0,59.028002,0
543.0,100617.75,59.048934,0
544.0,100618.25,59.00707,0
545.0,100615.75,59.216392,0
546.0,100609.5,59.739715,0
547.0,100603.75,60.221195,0
548.0,100598.75,60.639891,0
549.0,100593.75,61.058604,0
550.0,100591.0,61.288904,0
551.0,100587.5,61.582019,0
552.0,100585.5,61.749518,0
553.0,100585.25,61.770455,0
554.0,100583.5,61.917019,0
555.0,100582.0,62.042647,0
556.0,100581.5,62.084523,0
557.0,100580.5,62.168276,0
558.0,100580.25,62.189214,0
559.0,100579.5,62.252029,0
560.0,100579.25,62.272968,0
561.0,100579.25,62.272968,0
562.0,100579.25,62.272968,0
563.0,100581.75,62.063585,0
564.0,100587.75,61.561082,0
565.0,100598.5,60.660826,0
566.0,100611.75,59.551315,0
567.0,100627.0,58.274478,0
568.0,100643.25,56.914085,0
569.0,100660.5,55.470171,0
570.0,100679.5,53.880005,0
571.0,100698.25,52.311,0
572.0,100718.75,50.595825,0
573.0,100739.25,48.880933,0
574.0,100759.25,47.20814,0
575.0,100780.25,45.451996,0
576.0,100799.5,43.842458,0
577.0,100819.0,42.212271,0
578.0,100837.25,40.686814,0
579.0,100853.0,39.370504,0
580.0,100864.25,38.430384,0
581.0,100873.75,37.636571,0
582.0,100879.75,37.135247,0
583.0,100884.75,36.717495,0
584.0,100888.75,36.383306,0
585.0,100890.75,36.216215,0
586.0,100893.5,35.98647,0
587.0,100895.0,35.861156,0
588.0,100896.5,35.735844,0
589.0,100898.0,35.610534,0
590.0,100898.25,35.589649,0
591.0,100898.25,35.589649,0
592.0,100898.25,35.589649,0
593.0,100899.0,35.526994,0
594.0,100899.5,35.485225,0
595.0,100900.0,35.443456,0
596.0,100900.0,35.443456,0
597.0,100896.5,35.735844,0
598.0,100888.0,36.445965,0
599.0,100877.5,37.323241,0
600.0,100865.75,38.305041,0
601.0,100851.25,39.516752,0
602.0,100838.75,40.561444,0
603.0,100829.0,41.376377,0
604.0,100820.75,42.065985,0
605.0,100814.5,42.588446,0
606.0,100810.5,42.922834,0
607.0,100807.5,43.173633,0
608.0,100805.0,43.382636,0
609.0,100802.5,43.591644,0
610.0,100801.75,43.654347,0
611.0,100801.0,43.71705,0
612.0,100800.5,43.758853,0
613.0,100799.75,43.821557,0
614.0,100799.75,43.821557,0
615.0,100800.25,43.779754,0
616.0,100800.0,43.800656,0
617.0,100800.0,43.800656,0
618.0,100796.25,44.114181,0
619.0,100787.75,44.824874,0
620.0,100777.5,45.681951,0
621.0,100764.25,46.789984,0
622.0,100750.0,47.981773,0
623.0,100736.75,49.090051,0
624.0,100725.75,50.01022,0
625.0,100717.75,50.679486,0
626.0,100711.5,51.202379,0
627.0,100706.75,51.599796,0
628.0,100703.25,51.892639,0
629.0,100701.0,52.080899,0
630.0,100698.75,52.269163,0
631.0,100696.5,52.45743,0
632.0,100695.25,52.562025,0
633.0,100695.0,52.582944,0
634.0,100693.5,52.708459,0
635.0,100693.25,52.729378,0
636.0,100693.75,52.68754,0
637.0,100693.75,52.68754,0
638.0,100694.25,52.645701,0
639.0,100693.5,52.708459,0
640.0,100689.25,53.064093,0
641.0,100679.75,53.859083,0
642.0,100669.75,54.695981,0
643.0,100658.5,55.637571,0
644.0,100649.25,56.411832,0
645.0,100642.25,56.997797,0
646.0,100637.5,57.395435,0
647.0,100633.25,57.751229,0
648.0,100629.75,58.044245,0
649.0,100627.75,58.211687,0
650.0,100627.0,58.274478,0
651.0,100624.75,58.462854,0
652.0,100624.0,58.525647,0
653.0,100622.5,58.651233,0
654.0,100622.75,58.630302,0
655.0,100623.0,58.609371,0
656.0,100622.5,58.651233,0
657.0,100622.75,58.630302,0
658.0,100619.75,58.881479,0
659.0,100614.75,59.300122,0
660.0,100608.75,59.802515,0
661.0,100603.5,60.242129,0
662.0,100600.0,60.535215,0
663.0,100597.5,60.744568,0
664.0,100596.0,60.870181,0
665.0,100594.75,60.97486,0
666.0,100593.5,61.07954,0
667.0,100592.5,61.163285,0
668.0,100591.75,61.226094,0
669.0,100591.75,61.226094,0
670.0,100590.5,61.330777,0
671.0,100588.75,61.477334,0
672.0,100589.0,61.456397,0
673.0,100588.25,61.519208,0
674.0,100587.75,61.561082,0
675.0,100588.25,61.519208,0
676.0,100589.0,61.456397,0
677.0,100595.0,60.953924,0
678.0,100603.5,60.242129,0
679.0,100615.75,59.216392,0
680.0,100631.25,57.918666,0
681.0,100645.5,56.725737,0
682.0,100658.0,55.679422,0
683.0,100667.75,54.863369,0
684.0,100675.0,54.256601,0
685.0,100680.25,53.81724,0
686.0,100684.0,53.503422,0
687.0,100686.5,53.294215,0
688.0,100689.5,53.043173,0
689.0,100690.75,52.938573,0
690.0,100691.5,52.875814,0
691.0,100692.75,52.771217,0
692.0,100693.5,52.708459,0
693.0,100694.75,52.603863,0
694.0,100695.5,52.541106,0
695.0,100696.5,52.45743,0
696.0,100699.5,52.206408,0
697.0,100706.5,51.620713,0
698.0,100718.75,50.595825,0
699.0,100732.25,49.466474,0
700.0,100746.25,48.295425,0
701.0,100763.25,46.873614,0
702.0,100780.5,45.431092,0
703.0,100798.75,43.905163,0
704.0,100817.25,42.35856,0
705.0,100834.75,40.895768,0
706.0,100852.0,39.454074,0
707.0,100865.25,38.346822,0
708.0,100875.5,37.490349,0
709.0,100883.25,36.842819,0
710.0,100889.25,36.341533,0
711.0,100893.25,36.007355,0
712.0,100896.5,35.735844,0
713.0,100898.0,35.610534,0
714.0,100899.75,35.46434,0
715.0,100901.0,35.359917,0
716.0,100902.0,35.27638,0
717.0,100903.5,35.151075,0
718.0,100903.0,35.192843,0
719.0,100903.5,35.151075,0
720.0,100905.0,35.025772,0
721.0,100905.5,34.984004,0
722.0,100905.5,34.984004,0
723.0,100905.0,35.025772,0
724.0,100899.5,35.485225,0
725.0,100890.5,36.237101,0
726.0,100879.0,37.197911,0
727.0,100865.75,38.305041,0
728.0,100851.25,39.516752,0
729.0,100835.75,40.812186,0
730.0,100820.5,42.086883,0
731.0,100808.5,43.090033,0
732.0,100798.75,43.905163,0
733.0,100790.5,44.594939,0
734.0,100785.25,45.033911,0
735.0,100781.5,45.347473,0
736.0,100779.25,45.535616,0
737.0,100776.5,45.765572,0
738.0,100775.0,45.891005,0
739.0,100773.5,46.016439,0
740.0,100771.25,46.204593,0
741.0,100770.75,46.246406,0
742.0,100770.25,46.288218,0
743.0,100770.5,46.267312,0
744.0,100769.75,46.330031,0
745.0,100767.25,46.539098,0
746.0,100760.5,47.103599,0
747.0,100750.75,47.919044,0
748.0,100738.5,48.943668,0
749.0,100723.5,50.198447,0
750.0,100712.0909,51.152941,1
751.0,100700.6818,52.107522,1
752.0,100689.2727,53.062191,1
753.0,100677.8636,54.016947,1
754.0,100666.4545,54.971792,1
755.0,100655.0455,55.926723,1
756.0,100643.6364,56.881743,1
757.0,100632.2273,57.83685,1
758.0,100620.8182,58.792044,1
759.0,100609.4091,59.747327,1
760.0,100598.0,60.702697,0
761.0,100595.5,60.912053,0
762.0,100593.75,61.058604,0
763.0,100592.5,61.163285,0
764.0,100592.25,61.184222,0
765.0,100592.25,61.184222,0
766.0,100591.5,61.247031,0
767.0,100590.5,61.330777,0
768.0,100590.25,61.351714,0
769.0,100590.5,61.330777,0
770.0,100591.25,61.267967,0
771.0,100596.75,60.807374,0
772.0,100602.5,60.325867,0
773.0,100608.5,59.823449,0
774.0,100613.0,59.446651,0
775.0,100617.0,59.111731,0
776.0,100619.25,58.923343,0
777.0,100621.0,58.776821,0
778.0,100623.0,58.609371,0
779.0,100624.75,58.462854,0
780.0,100624.75,58.462854,0
781.0,100624.5,58.483785,0
782.0,100624.5,58.483785,0
783.0,100625.75,58.379131,0
784.0,100626.75,58.295408,0
785.0,100627.25,58.253547,0
786.0,100627.75,58.211687,0
787.0,100628.5,58.148896,0
788.0,100631.75,57.876806,0
789.0,100638.75,57.290792,0
790.0,100652.0,56.18164,0
791.0,100662.75,55.281849,0
792.0,100672.25,54.48675,0
793.0,100679.25,53.900927,0
794.0,100685.0,53.419739,0
795.0,100689.5,53.043173,0
796.0,100692.5,52.792136,0
797.0,100694.75,52.603863,0
798.0,100697.0,52.415593,0
799.0,100698.75,52.269163,0
800.0,100699.75,52.18549,0
801.0,100699.75,52.18549,0
802.0,100699.75,52.18549,0
803.0,100699.0,52.248245,0
804.0,100699.5,52.206408,0
805.0,100700.5,52.122735,0
806.0,100704.0,51.829886,0
807.0,100712.25,51.13963,0
808.0,100723.5,50.198447,0
809.0,100739.25,48.880933,0
810.0,100754.5,47.605404,0
811.0,100766.5,46.601819,0
812.0,100776.25,45.786477,0
813.0,100783.5,45.180239,0
814.0,100789.75,44.657648,0
815.0,100794.0,44.302301,0
816.0,100797.0,44.051475,0
817.0,100800.0,43.800656,0
818.0,100802.25,43.612545,0
819.0,100804.25,43.445338,0
820.0,100805.75,43.319935,0
821.0,100805.75,43.319935,0
822.0,100807.25,43.194533,0
823.0,100807.5,43.173633,0
824.0,100807.25,43.194533,0
825.0,100808.25,43.110933,0
826.0,100808.0,43.131833,0
827.0,100808.0,43.131833,0
828.0,100808.5,43.090033,0
829.0,100809.25,43.027333,0
830.0,100813.5,42.672042,0
831.0,100821.5,42.003291,0
832.0,100833.0,41.042038,0
833.0,100847.0,39.871936,0
834.0,100860.75,38.722857,0
835.0,100873.5,37.65746,0
836.0,100883.75,36.801044,0
837.0,100890.5,36.237101,0
838.0,100896.25,35.75673,0
839.0,100899.75,35.46434,0
840.0,100902.25,35.255496,0
841.0,100903.25,35.171959,0
842.0,100905.25,35.004888,0
843.0,100906.75,34.879586,0
844.0,100908.0,34.775169,0
845.0,100908.75,34.71252,0
846.0,100910.0,34.608104,0
847.0,100909.5,34.64987,0
848.0,100910.25,34.587222,0
849.0,100910.5,34.566339,0
850.0,100910.25,34.587222,0
851.0,100910.75,34.545456,0
852.0,100911.5,34.482808,0
853.0,100909.75,34.628987,0
854.0,100902.75,35.213727,0
855.0,100893.5,35.98647,0
856.0,100882.25,36.926369,0
857.0,100873.25,37.678349,0
858.0,100864.75,38.388603,0
859.0,100858.25,38.931771,0
860.0,100853.25,39.349611,0
861.0,100849.25,39.683896,0
862.0,100846.0,39.95551,0
863.0,100844.5,40.080873,0
864.0,100843.5,40.164449,0
865.0,100843.0,40.206237,0
866.0,100842.5,40.248026,0
867.0,100841.5,40.331603,0
868.0,100841.5,40.331603,0
869.0,100841.5,40.331603,0
870.0,100840.75,40.394287,0
871.0,100841.0,40.373392,0
872.0,100840.75,40.394287,0
873.0,100839.5,40.49876,0
874.0,100832.25,41.104725,0
875.0,100822.0,41.961496,0
876.0,100810.75,42.901935,0
877.0,100797.25,44.030573,0
878.0,100782.5,45.263856,0
879.0,100766.5,46.601819,0
880.0,100751.0,47.898135,0
881.0,100737.5,49.027315,0
882.0,100728.25,49.801084,0
883.0,100720.5,50.449421,0
884.0,100715.75,50.846809,0
885.0,100712.25,51.13963,0
886.0,100709.25,51.390627,0
887.0,100706.5,51.620713,0
888.0,100705.5,51.704381,0
889.0,100704.0,51.829886,0
890.0,100703.5,51.871721,0
891.0,100703.25,51.892639,0
892.0,100703.25,51.892639,0
893.0,100702.75,51.934474,0
894.0,100702.75,51.934474,0
895.0,100702.0,51.997227,0
896.0,100699.0,52.248245,0
897.0,100693.75,52.68754,0
898.0,100686.5,53.294215,0
899.0,100680.5,53.796319,0
900.0,100675.5,54.214757,0
901.0,100671.25,54.570442,0
902.0,100668.75,54.779674,0
903.0,100668.0,54.842445,0
904.0,100668.0,54.842445,0
905.0,100667.5,54.884292,0
906.0,100666.5,54.967987,0
907.0,100666.0,55.009835,0
908.0,100665.75,55.030759,0
909.0,100666.5,54.967987,0
910.0,100665.25,55.072607,0
911.0,100664.0,55.177228,0
912.0,100663.0,55.260925,0
913.0,100656.75,55.784049,0
914.0,100649.0,56.432758,0
915.0,100638.5,57.31172,0
916.0,100629.0,58.107035,0
917.0,100620.5,58.818685,0
918.0,100614.5,59.321054,0
919.0,100609.25,59.760648,0
920.0,100605.25,60.095589,0
921.0,100602.5,60.325867,0
922.0,100601.0,60.451476,0
923.0,100599.5,60.577085,0
924.0,100598.75,60.639891,0
925.0,100598.75,60.639891,0
926.0,100598.0,60.702697,0
927.0,100597.75,60.723632,0
928.0,100598.0,60.702697,0
929.0,100597.25,60.765503,0
930.0,100597.5,60.744568,0
931.0,100597.25,60.765503,0
932.0,100602.5,60.325867,0
933.0,100612.75,59.467584,0
934.0,100625.5,58.400061,0
935.0,100641.0,57.102437,0
936.0,100657.75,55.700347,0
937.0,100675.0,54.256601,0
938.0,100693.75,52.68754,0
939.0,100712.5,51.118714,0
940.0,100731.0,49.571039,0
941.0,100750.5,47.939954,0
942.0,100771.0,46.225499,0
943.0,100790.0,44.636745,0
944.0,100808.5,43.090033,0
945.0,100828.25,41.439066,0
946.0,100847.5,39.830149,0
947.0,100864.0,38.451275,0
948.0,100877.25,37.344129,0
949.0,100886.25,36.592173,0
950.0,100892.25,36.090899,0
951.0,100896.25,35.75673,0
952.0,100900.5,35.401686,0
953.0,100903.75,35.130191,0
954.0,100905.75,34.96312,0
955.0,100906.5,34.90047,0
956.0,100907.75,34.796053,0
957.0,100909.75,34.628987,0
958.0,100910.0,34.608104,0
959.0,100912.0,34.441042,0
960.0,100912.0,34.441042,0
961.0,100911.5,34.482808,0
962.0,100908.5,34.733403,0
963.0,100900.75,35.380802,0
964.0,100891.25,36.174443,0
965.0,100880.75,37.051695,0
966.0,100871.0,37.866353,0
967.0,100863.25,38.513947,0
968.0,100857.75,38.973554,0
969.0,100854.5,39.24515,0
970.0,100851.5,39.49586,0
971.0,100848.25,39.767469,0
972.0,100846.75,39.892829,0
973.0,100846.75,39.892829,0
974.0,100845.25,40.018191,0
975.0,100845.0,40.039085,0
976.0,100844.0,40.122661,0
977.0,100844.0,40.122661,0
978.0,100843.5,40.164449,0
979.0,100842.75,40.227131,0
980.0,100840.25,40.436076,0
981.0,100833.25,41.021142,0
982.0,100824.0,41.794316,0
983.0,100812.25,42.776538,0
984.0,100799.25,43.86336,0
985.0,100785.25,45.033911,0
986.0,100770.25,46.288218,0
987.0,100753.5,47.68904,0
988.0,100736.0,49.152787,0
989.0,100718.0,50.65857,0
990.0,100699.75,52.18549,0
991.0,100679.5,53.880005,0
992.0,100661.25,55.407397,0
993.0,100646.5,56.642028,0
994.0,100634.0,57.688441,0
995.0,100625.75,58.379131,0
996.0,100619.25,58.923343,0
997.0,100614.5,59.321054,0
998.0,100610.75,59.635048,0
999.0,100608.0,59.865316,0
1000.0,100605.75,60.053721,0
1001.0,100603.75,60.221195,0
1002.0,100603.0,60.283998,0
1003.0,100602.0,60.367736,0
1004.0,100601.75,60.388671,0
1005.0,100601.25,60.430541,0
1006.0,100600.75,60.47241,0
1007.0,100600.75,60.47241,0
1008.0,100600.75,60.47241,0
1009.0,100602.25,60.346802,0
1010.0,100609.0,59.781582,0
1011.0,100619.0,58.944275,0
1012.0,100633.0,57.772158,0
1013.0,100648.75,56.453685,0
1014.0,100662.5,55.302774,0
1015.0,100673.25,54.403059,0
1016.0,100681.5,53.712633,0
1017.0,100687.75,53.189614,0
1018.0,100693.25,52.729378,0
1019.0,100697.25,52.394674,0
1020.0,100700.5,52.122735,0
1021.0,100701.75,52.018145,0
1022.0,100703.25,51.892639,0
1023.0,100704.75,51.767133,0
1024.0,100705.0,51.746216,0
1025.0,100707.0,51.578879,0
1026.0,100707.75,51.516128,0
1027.0,100708.25,51.474294,0
1028.0,100708.5,51.453377,0
1029.0,100708.5,51.453377,0
1030.0,100707.75,51.516128,0
1031.0,100706.75,51.599796,0
1032.0,100707.5,51.537045,0
1033.0,100707.75,51.516128,0
1034.0,100710.0,51.327877,0
1035.0,100716.75,50.763147,0
1036.0,100727.5,49.863824,0
1037.0,100739.25,48.880933,0
1038.0,100753.25,47.70995,0
1039.0,100769.25,46.371844,0
1040.0,100785.5,45.013007,0
1041.0,100801.75,43.654347,0
1042.0,100820.25,42.107781,0
1043.0,100839.25,40.519655,0
1044.0,100857.25,39.015338,0
1045.0,100871.5,37.824574,0
1046.0,100882.75,36.884594,0
1047.0,100890.75,36.216215,0
1048.0,100897.0,35.694074,0
1049.0,100901.25,35.339033,0
1050.0,100904.5,35.067539,0
1051.0,100906.75,34.879586,0
1052.0,100908.25,34.754286,0
1053.0,100909.25,34.670753,0
1054.0,100911.25,34.50369,0
1055.0,100913.0,34.357512,0
1056.0,100913.0,34.357512,0
1057.0,100913.75,34.294865,0
1058.0,100914.5,34.232218,0
1059.0,100915.0,34.190454,0
1060.0,100914.75,34.211336,0
1061.0,100914.25,34.253101,0
1062.0,100914.75,34.211336,0
1063.0,100915.0,34.190454,0
1064.0,100915.5,34.14869,0
1065.0,100916.25,34.086044,0
1066.0,100916.25,34.086044,0
1067.0,100916.0,34.106926,0
1068.0,100913.75,34.294865,0
1069.0,100907.0,34.858703,0
1070.0,100898.25,35.589649,0
1071.0,100886.5,36.571286,0
1072.0,100872.25,37.761906,0
1073.0,100859.25,38.848205,0
1074.0,100848.0,39.788362,0
1075.0,100839.0,40.540549,0
1076.0,100832.0,41.125621,0
1077.0,100827.5,41.501757,0
1078.0,100824.25,41.773418,0
1079.0,100821.25,42.024189,0
1080.0,100819.0,42.212271,0
1081.0,100816.25,42.442154,0
1082.0,100814.75,42.567547,0
1083.0,100814.5,42.588446,0
1084.0,100814.0,42.630244,0
1085.0,100813.5,42.672042,0
1086.0,100812.5,42.755639,0
1087.0,100811.75,42.818337,0
1088.0,100809.25,43.027333,0
1089.0,100804.0,43.466239,0
1090.0,100796.0,44.135083,0
1091.0,100785.25,45.033911,0
1092.0,100775.25,45.870099,0
1093.0,100767.0,46.560005,0
1094.0,100760.25,47.124507,0
1095.0,100756.0,47.47995,0
1096.0,100753.25,47.70995,0
1097.0,100750.5,47.939954,0
1098.0,100748.75,48.086323,0
1099.0,100747.75,48.169963,0
1100.0,100746.25,48.295425,0
1101.0,100744.25,48.46271,0
1102.0,100745.0,48.399977,0
1103.0,100744.5,48.441799,0
1104.0,100744.25,48.46271,0
1105.0,100744.25,48.46271,0
1106.0,100743.75,48.504531,0
1107.0,100740.25,48.797287,0
1108.0,100735.0,49.236436,0
1109.0,100729.75,49.675604,0
1110.0,100724.75,50.093876,0
1111.0,100720.75,50.428506,0
1112.0,100718.25,50.637655,0
1113.0,100717.0,50.742231,0
1114.0,100715.25,50.88864,0
1115.0,100714.5,50.951387,0
1116.0,100713.5,51.03505,0
1117.0,100712.75,51.097798,0
1118.0,100712.75,51.097798,0
1119.0,100712.25,51.13963,0
1120.0,100712.0,51.160547,0
1121.0,100710.25,51.306961,0
1122.0,100710.5,51.286044,0
1123.0,100709.75,51.348794,0
1124.0,100710.0,51.327877,0
1125.0,100710.0,51.327877,0
1126.0,100709.0,51.411544,0
1127.0,100708.75,51.43246,0
1128.0,100704.75,51.767133,0
1129.0,100698.0,52.331918,0
1130.0,100691.5,52.875814,0
1131.0,100685.75,53.356977,0
1132.0,100682.5,53.628948,0
1133.0,100680.5,53.796319,0
1134.0,100678.5,53.963692,0
1135.0,100677.75,54.026457,0
1136.0,100677.25,54.068301,0
1137.0,100675.75,54.193834,0
1138.0,100675.25,54.235679,0
1139.0,100675.5,54.214757,0
1140.0,100672.5227,54.463925,1
1141.0,100669.5455,54.7131,1
1142.0,100666.5682,54.962281,1
1143.0,100663.5909,55.211467,1
1144.0,100660.6136,55.46066,1
1145.0,100657.6364,55.709859,1
1146.0,100654.6591,55.959063,1
1147.0,100651.6818,56.208274,1
1148.0,100648.7045,56.45749,1
1149.0,100645.7273,56.706713,1
1150.0,100642.75,56.955941,0
1151.0,100641.5,57.060581,0
1152.0,100640.5,57.144293,0
1153.0,100639.0,57.269863,0
1154.0,100638.5,57.31172,0
1155.0,100638.5,57.31172,0
1156.0,100638.0,57.353577,0
1157.0,100637.75,57.374506,0
1158.0,100637.25,57.416363,0
1159.0,100637.0,57.437292,0
1160.0,100635.0,57.604724,0
1161.0,100629.75,58.044245,0
1162.0,100623.25,58.58844,0
1163.0,100617.0,59.111731,0
1164.0,100612.0,59.530382,0
1165.0,100609.0,59.781582,0
1166.0,100607.25,59.928117,0
1167.0,100605.75,60.053721,0
1168.0,100604.25,60.179326,0
1169.0,100604.0,60.20026,0
1170.0,100603.25,60.263064,0
1171.0,100602.0,60.367736,0
1172.0,100601.75,60.388671,0
1173.0,100602.5,60.325867,0
1174.0,100602.25,60.346802,0
1175.0,100602.0,60.367736,0
1176.0,100603.0,60.283998,0
1177.0,100604.0,60.20026,0
1178.0,100608.0,59.865316,0
1179.0,100616.25,59.174527,0
1180.0,100626.5,58.316339,0
1181.0,100640.5,57.144293,0
1182.0,100657.0,55.763123,0
1183.0,100675.75,54.193834,0
1184.0,100692.5,52.792136,0
1185.0,100704.5,51.788051,0
1186.0,100715.0,50.909556,0
1187.0,100722.25,50.303019,0
1188.0,100728.25,49.801084,0
1189.0,100733.0,49.403736,0
1190.0,100736.25,49.131875,0
1191.0,100738.5,48.943668,0
1192.0,100740.0,48.818198,0
1193.0,100741.5,48.69273,0
1194.0,100743.0,48.567264,0
1195.0,100744.0,48.48362,0
1196.0,100744.75,48.420888,0
1197.0,100744.75,48.420888,0
1198.0,100745.75,48.337246,0
1199.0,100749.0,48.065413,0
1200.0,100754.75,47.584495,0
1201.0,100764.0,46.810891,0
1202.0,100777.25,45.702856,0
1203.0,100791.75,44.490424,0
1204.0,100807.5,43.173633,0
1205.0,100824.75,41.731624,0
1206.0,100843.25,40.185343,0
1207.0,100860.5,38.743748,0
1208.0,100875.5,37.490349,0
1209.0,100886.5,36.571286,0
1210.0,100894.5,35.902927,0
1211.0,100899.5,35.485225,0
1212.0,100904.0,35.109307,0
1213.0,100908.0,34.775169,0
1214.0,100911.25,34.50369,0
1215.0,100913.25,34.33663,0
1216.0,100914.75,34.211336,0
1217.0,100915.75,34.127808,0
1218.0,100916.75,34.04428,0
1219.0,100916.0,34.106926,0
1220.0,100916.75,34.04428,0
1221.0,100916.5,34.065162,0
1222.0,100916.0,34.106926,0
1223.0,100916.75,34.04428,0
1224.0,100918.0,33.939872,0
1225.0,100918.5,33.898109,0
1226.0,100916.75,34.04428,0
1227.0,100910.75,34.545456,0
1228.0,100900.75,35.380802,0
1229.0,100889.5,36.320646,0
1230.0,100875.75,37.46946,0
1231.0,100862.5,38.576619,0
1232.0,100851.5,39.49586,0
1233.0,100842.5,40.248026,0
1234.0,100835.75,40.812186,0
1235.0,100829.5,41.334584,0
1236.0,100825.5,41.668932,0
1237.0,100822.25,41.940598,0
1238.0,100819.5,42.170475,0
1239.0,100819.0,42.212271,0
1240.0,100818.5,42.254068,0
1241.0,100817.5,42.337661,0
1242.0,100816.5,42.421255,0
1243.0,100815.0,42.546648,0
1244.0,100815.0,42.546648,0
1245.0,100815.5,42.50485,0
1246.0,100813.25,42.692941,0
1247.0,100807.75,43.152733,0
1248.0,100798.5,43.926065,0
1249.0,100786.25,44.950296,0
1250.0,100772.75,46.079156,0
1251.0,100759.0,47.229048,0
1252.0,100748.25,48.128143,0
1253.0,100740.5,48.776376,0
1254.0,100733.5,49.361911,0
1255.0,100728.75,49.759257,0
1256.0,100725.25,50.052048,0
1257.0,100722.25,50.303019,0
1258.0,100720.5,50.449421,0
1259.0,100719.25,50.553995,0
1260.0,100716.75,50.763147,0
1261.0,100716.5,50.784062,0
1262.0,100716.5,50.784062,0
1263.0,100716.25,50.804978,0
1264.0,100715.25,50.88864,0
1265.0,100714.75,50.930471,0
1266.0,100714.25,50.972303,0
1267.0,100713.75,51.014134,0
1268.0,100712.25,51.13963,0
1269.0,100706.75,51.599796,0
1270.0,100697.5,52.373756,0
1271.0,100686.0,53.336056,0
1272.0,100675.25,54.235679,0
1273.0,100666.5,54.967987,0
1274.0,100658.75,55.616646,0
1275.0,100653.75,56.035157,0
1276.0,100650.5,56.307199,0
1277.0,100647.25,56.579247,0
1278.0,100645.5,56.725737,0
1279.0,100644.75,56.78852,0
1280.0,100644.0,56.851302,0
1281.0,100643.25,56.914085,0
1282.0,100642.5,56.976869,0
1283.0,100642.75,56.955941,0
1284.0,100644.0,56.851302,0
1285.0,100644.25,56.830375,0
1286.0,100644.25,56.830375,0
1287.0,100644.75,56.78852,0
1288.0,100645.0,56.767592,0
1289.0,100644.75,56.78852,0
1290.0,100644.0,56.851302,0
1291.0,100641.75,57.039653,0
1292.0,100642.0,57.018725,0
1293.0,100642.25,56.997797,0
1294.0,100642.75,56.955941,0
1295.0,100644.5,56.809447,0
1296.0,100650.25,56.328125,0
1297.0,100659.0,55.595721,0
1298.0,100671.25,54.570442,0
1299.0,100685.75,53.356977,0
1300.0,100700.25,52.143653,0
1301.0,100711.75,51.181463,0
1302.0,100721.0,50.407591,0
1303.0,100728.25,49.801084,0
1304.0,100734.5,49.278261,0
1305.0,100738.5,48.943668,0
1306.0,100741.25,48.713642,0
1307.0,100743.75,48.504531,0
1308.0,100745.25,48.379067,0
1309.0,100746.75,48.253604,0
1310.0,100747.25,48.211784,0
1311.0,100748.25,48.128143,0
1312.0,100748.75,48.086323,0
1313.0,100748.25,48.128143,0
1314.0,100748.0,48.149053,0
1315.0,100747.25,48.211784,0
1316.0,100743.0,48.567264,0
1317.0,100736.25,49.131875,0
1318.0,100725.5,50.031134,0
1319.0,100712.0,51.160547,0
1320.0,100696.5,52.45743,0
1321.0,100682.75,53.608027,0
1322.0,100670.5,54.633211,0
1323.0,100664.5,55.135379,0
1324.0,100659.25,55.574796,0
1325.0,100656.0,55.846825,0
1326.0,100653.0,56.097935,0
1327.0,100650.0,56.349052,0
1328.0,100648.25,56.495539,0
1329.0,100647.25,56.579247,0
1330.0,100646.75,56.621101,0
1331.0,100644.75,56.78852,0
1332.0,100644.25,56.830375,0
1333.0,100644.25,56.830375,0
1334.0,100644.75,56.78852,0
1335.0,100645.5,56.725737,0
1336.0,100647.75,56.537393,0
1337.0,100654.5,55.97238,0
1338.0,100665.75,55.030759,0
1339.0,100677.5,54.047379,0
1340.0,100687.25,53.231454,0
1341.0,100693.5,52.708459,0
1342.0,100699.5,52.206408,0
1343.0,100704.75,51.767133,0
1344.0,100708.5,51.453377,0
1345.0,100710.75,51.265128,0
1346.0,100712.5,51.118714,0
1347.0,100713.25,51.055966,0
1348.0,100715.0,50.909556,0
1349.0,100716.5,50.784062,0
1350.0,100716.75,50.763147,0
1351.0,100717.5,50.700401,0
1352.0,100719.5,50.53308,0
1353.0,100725.25,50.052048,0
1354.0,100735.0,49.236436,0
1355.0,100747.75,48.169963,0
1356.0,100761.25,47.040875,0
1357.0,100775.75,45.828288,0
1358.0,100786.5,44.929392,0
1359.0,100794.5,44.260496,0
1360.0,100800.5,43.758853,0
1361.0,100806.0,43.299034,0
1362.0,100811.0,42.881035,0
1363.0,100814.5,42.588446,0
1364.0,100816.5,42.421255,0
1365.0,100818.75,42.233169,0
1366.0,100819.0,42.212271,0
1367.0,100820.0,42.128679,0
1368.0,100820.75,42.065985,0
1369.0,100821.0,42.045087,0
1370.0,100820.75,42.065985,0
1371.0,100820.25,42.107781,0
1372.0,100822.25,41.940598,0
1373.0,100824.75,41.731624,0
1374.0,100830.25,41.271895,0
1375.0,100839.75,40.477865,0
1376.0,100853.0,39.370504,0
1377.0,100867.5,38.15881,0
1378.0,100881.5,36.989032,0
1379.0,100891.25,36.174443,0
1380.0,100900.75,35.380802,0
1381.0,100906.5,34.90047,0
1382.0,100911.5,34.482808,0
1383.0,100915.0,34.190454,0
1384.0,100917.25,34.002517,0
1385.0,100918.5,33.898109,0
1386.0,100920.75,33.710177,0
1387.0,100921.25,33.668415,0
1388.0,100922.75,33.543129,0
1389.0,100924.75,33.376084,0
1390.0,100925.0,33.355204,0
1391.0,100925.5,33.313443,0
1392.0,100926.0,33.271682,0
1393.0,100926.5,33.229922,0
1394.0,100927.0,33.188161,0
1395.0,100928.0,33.104641,0
1396.0,100927.75,33.125521,0
1397.0,100926.75,33.209042,0
1398.0,100921.5,33.647534,0
1399.0,100913.25,34.33663,0
1400.0,100901.75,35.297264,0
1401.0,100888.5,36.404192,0
1402.0,100874.5,37.573904,0
1403.0,100863.75,38.472165,0
1404.0,100853.5,39.328719,0
1405.0,100846.25,39.934617,0
1406.0,100840.25,40.436076,0
1407.0,100835.5,40.833081,0
1408.0,100833.0,41.042038,0
1409.0,100830.5,41.250998,0
1410.0,100828.75,41.397273,0
1411.0,100826.75,41.564447,0
1412.0,100826.75,41.564447,0
1413.0,100826.5,41.585344,0
1414.0,100825.75,41.648035,0
1415.0,100825.25,41.689829,0
1416.0,100825.25,41.689829,0
1417.0,100824.75,41.731624,0
1418.0,100824.5,41.752521,0
1419.0,100819.5,42.170475,0
1420.0,100811.75,42.818337,0
1421.0,100799.75,43.821557,0
1422.0,100787.25,44.866681,0
1423.0,100773.0,46.058251,0
1424.0,100761.0,47.061783,0
1425.0,100751.0,47.898135,0
1426.0,100744.0,48.48362,0
1427.0,100737.25,49.048227,0
1428.0,100732.75,49.424649,0
1429.0,100729.5,49.696517,0
1430.0,100726.5,49.947479,0
1431.0,100724.75,50.093876,0
1432.0,100724.25,50.135704,0
1433.0,100723.25,50.219361,0
1434.0,100723.25,50.219361,0
1435.0,100723.0,50.240276,0
1436.0,100722.25,50.303019,0
1437.0,100722.5,50.282104,0
1438.0,100721.5,50.365762,0
1439.0,100715.75,50.846809,0
1440.0,100706.5,51.620713,0
1441.0,100694.75,52.603863,0
1442.0,100683.25,53.566185,0
1443.0,100675.75,54.193834,0
1444.0,100669.0,54.758751,0
1445.0,100663.75,55.198152,0
1446.0,100660.5,55.470171,0
1447.0,100657.5,55.721272,0
1448.0,100655.5,55.888676,0
1449.0,100654.5,55.97238,0
1450.0,100653.0,56.097935,0
1451.0,100650.75,56.286272,0
1452.0,100649.25,56.411832,0
1453.0,100649.75,56.369978,0
1454.0,100649.25,56.411832,0
1455.0,100648.75,56.453685,0
1456.0,100650.0,56.349052,0
1457.0,100651.5,56.223493,0
1458.0,100657.25,55.742198,0
1459.0,100666.0,55.009835,0
1460.0,100678.25,53.984614,0
1461.0,100692.0,52.833975,0
1462.0,100708.0,51.495211,0
1463.0,100725.5,50.031134,0
1464.0,100743.0,48.567264,0
1465.0,100761.25,47.040875,0
1466.0,100780.0,45.472901,0
1467.0,100799.0,43.884262,0
1468.0,100818.25,42.274966,0
1469.0,100837.5,40.665919,0
1470.0,100855.75,39.140689,0
1471.0,100872.5,37.741017,0
1472.0,100885.5,36.654834,0
1473.0,100895.5,35.819385,0
1474.0,100904.0,35.109307,0
1475.0,100908.75,34.71252,0
1476.0,100913.5,34.315747,0
1477.0,100916.75,34.04428,0
1478.0,100919.0,33.856346,0
1479.0,100920.75,33.710177,0
1480.0,100921.5,33.647534,0
1481.0,100921.0,33.689296,0
1482.0,100921.75,33.626653,0
1483.0,100922.25,33.584891,0
1484.0,100924.0,33.438726,0
1485.0,100924.0,33.438726,0
1486.0,100923.25,33.501368,0
1487.0,100917.25,34.002517,0
1488.0,100908.5,34.733403,0
1489.0,100897.75,35.631419,0
1490.0,100887.75,36.466852,0
1491.0,100880.25,37.093471,0
1492.0,100874.5,37.573904,0
1493.0,100868.5,38.07525,0
1494.0,100865.25,38.346822,0
1495.0,100863.0,38.534838,0
1496.0,100860.5,38.743748,0
1497.0,100859.25,38.848205,0
1498.0,100858.0,38.952662,0
1499.0,100856.75,39.057121,0
1500.0,100856.0,39.119797,0
1501.0,100855.25,39.182473,0
1502.0,100854.5,39.24515,0
1503.0,100853.5,39.328719,0
1504.0,100852.75,39.391396,0
1505.0,100848.75,39.725682,0
1506.0,100843.25,40.185343,0
1507.0,100837.25,40.686814,0
1508.0,100833.0,41.042038,0
1509.0,100830.5,41.250998,0
1510.0,100827.5,41.501757,0
1511.0,100824.75,41.731624,0
1512.0,100824.5,41.752521,0
1513.0,100823.5,41.83611,0
1514.0,100822.5,41.9197,0
1515.0,100821.75,41.982394,0
1516.0,100821.0,42.045087,0
1517.0,100820.25,42.107781,0
1518.0,100820.0,42.128679,0
1519.0,100819.75,42.149577,0
1520.0,100820.0,42.128679,0
1521.0,100819.5,42.170475,0
1522.0,100821.5,42.003291,0
1523.0,100825.0,41.710726,0
1524.0,100832.25,41.104725,0
1525.0,100843.75,40.143555,0
1526.0,100856.5,39.078013,0
1527.0,100870.75,37.887242,0
1528.0,100884.75,36.717495,0
1529.0,100896.0,35.777615,0
1530.0,100903.5,35.151075,0
1531.0,100908.75,34.71252,0
1532.0,100912.75,34.378395,0
1533.0,100916.25,34.086044,0
1534.0,100918.75,33.877227,0
1535.0,100920.25,33.751939,0
1536.0,100922.5,33.56401,0
1537.0,100923.75,33.459606,0
1538.0,100925.75,33.292562,0
1539.0,100925.25,33.334323,0
1540.0,100924.75,33.376084,0
1541.0,100924.25,33.417845,0
1542.0,100923.75,33.459606,0
1543.0,100924.25,33.417845,0
1544.0,100923.5,33.480487,0
1545.0,100923.25,33.501368,0
1546.0,100923.25,33.501368,0
1547.0,100924.25,33.417845,0
1548.0,100925.0,33.355204,0
1549.0,100924.5,33.396964,0
1550.0,100912.4318,34.404972,1
1551.0,100900.3636,35.413078,1
1552.0,100888.2955,36.421281,1
1553.0,100876.2273,37.429582,1
1554.0,100864.1591,38.437981,1
1555.0,100852.0909,39.446477,1
1556.0,100840.0227,40.455071,1
1557.0,100827.9545,41.463763,1
1558.0,100815.8864,42.472552,1
1559.0,100803.8182,43.481439,1
1560.0,100791.75,44.490424,0
1561.0,100780.75,45.410187,0
1562.0,100773.5,46.016439,0
1563.0,100767.75,46.497284,0
1564.0,100763.25,46.873614,0
1565.0,100761.25,47.040875,0
1566.0,100758.0,47.312682,0
1567.0,100756.0,47.47995,0
1568.0,100754.5,47.605404,0
1569.0,100753.5,47.68904,0
1570.0,100752.75,47.751768,0
1571.0,100751.75,47.835406,0
1572.0,100751.5,47.856315,0
1573.0,100751.5,47.856315,0
1574.0,100751.75,47.835406,0
1575.0,100751.75,47.835406,0
1576.0,100752.0,47.814496,0
1577.0,100752.25,47.793587,0
1578.0,100750.5,47.939954,0
1579.0,100744.75,48.420888,0
1580.0,100737.75,49.006403,0
1581.0,100732.25,49.466474,0
1582.0,100728.25,49.801084,0
1583.0,100725.75,50.01022,0
1584.0,100724.25,50.135704,0
1585.0,100723.5,50.198447,0
1586.0,100721.25,50.386677,0
1587.0,100719.75,50.512165,0
1588.0,100719.75,50.512165,0
1589.0,100719.25,50.553995,0
1590.0,100718.5682,50.611036,1
1591.0,100717.8864,50.668077,1
1592.0,100717.2045,50.725119,1
1593.0,100716.5227,50.782161,1
1594.0,100715.8409,50.839203,1
1595.0,100715.1591,50.896246,1
1596.0,100714.4773,50.953288,1
1597.0,100713.7955,51.010332,1
1598.0,100713.1136,51.067375,1
1599.0,100712.4318,51.124419,1
1600.0,100711.75,51.181463,0
1601.0,100703.75,51.850803,0
1602.0,100692.5,52.792136,0
1603.0,100682.0,53.670791,0
1604.0,100672.5,54.465827,0
1605.0,100665.25,55.072607,0
1606.0,100660.75,55.449246,0
1607.0,100657.25,55.742198,0
1608.0,100655.5,55.888676,0
1609.0,100653.75,56.035157,0
1610.0,100652.25,56.160714,0
1611.0,100650.25,56.328125,0
1612.0,100649.25,56.411832,0
1613.0,100648.0,56.516466,0
1614.0,100648.0,56.516466,0
1615.0,100647.0,56.600174,0
1616.0,100646.25,56.662956,0
1617.0,100646.5,56.642028,0
1618.0,100646.5,56.642028,0
1619.0,100649.5,56.390905,0
1620.0,100653.75,56.035157,0
1621.0,100662.25,55.323698,0
1622.0,100674.25,54.319369,0
1623.0,100685.25,53.398818,0
1624.0,100694.0,52.66662,0
1625.0,100699.75,52.18549,0
1626.0,100703.75,51.850803,0
1627.0,100708.25,51.474294,0
1628.0,100711.5,51.202379,0
1629.0,100713.25,51.055966,0
1630.0,100715.25,50.88864,0
1631.0,100715.5,50.867724,0
1632.0,100717.5,50.700401,0
1633.0,100718.5,50.61674,0
1634.0,100718.25,50.637655,0
1635.0,100718.5,50.61674,0
1636.0,100719.0,50.57491,0
1637.0,100719.5,50.53308,0
1638.0,100721.75,50.344848,0
1639.0,100727.25,49.884738,0
1640.0,100734.25,49.299173,0
1641.0,100745.0,48.399977,0
1642.0,100759.5,47.187232,0
1643.0,100773.5,46.016439,0
1644.0,100785.25,45.033911,0
1645.0,100794.25,44.281399,0
1646.0,100800.25,43.779754,0
1647.0,100805.25,43.361736,0
1648.0,100809.75,42.985533,0
1649.0,100812.5,42.755639,0
1650.0,100814.25,42.609345,0
1651.0,100816.0,42.463053,0
1652.0,100817.25,42.35856,0
1653.0,100818.0,42.295864,0
1654.0,100819.25,42.191373,0
1655.0,100819.5,42.170475,0
1656.0,100820.5,42.086883,0
1657.0,100821.5,42.003291,0
1658.0,100824.5,41.752521,0
1659.0,100829.75,41.313687,0
1660.0,100838.2273,40.605134,1
1661.0,100846.7045,39.896628,1
1662.0,100855.1818,39.188171,1
1663.0,100863.6591,38.479762,1
1664.0,100872.1364,37.771401,1
1665.0,100880.6136,37.063089,1
1666.0,100889.0909,36.354824,1
1667.0,100897.5682,35.646608,1
1668.0,100906.0455,34.93844,1
1669.0,100914.5227,34.23032,1
1670.0,100923.0,33.522248,0
1671.0,100923.75,33.459606,0
1672.0,100924.75,33.376084,0
1673.0,100925.75,33.292562,0
1674.0,100926.75,33.209042,0
1675.0,100927.5,33.146401,0
1676.0,100927.5,33.146401,0
1677.0,100928.5,33.062882,0
1678.0,100928.5,33.062882,0
1679.0,100928.5,33.062882,0
1680.0,100927.75,33.125521,0
1681.0,100927.75,33.125521,0
1682.0,100928.75,33.042002,0
1683.0,100930.5,32.895844,0
1684.0,100929.25,33.000242,0
1685.0,100923.75,33.459606,0
1686.0,100915.0,34.190454,0
1687.0,100903.25,35.171959,0
1688.0,100890.25,36.257987,0
1689.0,100875.25,37.511238,0
1690.0,100859.0,38.869096,0
1691.0,100844.0,40.122661,0
1692.0,100831.5,41.167414,0
1693.0,100822.0,41.961496,0
1694.0,100814.25,42.609345,0
1695.0,100808.0,43.131833,0
1696.0,100803.75,43.487139,0
1697.0,100800.25,43.779754,0
1698.0,100798.5,43.926065,0
1699.0,100796.25,44.114181,0
1700.0,100794.75,44.239594,0
1701.0,100793.75,44.323203,0
1702.0,100793.25,44.365008,0
1703.0,100792.75,44.406814,0
1704.0,100790.75,44.574036,0
1705.0,100790.75,44.574036,0
1706.0,100790.0,44.636745,0
1707.0,100784.75,45.075718,0
1708.0,100775.5,45.849193,0
1709.0,100764.5,46.769076,0
1710.0,100755.25,47.542677,0
1711.0,100746.25,48.295425,0
1712.0,100740.75,48.755464,0
1713.0,100736.0,49.152787,0
1714.0,100733.0,49.403736,0
1715.0,100730.0,49.654691,0
1716.0,100727.75,49.842911,0
1717.0,100727.0,49.905652,0
1718.0,100726.25,49.968393,0
1719.0,100725.0,50.072962,0
1720.0,100721.7727,50.342946,1
1721.0,100718.5455,50.612937,1
1722.0,100715.3182,50.882936,1
1723.0,100712.0909,51.152941,1
1724.0,100708.8636,51.422953,1
1725.0,100705.6364,51.692972,1
1726.0,100702.4091,51.962998,1
1727.0,100699.1818,52.233031,1
1728.0,100695.9545,52.503071,1
1729.0,100692.7273,52.773119,1
1730.0,100689.5,53.043173,0
1731.0,100679.25,53.900927,0
1732.0,100671.75,54.528596,0
1733.0,100666.75,54.947063,0
1734.0,100662.0,55.344623,0
1735.0,100659.5,55.553871,0
1736.0,100656.75,55.784049,0
1737.0,100654.75,55.951454,0
1738.0,100654.0,56.014231,0
1739.0,100652.75,56.118862,0
1740.0,100652.25,56.160714,0
1741.0,100651.75,56.202566,0
1742.0,100652.75,56.118862,0
1743.0,100653.0,56.097935,0
1744.0,100653.0,56.097935,0
1745.0,100652.75,56.118862,0
1746.0,100653.25,56.077009,0
1747.0,100653.25,56.077009,0
1748.0,100653.25,56.077009,0
1749.0,100652.5,56.139788,0
1750.0,100652.75,56.118862,0
1751.0,100651.0,56.265346,0
1752.0,100650.5,56.307199,0
1753.0,100651.25,56.244419,0
1754.0,100652.25,56.160714,0
1755.0,100652.5,56.139788,0
1756.0,100653.5,56.056083,0
1757.0,100654.0,56.014231,0
1758.0,100653.75,56.035157,0
1759.0,100653.75,56.035157,0
1760.0,100654.25,55.993305,0
1761.0,100653.0,56.097935,0
1762.0,100652.75,56.118862,0
1763.0,100653.0,56.097935,0
1764.0,100653.25,56.077009,0
1765.0,100652.75,56.118862,0
1766.0,100653.5,56.056083,0
1767.0,100654.0,56.014231,0
1768.0,100654.5,55.97238,0
1769.0,100654.0,56.014231,0
1770.0,100653.7045,56.038962,1
1771.0,100653.4091,56.063693,1
1772.0,100653.1136,56.088424,1
1773.0,100652.8182,56.113154,1
1774.0,100652.5227,56.137885,1
1775.0,100652.2273,56.162616,1
1776.0,100651.9318,56.187347,1
1777.0,100651.6364,56.212078,1
1778.0,100651.3409,56.23681,1
1779.0,100651.0455,56.261541,1
1780.0,100650.75,56.286272,0
1781.0,100649.75,56.369978,0
1782.0,100650.5,56.307199,0
1783.0,100651.25,56.244419,0
1784.0,100652.25,56.160714,0
1785.0,100653.75,56.035157,0
1786.0,100653.25,56.077009,0
1787.0,100653.75,56.035157,0
1788.0,100654.75,55.951454,0
1789.0,100655.0,55.930528,0
1790.0,100654.25,55.993305,0
1791.0,100654.25,55.993305,0
1792.0,100654.25,55.993305,0
1793.0,100654.25,55.993305,0
1794.0,100654.5,55.97238,0
1795.0,100654.75,55.951454,0
1796.0,100655.0,55.930528,0
1797.0,100654.75,55.951454,0
1798.0,100655.0,55.930528,0
1799.0,100654.75,55.951454,0
1800.0,100655.0,55.930528,0
1801.0,100654.5,55.97238,0
1802.0,100654.0,56.014231,0
1803.0,100653.75,56.035157,0
1804.0,100654.0,56.014231,0
1805.0,100653.75,56.035157,0
1806.0,100654.25,55.993305,0
1807.0,100653.75,56.035157,0
1808.0,100654.5,55.97238,0
1809.0,100654.25,55.993305,0
1810.0,100653.0,56.097935,0
1811.0,100652.5,56.139788,0
1812.0,100652.0,56.18164,0
1813.0,100652.0,56.18164,0
1814.0,100653.5,56.056083,0
1815.0,100656.25,55.8259,0
1816.0,100662.25,55.323698,0
1817.0,100672.0,54.507673,0
1818.0,100685.0,53.419739,0
1819.0,100699.25,52.227326,0
1820.0,100715.75,50.846809,0
1821.0,100733.0,49.403736,0
1822.0,100748.0,48.149053,0
1823.0,100760.5,47.103599,0
1824.0,100768.0,46.476377,0
1825.0,100775.5,45.849193,0
1826.0,100781.25,45.368378,0
1827.0,100784.75,45.075718,0
1828.0,100787.75,44.824874,0
1829.0,100790.0,44.636745,0
1830.0,100790.75,44.574036,0
1831.0,100791.75,44.490424,0
1832.0,100793.25,44.365008,0
1833.0,100793.75,44.323203,0
1834.0,100793.75,44.323203,0
1835.0,100794.25,44.281399,0
1836.0,100793.5,44.344106,0
1837.0,100792.0,44.469522,0
1838.0,100787.0,44.887585,0
1839.0,100777.5,45.681951,0
1840.0,100766.0,46.643633,0
1841.0,100751.5,47.856315,0
1842.0,100737.0,49.069139,0
1843.0,100721.0,50.407591,0
1844.0,100705.75,51.683464,0
1845.0,100693.5,52.708459,0
1846.0,100683.5,53.545264,0
1847.0,100676.5,54.131068,0
1848.0,100671.25,54.570442,0
1849.0,100667.0,54.92614,0
1850.0,100663.5,55.219076,0
1851.0,100660.0,55.512021,0
1852.0,100659.0,55.595721,0
1853.0,100658.0,55.679422,0
1854.0,100657.75,55.700347,0
1855.0,100657.25,55.742198,0
1856.0,100657.0,55.763123,0
1857.0,100656.75,55.784049,0
1858.0,100657.0,55.763123,0
1859.0,100657.75,55.700347,0
1860.0,100663.7955,55.194347,1
1861.0,100669.8409,54.688372,1
1862.0,100675.8864,54.182422,1
1863.0,100681.9318,53.676496,1
1864.0,100687.9773,53.170595,1
1865.0,100694.0227,52.664719,1
1866.0,100700.0682,52.158867,1
1867.0,100706.1136,51.653039,1
1868.0,100712.1591,51.147236,1
1869.0,100718.2045,50.641458,1
1870.0,100724.25,50.135704,0
1871.0,100724.75,50.093876,0
1872.0,100727.0,49.905652,0
1873.0,100727.5,49.863824,0
1874.0,100728.25,49.801084,0
1875.0,100729.0,49.738344,0
1876.0,100729.25,49.71743,0
1877.0,100729.0,49.738344,0
1878.0,100730.25,49.633778,0
1879.0,100732.75,49.424649,0
1880.0,100741.25,48.713642,0
1881.0,100751.75,47.835406,0
1882.0,100762.25,46.957244,0
1883.0,100770.25,46.288218,0
1884.0,100776.75,45.744666,0
1885.0,100782.0,45.305664,0
1886.0,100787.0,44.887585,0
1887.0,100789.0,44.720357,0
1888.0,100791.25,44.53223,0
1889.0,100792.25,44.448619,0
1890.0,100793.25,44.365008,0
1891.0,100794.0,44.302301,0
1892.0,100794.75,44.239594,0
1893.0,100796.0,44.135083,0
1894.0,100795.5,44.176887,0
1895.0,100795.75,44.155985,0
1896.0,100797.0,44.051475,0
1897.0,100800.75,43.737952,0
1898.0,100809.75,42.985533,0
1899.0,100821.25,42.024189,0
1900.0,100835.5,40.833081,0
1901.0,100848.75,39.725682,0
1902.0,100865.0,38.367712,0
1903.0,100881.75,36.968144,0
1904.0,100896.0,35.777615,0
1905.0,100906.5,34.90047,0
1906.0,100914.5,34.232218,0
1907.0,100920.5,33.731058,0
1908.0,100924.5,33.396964,0
1909.0,100927.75,33.125521,0
1910.0,100929.5,32.979363,0
1911.0,100930.0,32.937603,0
1912.0,100931.75,32.791447,0
1913.0,100933.0,32.687051,0
1914.0,100934.0,32.603535,0
1915.0,100934.5,32.561778,0
1916.0,100934.0,32.603535,0
1917.0,100934.0,32.603535,0
1918.0,100935.0,32.52002,0
1919.0,100936.0,32.436505,0
1920.0,100934.75,32.540899,0
1921.0,100931.5,32.812327,0
1922.0,100925.0,33.355204,0
1923.0,100916.0,34.106926,0
1924.0,100905.25,35.004888,0
1925.0,100895.75,35.7985,0
1926.0,100888.75,36.383306,0
1927.0,100882.25,36.926369,0
1928.0,100878.0,37.281464,0
1929.0,100874.75,37.553015,0
1930.0,100870.75,37.887242,0
1931.0,100868.75,38.05436,0
1932.0,100867.25,38.1797,0
1933.0,100866.5,38.24237,0
1934.0,100866.75,38.22148,0
1935.0,100866.25,38.263261,0
1936.0,100866.0,38.284151,0
1937.0,100865.75,38.305041,0
1938.0,100865.5,38.325932,0
1939.0,100863.5,38.493056,0
1940.0,100857.25,39.015338,0
1941.0,100848.75,39.725682,0
1942.0,100838.75,40.561444,0
1943.0,100828.75,41.397273,0
1944.0,100821.5,42.003291,0
1945.0,100815.75,42.483951,0
1946.0,100811.25,42.860136,0
1947.0,100807.75,43.152733,0
1948.0,100806.0,43.299034,0
1949.0,100803.75,43.487139,0
1950.0,100802.25,43.612545,0
1951.0,100800.25,43.779754,0
1952.0,100799.5,43.842458,0
1953.0,100798.75,43.905163,0
1954.0,100798.5,43.926065,0
1955.0,100797.75,43.98877,0
1956.0,100797.25,44.030573,0
1957.0,100796.75,44.072377,0
1958.0,100796.0,44.135083,0
1959.0,100792.5,44.427716,0
1960.0,100786.5,44.929392,0
1961.0,100781.0,45.389282,0
1962.0,100777.0,45.723761,0
1963.0,100774.0,45.974627,0
1964.0,100770.75,46.246406,0
1965.0,100768.5,46.434564,0
1966.0,100767.5,46.518191,0
1967.0,100766.25,46.622726,0
1968.0,100765.0,46.727262,0
1969.0,100764.5,46.769076,0
1970.0,100764.5,46.769076,0
1971.0,100763.75,46.831798,0
1972.0,100764.25,46.789984,0
1973.0,100763.75,46.831798,0
1974.0,100763.25,46.873614,0
1975.0,100761.5,47.019967,0
1976.0,100755.5,47.521768,0
1977.0,100746.75,48.253604,0
1978.0,100735.5,49.194612,0
1979.0,100725.5,50.031134,0
1980.0,100718.75,50.595825,0
1981.0,100712.0,51.160547,0
1982.0,100708.5,51.453377,0
1983.0,100705.25,51.725299,0
1984.0,100703.75,51.850803,0
1985.0,100701.75,52.018145,0
1986.0,100700.0,52.164572,0
1987.0,100699.25,52.227326,0
1988.0,100698.25,52.311,0
1989.0,100697.5,52.373756,0
1990.0,100696.1364,52.487858,1
1991.0,100694.7727,52.601961,1
1992.0,100693.4091,52.716066,1
1993.0,100692.0455,52.830172,1
1994.0,100690.6818,52.944279,1
1995.0,100689.3182,53.058387,1
1996.0,100687.9545,53.172497,1
1997.0,100686.5909,53.286608,1
1998.0,100685.2273,53.40072,1
1999.0,100683.8636,53.514833,1
2000.0,100682.5,53.628948,0
2001.0,100675.75,54.193834,0
2002.0,100671.25,54.570442,0
2003.0,100666.75,54.947063,0
2004.0,100663.75,55.198152,0
2005.0,100662.25,55.323698,0
2006.0,100660.25,55.491096,0
2007.0,100659.75,55.532946,0
2008.0,100658.5,55.637571,0
2009.0,100657.75,55.700347,0
2010.0,100657.75,55.700347,0
2011.0,100656.5,55.804974,0
2012.0,100655.75,55.867751,0
2013.0,100656.0,55.846825,0
2014.0,100656.0,55.846825,0
2015.0,100653.75,56.035157,0
2016.0,100649.25,56.411832,0
2017.0,100643.25,56.914085,0
2018.0,100637.75,57.374506,0
2019.0,100633.75,57.70937,0
2020.0,100630.25,58.002385,0
2021.0,100627.5,58.232617,0
2022.0,100626.75,58.295408,0
2023.0,100626.0,58.3582,0
2024.0,100625.25,58.420992,0
2025.0,100624.75,58.462854,0
2026.0,100624.25,58.504716,0
2027.0,100623.0,58.609371,0
2028.0,100622.5,58.651233,0
2029.0,100623.0,58.609371,0
2030.0,100622.0,58.693096,0
2031.0,100621.25,58.75589,0
2032.0,100621.75,58.714027,0
2033.0,100627.0,58.274478,0
2034.0,100637.5,57.395435,0
2035.0,100650.0,56.349052,0
2036.0,100660.0,55.512021,0
2037.0,100667.5,54.884292,0
2038.0,100673.75,54.361214,0
2039.0,100678.0,54.005535,0
2040.0,100681.0,53.754476,0
2041.0,100683.0,53.587106,0
2042.0,100685.5,53.377898,0
2043.0,100688.25,53.147773,0
2044.0,100688.75,53.105933,0
2045.0,100689.25,53.064093,0
2046.0,100690.75,52.938573,0
2047.0,100692.25,52.813056,0
2048.0,100693.0,52.750297,0
2049.0,100693.0,52.750297,0
2050.0,100692.75,52.771217,0
2051.0,100693.0,52.750297,0
2052.0,100694.0,52.66662,0
2053.0,100693.5,52.708459,0
2054.0,100693.25,52.729378,0
2055.0,100693.25,52.729378,0
2056.0,100693.0,52.750297,0
2057.0,100694.5,52.624782,0
2058.0,100699.25,52.227326,0
2059.0,100706.5,51.620713,0
2060.0,100711.75,51.181463,0
2061.0,100714.75,50.930471,0
2062.0,100717.0,50.742231,0
2063.0,100720.25,50.470336,0
2064.0,100722.25,50.303019,0
2065.0,100723.25,50.219361,0
2066.0,100724.75,50.093876,0
2067.0,100724.5,50.11479,0
2068.0,100724.0,50.156619,0
2069.0,100725.0,50.072962,0
2070.0,100725.5,50.031134,0
2071.0,100725.75,50.01022,0
2072.0,100726.5,49.947479,0
2073.0,100727.5,49.863824,0
2074.0,100728.5,49.780171,0
2075.0,100732.25,49.466474,0
2076.0,100738.25,48.96458,0
2077.0,100744.5,48.441799,0
2078.0,100749.5,48.023593,0
2079.0,100752.75,47.751768,0
2080.0,100755.5,47.521768,0
2081.0,100757.0,47.396316,0
2082.0,100759.0,47.229048,0
2083.0,100761.25,47.040875,0
2084.0,100762.5,46.936336,0
2085.0,100763.0,46.894521,0
2086.0,100764.25,46.789984,0
2087.0,100764.75,46.748169,0
2088.0,100765.0,46.727262,0
2089.0,100764.5,46.769076,0
2090.0,100763.75,46.831798,0
2091.0,100763.75,46.831798,0
2092.0,100766.75,46.580912,0
2093.0,100772.0,46.141875,0
2094.0,100782.5,45.263856,0
2095.0,100794.25,44.281399,0
2096.0,100808.25,43.110933,0
2097.0,100825.0,41.710726,0
2098.0,100841.75,40.310709,0
2099.0,100858.75,38.889988,0
2100.0,100876.5,37.406795,0
2101.0,100891.0,36.195329,0
2102.0,100903.5,35.151075,0
2103.0,100912.75,34.378395,0
2104.0,100919.5,33.814583,0
2105.0,100924.5,33.396964,0
2106.0,100927.25,33.167281,0
2107.0,100929.5,32.979363,0
2108.0,100930.75,32.874965,0
2109.0,100933.0,32.687051,0
2110.0,100933.5,32.645293,0
2111.0,100934.0,32.603535,0
2112.0,100934.5,32.561778,0
2113.0,100934.75,32.540899,0
2114.0,100935.25,32.499141,0
2115.0,100935.25,32.499141,0
2116.0,100936.25,32.415627,0
2117.0,100936.75,32.37387,0
2118.0,100936.25,32.415627,0
2119.0,100932.0,32.770568,0
2120.0,100922.5,33.56401,0
2121.0,100910.75,34.545456,0
2122.0,100897.75,35.631419,0
2123.0,100883.75,36.801044,0
2124.0,100868.25,38.09614,0
2125.0,100852.0,39.454074,0
2126.0,100834.25,40.937559,0
2127.0,100815.5,42.50485,0
2128.0,100796.75,44.072377,0
2129.0,100778.25,45.619235,0
2130.0,100772.8571,46.070197,1
2131.0,100767.4643,46.521178,1
2132.0,100762.0714,46.972178,1
2133.0,100756.6786,47.423198,1
2134.0,100751.2857,47.874238,1
2135.0,100745.8929,48.325297,1
2136.0,100740.5,48.776376,1
2137.0,100735.1071,49.227474,1
2138.0,100729.7143,49.678592,1
2139.0,100724.3214,50.129729,1
2140.0,100718.9286,50.580886,1
2141.0,100713.5357,51.032062,1
2142.0,100708.1429,51.483258,1
2143.0,100702.75,51.934474,1
2144.0,100697.3571,52.385709,1
2145.0,100691.9643,52.836964,1
2146.0,100686.5714,53.288238,1
2147.0,100681.1786,53.739532,1
2148.0,100675.7857,54.190845,1
2149.0,100670.3929,54.642178,1
2150.0,100665.0,55.093531,0
2151.0,100674.5,54.298446,0
2152.0,100686.75,53.273295,0
2153.0,100701.75,52.018145,0
2154.0,100720.0,50.49125,0
2155.0,100737.5,49.027315,0
2156.0,100756.75,47.417224,0
2157.0,100774.75,45.91191,0
2158.0,100793.25,44.365008,0
2159.0,100814.25,42.609345,0
2160.0,100833.25,41.021142,0
2161.0,100852.5,39.412289,0
2162.0,100871.5,37.824574,0
2163.0,100887.0,36.529512,0
2164.0,100899.75,35.46434,0
2165.0,100909.75,34.628987,0
2166.0,100916.25,34.086044,0
2167.0,100921.25,33.668415,0
2168.0,100924.0,33.438726,0
2169.0,100928.25,33.083761,0
2170.0,100929.75,32.958483,0
2171.0,100931.25,32.833206,0
2172.0,100932.75,32.70793,0
2173.0,100934.0,32.603535,0
2174.0,100934.5,32.561778,0
2175.0,100936.0,32.436505,0
2176.0,100937.0,32.352991,0
2177.0,100937.25,32.332113,0
2178.0,100936.75,32.37387,0
2179.0,100937.25,32.332113,0
2180.0,100936.5,32.394748,0
2181.0,100936.75,32.37387,0
2182.0,100936.5,32.394748,0
2183.0,100936.5,32.394748,0
2184.0,100936.75,32.37387,0
2185.0,100937.0,32.352991,0
2186.0,100938.0,32.269478,0
2187.0,100938.75,32.206843,0
2188.0,100938.25,32.2486,0
2189.0,100938.25,32.2486,0
2190.0,100937.5,32.311235,0
2191.0,100938.25,32.2486,0
2192.0,100938.75,32.206843,0
2193.0,100937.75,32.290356,0
2194.0,100937.75,32.290356,0
2195.0,100937.25,32.332113,0
2196.0,100937.25,32.332113,0
2197.0,100936.75,32.37387,0
2198.0,100937.75,32.290356,0
2199.0,100937.0,32.352991,0
2200.0,100936.0,32.436505,0
2201.0,100934.5,32.561778,0
2202.0,100934.75,32.540899,0
2203.0,100934.25,32.582656,0
2204.0,100934.75,32.540899,0
2205.0,100935.0,32.52002,0
2206.0,100935.75,32.457384,0
2207.0,100936.5,32.394748,0
2208.0,100937.5,32.311235,0
2209.0,100938.0,32.269478,0
2210.0,100937.5,32.311235,0
2211.0,100936.25,32.415627,0
2212.0,100936.5,32.394748,0
2213.0,100937.5,32.311235,0
2214.0,100937.5,32.311235,0
2215.0,100938.5,32.227722,0
2216.0,100938.5,32.227722,0
2217.0,100938.75,32.206843,0
2218.0,100939.75,32.123331,0
2219.0,100940.0,32.102453,0
2220.0,100938.5,32.227722,0
2221.0,100937.75,32.290356,0
2222.0,100937.25,32.332113,0
2223.0,100938.25,32.2486,0
2224.0,100938.5,32.227722,0
2225.0,100938.75,32.206843,0
2226.0,100938.25,32.2486,0
2227.0,100938.25,32.2486,0
2228.0,100938.0,32.269478,0
2229.0,100938.25,32.2486,0
2230.0,100937.5,32.311235,0
2231.0,100936.75,32.37387,0
2232.0,100936.75,32.37387,0
2233.0,100937.25,32.332113,0
2234.0,100937.5,32.311235,0
2235.0,100937.25,32.332113,0
2236.0,100937.0,32.352991,0
2237.0,100937.0,32.352991,0
2238.0,100937.0,32.352991,0
2239.0,100936.5,32.394748,0
2240.0,100936.5,32.394748,0
2241.0,100935.75,32.457384,0
2242.0,100936.0,32.436505,0
2243.0,100935.5,32.478263,0
2244.0,100936.0,32.436505,0
2245.0,100935.75,32.457384,0
2246.0,100932.25,32.749689,0
2247.0,100925.75,33.292562,0
2248.0,100915.0,34.190454,0
2249.0,100904.0,35.109307,0
2250.0,100890.5,36.237101,0
2251.0,100874.25,37.594793,0
2252.0,100859.75,38.806422,0
2253.0,100844.25,40.101767,0
2254.0,100828.0,41.459963,0
2255.0,100813.0,42.71384,0
2256.0,100800.5,43.758853,0
2257.0,100790.5,44.594939,0
2258.0,100784.25,45.117526,0
2259.0,100779.5,45.514711,0
2260.0,100775.25,45.870099,0
2261.0,100771.5,46.183687,0
2262.0,100770.25,46.288218,0
2263.0,100769.75,46.330031,0
2264.0,100768.5,46.434564,0
2265.0,100767.75,46.497284,0
2266.0,100767.75,46.497284,0
2267.0,100767.5,46.518191,0
2268.0,100766.0,46.643633,0
2269.0,100765.75,46.66454,0
2270.0,100768.0,46.476377,0
2271.0,100772.0,46.141875,0
2272.0,100781.0,45.389282,0
2273.0,100792.0,44.469522,0
2274.0,100807.0,43.215433,0
2275.0,100822.0,41.961496,0
2276.0,100839.75,40.477865,0
2277.0,100857.25,39.015338,0
2278.0,100874.25,37.594793,0
2279.0,100889.75,36.29976,0
2280.0,100901.75,35.297264,0
2281.0,100910.75,34.545456,0
2282.0,100918.25,33.91899,0
2283.0,100924.0,33.438726,0
2284.0,100928.0,33.104641,0
2285.0,100930.5,32.895844,0
2286.0,100931.5,32.812327,0
2287.0,100934.0,32.603535,0
2288.0,100935.0,32.52002,0
2289.0,100935.75,32.457384,0
2290.0,100936.25,32.415627,0
2291.0,100936.25,32.415627,0
2292.0,100936.25,32.415627,0
2293.0,100935.5,32.478263,0
2294.0,100934.25,32.582656,0
2295.0,100928.0,33.104641,0
2296.0,100918.5,33.898109,0
2297.0,100907.5,34.816936,0
2298.0,100898.0,35.610534,0
2299.0,100890.75,36.216215,0
2300.0,100885.5,36.654834,0
2301.0,100881.0,37.030807,0
2302.0,100877.75,37.302352,0
2303.0,100875.0,37.532127,0
2304.0,100874.0,37.615682,0
2305.0,100872.0,37.782795,0
2306.0,100871.75,37.803685,0
2307.0,100871.25,37.845463,0
2308.0,100871.0,37.866353,0
2309.0,100871.0,37.866353,0
2310.0,100869.5,37.991691,0
2311.0,100867.75,38.13792,0
2312.0,100866.25,38.263261,0
2313.0,100860.75,38.722857,0
2314.0,100852.25,39.433182,0
2315.0,100841.5,40.331603,0
2316.0,100828.5,41.41817,0
2317.0,100814.0,42.630244,0
2318.0,100798.25,43.946966,0
2319.0,100782.25,45.28476,0
2320.0,100765.75,46.66454,0
2321.0,100747.25,48.211784,0
2322.0,100729.25,49.71743,0
2323.0,100713.0,51.076882,0
2324.0,100700.75,52.101817,0
2325.0,100692.25,52.813056,0
2326.0,100685.0,53.419739,0
2327.0,100680.25,53.81724,0
2328.0,100675.5,54.214757,0
2329.0,100672.5,54.465827,0
2330.0,100671.0,54.591365,0
2331.0,100668.25,54.821521,0
2332.0,100666.5,54.967987,0
2333.0,100665.75,55.030759,0
2334.0,100665.5,55.051683,0
2335.0,100664.0,55.177228,0
2336.0,100663.25,55.240001,0
2337.0,100663.0,55.260925,0
2338.0,100662.5,55.302774,0
2339.0,100662.75,55.281849,0
2340.0,100662.0,55.344623,0
2341.0,100661.25,55.407397,0
2342.0,100662.0,55.344623,0
2343.0,100662.5,55.302774,0
2344.0,100665.0,55.093531,0
2345.0,100670.25,54.654134,0
2346.0,100681.25,53.733554,0
2347.0,100694.0,52.66662,0
2348.0,100709.0,51.411544,0
2349.0,100725.0,50.072962,0
2350.0,100741.0,48.734553,0
2351.0,100759.75,47.166324,0
2352.0,100777.75,45.661046,0
2353.0,100797.0,44.051475,0
2354.0,100817.75,42.316763,0
2355.0,100836.75,40.728605,0
2356.0,100855.75,39.140689,0
2357.0,100873.75,37.636571,0
2358.0,100889.75,36.29976,0
2359.0,100903.75,35.130191,0
2360.0,100913.5,34.315747,0
2361.0,100919.75,33.793702,0
2362.0,100925.75,33.292562,0
2363.0,100929.5,32.979363,0
2364.0,100932.5,32.72881,0
2365.0,100935.25,32.499141,0
2366.0,100937.25,32.332113,0
2367.0,100938.75,32.206843,0
2368.0,100939.5,32.144209,0
2369.0,100939.75,32.123331,0
2370.0,100940.0,32.102453,0
2371.0,100939.75,32.123331,0
2372.0,100939.0,32.185965,0
2373.0,100937.0,32.352991,0
2374.0,100929.25,33.000242,0
2375.0,100919.5,33.814583,0
2376.0,100907.5,34.816936,0
2377.0,100893.0,36.028241,0
2378.0,100879.75,37.135247,0
2379.0,100867.5,38.15881,0
2380.0,100859.0,38.869096,0
2381.0,100852.25,39.433182,0
2382.0,100848.25,39.767469,0
2383.0,100844.75,40.059979,0
2384.0,100842.25,40.26892,0
2385.0,100840.75,40.394287,0
2386.0,100838.75,40.561444,0
2387.0,100838.0,40.624129,0
2388.0,100837.0,40.70771,0
2389.0,100836.75,40.728605,0
2390.0,100836.25,40.770395,0
2391.0,100835.75,40.812186,0
2392.0,100835.75,40.812186,0
2393.0,100836.0,40.791291,0
2394.0,100841.0,40.373392,0
2395.0,100848.75,39.725682,0
2396.0,100859.75,38.806422,0
2397.0,100873.5,37.65746,0
2398.0,100888.25,36.425079,0
2399.0,100901.25,35.339033,0
2400.0,100910.5,34.566339,0
2401.0,100918.0,33.939872,0
2402.0,100924.25,33.417845,0
2403.0,100928.75,33.042002,0
2404.0,100931.75,32.791447,0
2405.0,100934.0,32.603535,0
2406.0,100936.25,32.415627,0
2407.0,100937.0,32.352991,0
2408.0,100938.75,32.206843,0
2409.0,100940.0,32.102453,0
2410.0,100940.5,32.060698,0
2411.0,100940.0,32.102453,0
2412.0,100940.5,32.060698,0
2413.0,100940.25,32.081575,0
2414.0,100940.75,32.03982,0
2415.0,100940.75,32.03982,0
2416.0,100942.0,31.935431,0
2417.0,100940.5,32.060698,0
2418.0,100934.5,32.561778,0
2419.0,100926.75,33.209042,0
2420.0,100916.0,34.106926,0
2421.0,100901.75,35.297264,0
2422.0,100887.25,36.508625,0
2423.0,100871.0,37.866353,0
2424.0,100854.25,39.266042,0
2425.0,100837.5,40.665919,0
2426.0,100820.25,42.107781,0
2427.0,100802.5,43.591644,0
2428.0,100786.75,44.908488,0
2429.0,100774.0,45.974627,0
2430.0,100764.5,46.769076,0
2431.0,100756.75,47.417224,0
2432.0,100751.0,47.898135,0
2433.0,100747.25,48.211784,0
2434.0,100744.75,48.420888,0
2435.0,100742.0,48.650908,0
2436.0,100740.75,48.755464,0
2437.0,100739.5,48.860021,0
2438.0,100738.0,48.985492,0
2439.0,100737.75,49.006403,0
2440.0,100734.9318,49.24214,1
2441.0,100732.1136,49.477881,1
2442.0,100729.2955,49.713628,1
2443.0,100726.4773,49.94938,1
2444.0,100723.6591,50.185138,1
2445.0,100720.8409,50.420901,1
2446.0,100718.0227,50.656669,1
2447.0,100715.2045,50.892443,1
2448.0,100712.3864,51.128222,1
2449.0,100709.5682,51.364006,1
2450.0,100706.75,51.599796,0
2451.0,100705.0,51.746216,0
2452.0,100704.75,51.767133,0
2453.0,100704.75,51.767133,0
2454.0,100703.75,51.850803,0
2455.0,100703.25,51.892639,0
2456.0,100702.25,51.976309,0
2457.0,100702.5,51.955392,0
2458.0,100702.5,51.955392,0
2459.0,100701.25,52.059981,0
2460.0,100698.2727,52.309098,1
2461.0,100695.2955,52.558221,1
2462.0,100692.3182,52.80735,1
2463.0,100689.3409,53.056485,1
2464.0,100686.3636,53.305627,1
2465.0,100683.3864,53.554773,1
2466.0,100680.4091,53.803926,1
2467.0,100677.4318,54.053085,1
2468.0,100674.4545,54.30225,1
2469.0,100671.4773,54.551421,1
2470.0,100668.5,54.800598,0
2471.0,100666.0,55.009835,0
2472.0,100665.25,55.072607,0
2473.0,100666.25,54.988911,0
2474.0,100664.75,55.114455,0
2475.0,100663.75,55.198152,0
2476.0,100664.25,55.156303,0
2477.0,100666.0,55.009835,0
2478.0,100670.0,54.675058,0
2479.0,100677.5,54.047379,0
2480.0,100689.25,53.064093,0
2481.0,100702.5,51.955392,0
2482.0,100718.5,50.61674,0
2483.0,100736.25,49.131875,0
2484.0,100752.25,47.793587,0
2485.0,100765.25,46.706354,0
2486.0,100774.25,45.953721,0
2487.0,100781.5,45.347473,0
2488.0,100787.5,44.845778,0
2489.0,100792.25,44.448619,0
2490.0,100795.25,44.19779,0
2491.0,100798.5,43.926065,0
2492.0,100800.5,43.758853,0
2493.0,100802.25,43.612545,0
2494.0,100803.25,43.528941,0
2495.0,100805.0,43.382636,0
2496.0,100805.25,43.361736,0
2497.0,100805.5,43.340835,0
2498.0,100805.0,43.382636,0
2499.0,100805.5,43.340835,0
2500.0,100808.5,43.090033,0
2501.0,100814.0,42.630244,0
2502.0,100824.5,41.752521,0
2503.0,100837.75,40.645024,0
2504.0,100853.0,39.370504,0
2505.0,100868.5,38.07525,0
2506.0,100885.0,36.696608,0
2507.0,100899.0,35.526994,0
2508.0,100911.0,34.524573,0
2509.0,100919.0,33.856346,0
2510.0,100924.5,33.396964,0
2511.0,100929.25,33.000242,0
2512.0,100932.5,32.72881,0
2513.0,100935.5,32.478263,0
2514.0,100937.75,32.290356,0
2515.0,100939.75,32.123331,0
2516.0,100940.75,32.03982,0
2517.0,100942.5,31.893676,0
2518.0,100944.25,31.747535,0
2519.0,100944.25,31.747535,0
2520.0,100945.0,31.684903,0
2521.0,100944.75,31.70578,0
2522.0,100945.5,31.643149,0
2523.0,100946.0,31.601395,0
2524.0,100946.25,31.580519,0
2525.0,100946.5,31.559642,0
2526.0,100946.25,31.580519,0
2527.0,100946.5,31.559642,0
2528.0,100947.75,31.455258,0
2529.0,100948.0,31.434381,0
2530.0,100948.0,31.434381,0
2531.0,100947.25,31.497011,0
2532.0,100946.75,31.538765,0
2533.0,100948.0,31.434381,0
2534.0,100948.5,31.392628,0
2535.0,100948.0,31.434381,0
2536.0,100947.25,31.497011,0
2537.0,100947.75,31.455258,0
2538.0,100947.75,31.455258,0
2539.0,100948.0,31.434381,0
2540.0,100947.25,31.497011,0
2541.0,100947.5,31.476135,0
2542.0,100948.25,31.413505,0
2543.0,100948.75,31.371752,0
2544.0,100949.5,31.309123,0
2545.0,100950.25,31.246494,0
2546.0,100950.0,31.26737,0
2547.0,100949.5,31.309123,0
2548.0,100949.0,31.350876,0
2549.0,100948.75,31.371752,0
2550.0,100948.75,31.371752,0
2551.0,100948.5,31.392628,0
2552.0,100948.75,31.371752,0
2553.0,100948.5,31.392628,0
2554.0,100948.25,31.413505,0
2555.0,100948.5,31.392628,0
2556.0,100948.75,31.371752,0
2557.0,100946.25,31.580519,0
2558.0,100940.25,32.081575,0
2559.0,100934.0,32.603535,0
2560.0,100928.0,33.104641,0
2561.0,100922.75,33.543129,0
2562.0,100919.25,33.835464,0
2563.0,100917.25,34.002517,0
2564.0,100915.75,34.127808,0
2565.0,100914.5,34.232218,0
2566.0,100912.75,34.378395,0
2567.0,100912.5,34.399277,0
2568.0,100911.75,34.461925,0
2569.0,100912.25,34.42016,0
2570.0,100911.5,34.482808,0
2571.0,100911.0,34.524573,0
2572.0,100911.0,34.524573,0
2573.0,100911.0,34.524573,0
2574.0,100910.0,34.608104,0
2575.0,100905.5,34.984004,0
2576.0,100897.75,35.631419,0
2577.0,100887.0,36.529512,0
2578.0,100874.0,37.615682,0
2579.0,100859.75,38.806422,0
2580.0,100847.0455,39.868137,1
2581.0,100834.3409,40.929961,1
2582.0,100821.6364,41.991892,1
2583.0,100808.9318,43.053933,1
2584.0,100796.2273,44.116081,1
2585.0,100783.5227,45.178338,1
2586.0,100770.8182,46.240704,1
2587.0,100758.1136,47.303178,1
2588.0,100745.4091,48.36576,1
2589.0,100732.7045,49.428451,1
2590.0,100720.0,50.49125,0
2591.0,100716.75,50.763147,0
2592.0,100714.75,50.930471,0
2593.0,100713.25,51.055966,0
2594.0,100711.25,51.223295,0
2595.0,100710.25,51.306961,0
2596.0,100709.5,51.36971,0
2597.0,100708.5,51.453377,0
2598.0,100708.25,51.474294,0
2599.0,100707.5,51.537045,0
2600.0,100704.5227,51.786149,1
2601.0,100701.5455,52.03526,1
2602.0,100698.5682,52.284376,1
2603.0,100695.5909,52.533499,1
2604.0,100692.6136,52.782627,1
2605.0,100689.6364,53.031762,1
2606.0,100686.6591,53.280902,1
2607.0,100683.6818,53.530049,1
2608.0,100680.7045,53.779201,1
2609.0,100677.7273,54.028359,1
2610.0,100674.75,54.277524,0
2611.0,100672.75,54.444905,0
2612.0,100673.0,54.423982,0
2613.0,100672.5,54.465827,0
2614.0,100673.0,54.423982,0
2615.0,100672.5,54.465827,0
2616.0,100672.0,54.507673,0
2617.0,100672.0,54.507673,0
2618.0,100672.0,54.507673,0
2619.0,100671.75,54.528596,0
2620.0,100671.0,54.591365,0
2621.0,100669.75,54.695981,0
2622.0,100670.25,54.654134,0
2623.0,100671.5,54.549519,0
2624.0,100672.25,54.48675,0
2625.0,100672.25,54.48675,0
2626.0,100673.25,54.403059,0
2627.0,100675.0,54.256601,0
2628.0,100680.5,53.796319,0
2629.0,100688.75,53.105933,0
2630.0,100700.25,52.143653,0
2631.0,100713.25,51.055966,0
2632.0,100727.5,49.863824,0
2633.0,100744.25,48.46271,0
2634.0,100762.5,46.936336,0
2635.0,100779.75,45.493806,0
2636.0,100798.0,43.967868,0
2637.0,100817.25,42.35856,0
2638.0,100836.5,40.7495,0
2639.0,100856.25,39.098905,0
2640.0,100874.75,37.553015,0
2641.0,100891.0,36.195329,0
2642.0,100904.5,35.067539,0
2643.0,100915.0,34.190454,0
2644.0,100923.25,33.501368,0
2645.0,100929.0,33.021122,0
2646.0,100933.0,32.687051,0
2647.0,100937.0,32.352991,0
2648.0,100939.0,32.185965,0
2649.0,100941.5,31.977187,0
2650.0,100943.75,31.789289,0
2651.0,100944.25,31.747535,0
2652.0,100945.25,31.664026,0
2653.0,100946.25,31.580519,0
2654.0,100947.5,31.476135,0
2655.0,100948.25,31.413505,0
2656.0,100946.75,31.538765,0
2657.0,100939.5,32.144209,0
2658.0,100929.75,32.958483,0
2659.0,100917.25,34.002517,0
2660.0,100902.75,35.213727,0
2661.0,100887.0,36.529512,0
2662.0,100870.5,37.908132,0
2663.0,100855.25,39.182473,0
2664.0,100838.75,40.561444,0
2665.0,100821.5,42.003291,0
2666.0,100803.75,43.487139,0
2667.0,100786.0,44.971199,0
2668.0,100768.75,46.413657,0
2669.0,100749.75,48.002683,0
2670.0,100730.5,49.612865,0
2671.0,100711.0,51.244212,0
2672.0,100693.25,52.729378,0
2673.0,100678.25,53.984614,0
2674.0,100666.5,54.967987,0
2675.0,100657.5,55.721272,0
2676.0,100651.75,56.202566,0
2677.0,100647.5,56.55832,0
2678.0,100644.25,56.830375,0
2679.0,100642.0,57.018725,0
2680.0,100640.5,57.144293,0
2681.0,100640.0,57.18615,0
2682.0,100638.75,57.290792,0
2683.0,100638.0,57.353577,0
2684.0,100638.5,57.31172,0
2685.0,100637.25,57.416363,0
2686.0,100637.0,57.437292,0
2687.0,100636.5,57.47915,0
2688.0,100640.25,57.165221,0
2689.0,100647.25,56.579247,0
2690.0,100652.0,56.18164,0
2691.0,100655.5,55.888676,0
2692.0,100658.25,55.658497,0
2693.0,100661.75,55.365548,0
2694.0,100665.25,55.072607,0
2695.0,100667.25,54.905216,0
2696.0,100668.0,54.842445,0
2697.0,100667.75,54.863369,0
2698.0,100668.75,54.779674,0
2699.0,100669.5,54.716904,0
2700.0,100669.5,54.716904,0
2701.0,100669.0,54.758751,0
2702.0,100669.25,54.737828,0
2703.0,100669.5,54.716904,0
2704.0,100669.75,54.695981,0
2705.0,100672.0,54.507673,0
2706.0,100677.75,54.026457,0
2707.0,100687.0,53.252374,0
2708.0,100700.0,52.164572,0
2709.0,100714.25,50.972303,0
2710.0,100730.5,49.612865,0
2711.0,100747.0,48.232694,0
2712.0,100761.75,46.99906,0
2713.0,100773.5,46.016439,0
2714.0,100782.0,45.305664,0
2715.0,100787.75,44.824874,0
2716.0,100793.5,44.344106,0
2717.0,100798.0,43.967868,0
2718.0,100800.75,43.737952,0
2719.0,100802.5,43.591644,0
2720.0,100804.0,43.466239,0
2721.0,100804.5,43.424437,0
2722.0,100806.25,43.278134,0
2723.0,100806.0,43.299034,0
2724.0,100807.0,43.215433,0
2725.0,100807.0,43.215433,0
2726.0,100809.75,42.985533,0
2727.0,100814.5,42.588446,0
2728.0,100822.75,41.898803,0
2729.0,100833.75,40.97935,0
2730.0,100843.25,40.185343,0
2731.0,100850.5,39.579431,0
2732.0,100856.25,39.098905,0
2733.0,100861.25,38.681074,0
2734.0,100864.5,38.409493,0
2735.0,100867.25,38.1797,0
2736.0,100869.75,37.970801,0
2737.0,100870.5,37.908132,0
2738.0,100871.25,37.845463,0
2739.0,100871.75,37.803685,0
2740.0,100871.25,37.845463,0
2741.0,100872.5,37.741017,0
2742.0,100873.5,37.65746,0
2743.0,100874.5,37.573904,0
2744.0,100874.5,37.573904,0
2745.0,100876.25,37.427683,0
2746.0,100880.0,37.114359,0
2747.0,100888.5,36.404192,0
2748.0,100898.75,35.547879,0
2749.0,100910.25,34.587222,0
2750.0,100919.5,33.814583,0
2751.0,100926.0,33.271682,0
2752.0,100930.25,32.916724,0
2753.0,100934.0,32.603535,0
2754.0,100936.5,32.394748,0
2755.0,100939.0,32.185965,0
2756.0,100941.25,31.998064,0
2757.0,100942.5,31.893676,0
2758.0,100943.75,31.789289,0
2759.0,100945.5,31.643149,0
2760.0,100946.0,31.601395,0
2761.0,100945.5,31.643149,0
2762.0,100946.25,31.580519,0
2763.0,100945.75,31.622272,0
2764.0,100939.75,32.123331,0
2765.0,100930.0,32.937603,0
2766.0,100917.75,33.960753,0
2767.0,100903.75,35.130191,0
2768.0,100888.5,36.404192,0
2769.0,100872.5,37.741017,0
2770.0,100858.0,38.952662,0
2771.0,100844.75,40.059979,0
2772.0,100834.75,40.895768,0
2773.0,100827.5,41.501757,0
2774.0,100822.75,41.898803,0
2775.0,100819.0,42.212271,0
2776.0,100815.75,42.483951,0
2777.0,100813.25,42.692941,0
2778.0,100812.0,42.797437,0
2779.0,100811.5,42.839236,0
2780.0,100807.0,43.215433,1
2781.0,100802.5,43.591644,1
2782.0,100798.0,43.967868,1
2783.0,100793.5,44.344106,1
2784.0,100789.0,44.720357,1
2785.0,100784.5,45.096622,1
2786.0,100780.0,45.472901,1
2787.0,100775.5,45.849193,1
2788.0,100771.0,46.225499,1
2789.0,100766.5,46.601819,1
2790.0,100762.0,46.978152,0
2791.0,100745.75,48.337246,0
2792.0,100730.0,49.654691,0
2793.0,100715.25,50.88864,0
2794.0,100703.75,51.850803,0
2795.0,100694.5,52.624782,0
2796.0,100688.75,53.105933,0
2797.0,100685.0,53.419739,0
2798.0,100681.5,53.712633,0
2799.0,100679.0,53.921848,0
2800.0,100676.75,54.110145,0
2801.0,100674.75,54.277524,0
2802.0,100673.25,54.403059,0
2803.0,100673.25,54.403059,0
2804.0,100673.25,54.403059,0
2805.0,100672.75,54.444905,0
2806.0,100672.25,54.48675,0
2807.0,100671.5,54.549519,0
2808.0,100673.25,54.403059,0
2809.0,100678.25,53.984614,0
2810.0,100688.25,53.147773,0
2811.0,100698.25,52.311,0
2812.0,100712.5,51.118714,0
2813.0,100728.0,49.821997,0
2814.0,100743.75,48.504531,0
2815.0,100760.75,47.082691,0
2816.0,100778.5,45.59833,0
2817.0,100798.0,43.967868,0
2818.0,100816.25,42.442154,0
2819.0,100835.75,40.812186,0
2820.0,100854.75,39.224257,0
2821.0,100874.75,37.553015,0
2822.0,100891.75,36.132671,0
2823.0,100905.5,34.984004,0
2824.0,100915.25,34.169572,0
2825.0,100923.75,33.459606,0
2826.0,100928.75,33.042002,0
2827.0,100932.75,32.70793,0
2828.0,100936.75,32.37387,0
2829.0,100939.5,32.144209,0
2830.0,100941.75,31.956309,0
2831.0,100943.75,31.789289,0
2832.0,100945.5,31.643149,0
2833.0,100945.5,31.643149,0
2834.0,100945.0,31.684903,0
2835.0,100945.5,31.643149,0
2836.0,100945.75,31.622272,0
2837.0,100946.5,31.559642,0
2838.0,100946.5,31.559642,0
2839.0,100948.0,31.434381,0
2840.0,100947.25,31.497011,0
2841.0,100942.75,31.872799,0
2842.0,100935.5,32.478263,0
2843.0,100924.75,33.376084,0
2844.0,100915.75,34.127808,0
2845.0,100906.5,34.90047,0
2846.0,100898.75,35.547879,0
2847.0,100893.0,36.028241,0
2848.0,100889.5,36.320646,0
2849.0,100885.0,36.696608,0
2850.0,100882.5,36.905481,0
2851.0,100879.5,37.156135,0
2852.0,100878.75,37.218799,0
2853.0,100878.0,37.281464,0
2854.0,100878.5,37.239687,0
2855.0,100878.5,37.239687,0
2856.0,100877.75,37.302352,0
2857.0,100877.5,37.323241,0
2858.0,100877.25,37.344129,0
2859.0,100874.5,37.573904,0
2860.0,100868.75,38.05436,0
2861.0,100862.25,38.59751,0
2862.0,100858.25,38.931771,0
2863.0,100854.0,39.286934,0
2864.0,100851.0,39.537645,0
2865.0,100848.75,39.725682,0
2866.0,100847.0,39.871936,0
2867.0,100845.75,39.976404,0
2868.0,100845.0,40.039085,0
2869.0,100844.5,40.080873,0
2870.0,100844.0,40.122661,0
2871.0,100843.5,40.164449,0
2872.0,100843.0,40.206237,0
2873.0,100843.0,40.206237,0
2874.0,100842.5,40.248026,0
2875.0,100843.25,40.185343,0
2876.0,100844.25,40.101767,0
2877.0,100844.5,40.080873,0
2878.0,100844.5,40.080873,0
2879.0,100844.5,40.080873,0
2880.0,100843.25,40.185343,0
2881.0,100842.0,40.289814,0
2882.0,100842.75,40.227131,0
2883.0,100842.75,40.227131,0
2884.0,100842.75,40.227131,0
2885.0,100843.0,40.206237,0
2886.0,100843.25,40.185343,0
2887.0,100843.5,40.164449,0
2888.0,100844.25,40.101767,0
2889.0,100843.75,40.143555,0
2890.0,100843.25,40.185343,0
2891.0,100843.0,40.206237,0
2892.0,100844.0,40.122661,0
2893.0,100844.25,40.101767,0
2894.0,100844.0,40.122661,0
2895.0,100844.25,40.101767,0
2896.0,100844.5,40.080873,0
2897.0,100844.5,40.080873,0
2898.0,100844.75,40.059979,0
2899.0,100844.25,40.101767,0
2900.0,100844.5,40.080873,0
2901.0,100843.25,40.185343,0
2902.0,100843.75,40.143555,0
2903.0,100844.0,40.122661,0
2904.0,100844.75,40.059979,0
2905.0,100844.25,40.101767,0
2906.0,100844.25,40.101767,0
2907.0,100844.0,40.122661,0
2908.0,100843.5,40.164449,0
2909.0,100843.5,40.164449,0
2910.0,100844.0,40.122661,0
2911.0,100843.75,40.143555,0
2912.0,100843.75,40.143555,0
2913.0,100844.5,40.080873,0
2914.0,100844.5,40.080873,0
2915.0,100844.0,40.122661,0
2916.0,100844.0,40.122661,0
2917.0,100844.5,40.080873,0
2918.0,100844.5,40.080873,0
2919.0,100844.25,40.101767,0
2920.0,100843.5,40.164449,0
2921.0,100842.5,40.248026,0
2922.0,100842.5,40.248026,0
2923.0,100843.0,40.206237,0
2924.0,100843.25,40.185343,0
2925.0,100845.0,40.039085,0
2926.0,100845.0,40.039085,0
2927.0,100845.5,39.997298,0
2928.0,100845.5,39.997298,0
2929.0,100845.5,39.997298,0
2930.0,100844.75,40.059979,0
2931.0,100844.25,40.101767,0
2932.0,100844.25,40.101767,0
2933.0,100844.5,40.080873,0
2934.0,100844.0,40.122661,0
2935.0,100844.25,40.101767,0
2936.0,100843.5,40.164449,0
2937.0,100843.75,40.143555,0
2938.0,100843.5,40.164449,0
2939.0,100840.5,40.415181,0
2940.0,100833.5,41.000246,0
2941.0,100823.0,41.877905,0
2942.0,100811.5,42.839236,0
2943.0,100799.0,43.884262,0
2944.0,100785.0,45.054815,0
2945.0,100769.25,46.371844,0
2946.0,100754.0,47.647222,0
2947.0,100735.5,49.194612,0
2948.0,100717.5,50.700401,0
2949.0,100700.5,52.122735,0
2950.0,100685.5,53.377898,0
2951.0,100673.25,54.403059,0
2952.0,100663.75,55.198152,0
2953.0,100657.5,55.721272,0
2954.0,100654.0,56.014231,0
2955.0,100649.75,56.369978,0
2956.0,100647.0,56.600174,0
2957.0,100645.0,56.767592,0
2958.0,100642.75,56.955941,0
2959.0,100641.25,57.081509,0
2960.0,100647.2273,56.581149,1
2961.0,100653.2045,56.080814,1
2962.0,100659.1818,55.580503,1
2963.0,100665.1591,55.080216,1
2964.0,100671.1364,54.579952,1
2965.0,100677.1136,54.079713,1
2966.0,100683.0909,53.579498,1
2967.0,100689.0682,53.079307,1
2968.0,100695.0455,52.57914,1
2969.0,100701.0227,52.078997,1
2970.0,100707.0,51.578879,0
2971.0,100716.25,50.804978,0
2972.0,100723.5,50.198447,0
2973.0,100728.0,49.821997,0
2974.0,100732.0,49.487387,0
2975.0,100735.0,49.236436,0
2976.0,100737.25,49.048227,0
2977.0,100738.75,48.922756,0
2978.0,100739.75,48.83911,0
2979.0,100740.75,48.755464,0
2980.0,100741.5,48.69273,0
2981.0,100741.75,48.671819,0
2982.0,100742.0,48.650908,0
2983.0,100743.75,48.504531,0
2984.0,100746.25,48.295425,0
2985.0,100753.25,47.70995,0
2986.0,100763.0,46.894521,0
2987.0,100775.5,45.849193,0
2988.0,100789.75,44.657648,0
2989.0,100804.75,43.403537,0
2990.0,100821.0,42.045087,0
2991.0,100839.0,40.540549,0
2992.0,100857.0,39.036229,0
2993.0,100875.25,37.511238,0
2994.0,100893.0,36.028241,0
2995.0,100907.5,34.816936,0
2996.0,100919.25,33.835464,0
2997.0,100927.75,33.125521,0
2998.0,100934.75,32.540899,0
2999.0,100938.5,32.227722,0
3000.0,100941.5,31.977187,0
3001.0,100943.5,31.810167,0
3002.0,100946.25,31.580519,0
3003.0,100948.25,31.413505,0
3004.0,100949.0,31.350876,0
3005.0,100950.0,31.26737,0
3006.0,100950.5,31.225618,0
3007.0,100950.75,31.204742,0
3008.0,100952.25,31.079486,0
3009.0,100951.0,31.183866,0
3010.0,100946.25,31.580519,0
3011.0,100937.75,32.290356,0
3012.0,100926.5,33.229922,0
3013.0,100914.0,34.273983,0
3014.0,100900.75,35.380802,0
3015.0,100888.25,36.425079,0
3016.0,100877.0,37.365018,0
3017.0,100869.0,38.03347,0
3018.0,100863.0,38.534838,0
3019.0,100858.0,38.952662,0
3020.0,100855.0,39.203365,0
3021.0,100851.25,39.516752,0
3022.0,100849.0,39.704789,0
3023.0,100849.0,39.704789,0
3024.0,100847.75,39.809256,0
3025.0,100847.25,39.851042,0
3026.0,100847.0,39.871936,0
3027.0,100846.5,39.913723,0
3028.0,100846.75,39.892829,0
3029.0,100847.25,39.851042,0
3030.0,100847.5,39.830149,0
3031.0,100850.25,39.600324,0
3032.0,100857.25,39.015338,0
3033.0,100862.5,38.576619,0
3034.0,100867.0,38.20059,0
3035.0,100869.75,37.970801,0
3036.0,100871.5,37.824574,0
3037.0,100873.75,37.636571,0
3038.0,100876.25,37.427683,0
3039.0,100878.0,37.281464,0
3040.0,100878.25,37.260576,0
3041.0,100879.0,37.197911,0
3042.0,100880.5,37.072583,0
3043.0,100880.5,37.072583,0
3044.0,100880.5,37.072583,0
3045.0,100880.5,37.072583,0
3046.0,100882.0,36.947256,0
3047.0,100883.0,36.863706,0
3048.0,100886.75,36.550399,0
3049.0,100893.75,35.965584,0
3050.0,100904.5,35.067539,0
3051.0,100913.25,34.33663,0
3052.0,100923.25,33.501368,0
3053.0,100931.25,32.833206,0
3054.0,100937.0,32.352991,0
3055.0,100942.5,31.893676,0
3056.0,100945.75,31.622272,0
3057.0,100947.0,31.517888,0
3058.0,100948.75,31.371752,0
3059.0,100949.0,31.350876,0
3060.0,100949.5,31.309123,0
3061.0,100948.75,31.371752,0
3062.0,100950.25,31.246494,0
3063.0,100951.75,31.121238,0
3064.0,100952.5,31.05861,0
3065.0,100952.75,31.037734,0
3066.0,100949.25,31.329999,0
3067.0,100940.5,32.060698,0
3068.0,100929.0,33.021122,0
3069.0,100916.5,34.065162,0
3070.0,100901.5,35.318149,0
3071.0,100886.5,36.571286,0
3072.0,100870.75,37.887242,0
3073.0,100854.0,39.286934,0
3074.0,100836.5,40.7495,0
3075.0,100817.75,42.316763,0
3076.0,100800.0,43.800656,0
3077.0,100782.0,45.305664,0
3078.0,100765.75,46.66454,0
3079.0,100752.25,47.793587,0
3080.0,100748.9773,48.067314,1
3081.0,100745.7045,48.341048,1
3082.0,100742.4318,48.614789,1
3083.0,100739.1591,48.888537,1
3084.0,100735.8864,49.162293,1
3085.0,100732.6136,49.436056,1
3086.0,100729.3409,49.709826,1
3087.0,100726.0682,49.983603,1
3088.0,100722.7955,50.257387,1
3089.0,100719.5227,50.531179,1
3090.0,100716.25,50.804978,0
3091.0,100715.0,50.909556,0
3092.0,100715.0,50.909556,0
3093.0,100715.25,50.88864,0
3094.0,100716.25,50.804978,0
3095.0,100718.5,50.61674,0
3096.0,100726.5,49.947479,0
3097.0,100737.0,49.069139,0
3098.0,100749.75,48.002683,0
3099.0,100764.0,46.810891,0
3100.0,100779.0,45.55652,0
3101.0,100794.5,44.260496,0
3102.0,100812.0,42.797437,0
3103.0,100831.25,41.18831,0
3104.0,100850.0,39.621217,0
3105.0,100869.25,38.01258,0
3106.0,100888.75,36.383306,0
3107.0,100904.0,35.109307,0
3108.0,100916.25,34.086044,0
3109.0,100925.5,33.313443,0
3110.0,100933.5,32.645293,0
3111.0,100938.0,32.269478,0
3112.0,100941.5,31.977187,0
3113.0,100944.25,31.747535,0
3114.0,100946.5,31.559642,0
3115.0,100949.25,31.329999,0
3116.0,100950.5,31.225618,0
3117.0,100951.5,31.142114,0
3118.0,100952.5,31.05861,0
3119.0,100953.5,30.975107,0
3120.0,100953.75,30.954231,0
3121.0,100951.25,31.16299,0
3122.0,100944.25,31.747535,0
3123.0,100933.5,32.645293,0
3124.0,100921.75,33.626653,0
3125.0,100908.75,34.71252,0
3126.0,100894.75,35.882042,0
3127.0,100879.0,37.197911,0
3128.0,100862.75,38.555728,0
3129.0,100846.5,39.913723,0
3130.0,100829.0,41.376377,0
3131.0,100811.25,42.860136,0
3132.0,100796.5,44.093279,0
3133.0,100785.25,45.033911,0
3134.0,100776.75,45.744666,0
3135.0,100770.0,46.309125,0
3136.0,100764.0,46.810891,0
3137.0,100760.25,47.124507,0
3138.0,100758.25,47.291773,0
3139.0,100756.25,47.459042,0
3140.0,100754.5,47.605404,0
3141.0,100752.25,47.793587,0
3142.0,100751.75,47.835406,0
3143.0,100751.0,47.898135,0
3144.0,100750.75,47.919044,0
3145.0,100751.0,47.898135,0
3146.0,100750.75,47.919044,0
3147.0,100752.25,47.793587,0
3148.0,100754.25,47.626313,0
3149.0,100760.25,47.124507,0
3150.0,100769.25,46.371844,0
3151.0,100780.5,45.431092,0
3152.0,100795.75,44.155985,0
3153.0,100811.25,42.860136,0
3154.0,100826.5,41.585344,0
3155.0,100841.0,40.373392,0
3156.0,100852.75,39.391396,0
3157.0,100862.0,38.618401,0
3158.0,100869.0,38.03347,0
3159.0,100873.75,37.636571,0
3160.0,100876.5,37.406795,0
3161.0,100878.25,37.260576,0
3162.0,100880.0,37.114359,0
3163.0,100882.75,36.884594,0
3164.0,100884.5,36.738382,0
3165.0,100885.5,36.654834,0
3166.0,100886.75,36.550399,0
3167.0,100886.75,36.550399,0
3168.0,100888.0,36.445965,0
3169.0,100888.0,36.445965,0
3170.0,100889.0,36.362419,0
3171.0,100888.0,36.445965,0
3172.0,100888.0,36.445965,0
3173.0,100887.75,36.466852,0
3174.0,100887.5,36.487739,0
3175.0,100887.5,36.487739,0
3176.0,100887.75,36.466852,0
3177.0,100887.75,36.466852,0
3178.0,100887.75,36.466852,0
3179.0,100886.25,36.592173,0
3180.0,100885.5,36.654834,0
3181.0,100885.75,36.633947,0
3182.0,100885.5,36.654834,0
3183.0,100886.5,36.571286,0
3184.0,100886.5,36.571286,0
3185.0,100888.5,36.404192,0
3186.0,100894.75,35.882042,0
3187.0,100904.0,35.109307,0
3188.0,100916.0,34.106926,0
3189.0,100927.25,33.167281,0
3190.0,100936.25,32.415627,0
3191.0,100942.25,31.914554,0
3192.0,100947.75,31.455258,0
3193.0,100952.0,31.100362,0
3194.0,100956.25,30.745477,0
3195.0,100958.75,30.536727,0
3196.0,100961.0,30.348856,0
3197.0,100961.75,30.286233,0
3198.0,100963.0,30.181862,0
3199.0,100964.0,30.098366,0
3200.0,100963.5,30.140114,0
3201.0,100962.5,30.223611,0
3202.0,100963.75,30.11924,0
3203.0,100963.5,30.140114,0
3204.0,100962.5,30.223611,0
3205.0,100954.5,30.891605,0
3206.0,100944.25,31.747535,0
3207.0,100933.0,32.687051,0
3208.0,100922.75,33.543129,0
3209.0,100915.0,34.190454,0
3210.0,100908.75,34.71252,0
3211.0,100902.5,35.234612,0
3212.0,100900.0,35.443456,0
3213.0,100897.5,35.652304,0
3214.0,100895.0,35.861156,0
3215.0,100894.25,35.923813,0
3216.0,100894.25,35.923813,0
3217.0,100893.25,36.007355,0
3218.0,100892.5,36.070013,0
3219.0,100892.5,36.070013,0
3220.0,100891.75,36.132671,0
3221.0,100891.25,36.174443,0
3222.0,100891.75,36.132671,0
3223.0,100890.5,36.237101,0
3224.0,100890.25,36.257987,0
3225.0,100890.75,36.216215,0
3226.0,100892.0,36.111785,0
3227.0,100891.5,36.153557,0
3228.0,100890.75,36.216215,0
3229.0,100890.0,36.278874,0
3230.0,100889.5,36.320646,0
3231.0,100888.5,36.404192,0
3232.0,100883.0,36.863706,0
3233.0,100873.25,37.678349,0
3234.0,100861.5,38.660183,0
3235.0,100848.0,39.788362,0
3236.0,100833.0,41.042038,0
3237.0,100817.5,42.337661,0
3238.0,100803.5,43.50804,0
3239.0,100791.5,44.511327,0
3240.0,100781.5,45.347473,0
3241.0,100773.25,46.037345,0
3242.0,100767.25,46.539098,0
3243.0,100762.25,46.957244,0
3244.0,100759.0,47.229048,0
3245.0,100756.5,47.438133,0
3246.0,100755.0,47.563586,0
3247.0,100753.5,47.68904,0
3248.0,100753.25,47.70995,0
3249.0,100753.0,47.730859,0
3250.0,100752.75,47.751768,0
3251.0,100751.75,47.835406,0
3252.0,100752.5,47.772678,0
3253.0,100753.0,47.730859,0
3254.0,100754.75,47.584495,0
3255.0,100757.75,47.33359,0
3256.0,100766.0,46.643633,0
3257.0,100777.0,45.723761,0
3258.0,100790.25,44.615842,0
3259.0,100805.0,43.382636,0
3260.0,100821.75,41.982394,0
3261.0,100838.75,40.561444,0
3262.0,100856.5,39.078013,0
3263.0,100876.25,37.427683,0
3264.0,100895.75,35.7985,0
3265.0,100912.25,34.42016,0
3266.0,100924.75,33.376084,0
3267.0,100933.75,32.624414,0
3268.0,100941.0,32.018942,0
3269.0,100946.25,31.580519,0
3270.0,100949.25,31.329999,0
3271.0,100952.0,31.100362,0
3272.0,100954.25,30.91248,0
3273.0,100956.25,30.745477,0
3274.0,100957.75,30.620227,0
3275.0,100958.75,30.536727,0
3276.0,100959.75,30.453229,0
3277.0,100960.5,30.390605,0
3278.0,100962.0,30.265359,0
3279.0,100958.5,30.557602,0
3280.0,100949.5,31.309123,0
3281.0,100939.5,32.144209,0
3282.0,100928.75,33.042002,0
3283.0,100920.5,33.731058,0
3284.0,100913.75,34.294865,0
3285.0,100907.0,34.858703,0
3286.0,100902.5,35.234612,0
3287.0,100899.0,35.526994,0
3288.0,100896.75,35.714959,0
3289.0,100895.25,35.840271,0
3290.0,100894.25,35.923813,0
3291.0,100892.75,36.049127,0
3292.0,100891.5,36.153557,0
3293.0,100891.25,36.174443,0
3294.0,100890.5,36.237101,0
3295.0,100889.25,36.341533,0
3296.0,100889.25,36.341533,0
3297.0,100888.75,36.383306,0
3298.0,100887.75,36.466852,0
3299.0,100882.25,36.926369,0
3300.0,100873.5,37.65746,0
3301.0,100861.0,38.701966,0
3302.0,100847.75,39.809256,0
3303.0,100833.25,41.021142,0
3304.0,100816.75,42.400357,0
3305.0,100800.0,43.800656,0
3306.0,100784.25,45.117526,0
3307.0,100766.75,46.580912,0
3308.0,100748.75,48.086323,0
3309.0,100730.5,49.612865,0
3310.0,100712.0,51.160547,0
3311.0,100695.5,52.541106,0
3312.0,100683.25,53.566185,0
3313.0,100673.0,54.423982,0
3314.0,100665.5,55.051683,0
3315.0,100661.0,55.428322,0
3316.0,100656.5,55.804974,0
3317.0,100653.5,56.056083,0
3318.0,100651.5,56.223493,0
3319.0,100649.5,56.390905,0
3320.0,100648.5,56.474612,0
3321.0,100648.0,56.516466,0
3322.0,100648.0,56.516466,0
3323.0,100648.0,56.516466,0
3324.0,100648.75,56.453685,0
3325.0,100649.5,56.390905,0
3326.0,100649.5,56.390905,0
3327.0,100650.0,56.349052,0
3328.0,100648.5,56.474612,0
3329.0,100647.0,56.600174,0
3330.0,100646.0,56.683883,0
3331.0,100645.5,56.725737,0
3332.0,100645.75,56.70481,0
3333.0,100645.75,56.70481,0
3334.0,100646.25,56.662956,0
3335.0,100646.75,56.621101,0
3336.0,100646.75,56.621101,0
3337.0,100645.75,56.70481,0
3338.0,100645.25,56.746665,0
3339.0,100645.0,56.767592,0
3340.0,100645.0,56.767592,0
3341.0,100644.5,56.809447,0
3342.0,100645.25,56.746665,0
3343.0,100646.0,56.683883,0
3344.0,100646.25,56.662956,0
3345.0,100646.0,56.683883,0
3346.0,100646.0,56.683883,0
3347.0,100646.0,56.683883,0
3348.0,100646.25,56.662956,0
3349.0,100646.0,56.683883,0
3350.0,100645.75,56.70481,0
3351.0,100644.25,56.830375,0
3352.0,100644.25,56.830375,0
3353.0,100643.75,56.87223,0
3354.0,100643.25,56.914085,0
3355.0,100643.25,56.914085,0
3356.0,100644.0,56.851302,0
3357.0,100644.25,56.830375,0
3358.0,100644.25,56.830375,0
3359.0,100644.75,56.78852,0
3360.0,100643.5,56.893158,0
3361.0,100642.5,56.976869,0
3362.0,100643.0,56.935013,0
3363.0,100643.75,56.87223,0
3364.0,100643.0,56.935013,0
3365.0,100642.75,56.955941,0
3366.0,100643.0,56.935013,0
3367.0,100643.25,56.914085,0
3368.0,100643.75,56.87223,0
3369.0,100644.25,56.830375,0
3370.0,100644.25,56.830375,0
3371.0,100643.25,56.914085,0
3372.0,100643.75,56.87223,0
3373.0,100643.5,56.893158,0
3374.0,100644.0,56.851302,0
3375.0,100644.0,56.851302,0
3376.0,100644.0,56.851302,0
3377.0,100643.75,56.87223,0
3378.0,100643.5,56.893158,0
3379.0,100643.25,56.914085,0
3380.0,100643.0,56.935013,0
3381.0,100642.25,56.997797,0
3382.0,100642.0,57.018725,0
3383.0,100642.0,57.018725,0
3384.0,100641.75,57.039653,0
3385.0,100641.25,57.081509,0
3386.0,100642.0,57.018725,0
3387.0,100642.5,56.976869,0
3388.0,100641.5,57.060581,0
3389.0,100641.75,57.039653,0
3390.0,100641.25,57.081509,0
3391.0,100640.5,57.144293,0
3392.0,100641.0,57.102437,0
3393.0,100641.75,57.039653,0
3394.0,100642.0,57.018725,0
3395.0,100642.25,56.997797,0
3396.0,100642.0,57.018725,0
3397.0,100642.25,56.997797,0
3398.0,100641.5,57.060581,0
3399.0,100642.0,57.018725,0
3400.0,100642.75,56.955941,0
3401.0,100643.0,56.935013,0
3402.0,100642.0,57.018725,0
3403.0,100641.5,57.060581,0
3404.0,100641.5,57.060581,0
3405.0,100641.75,57.039653,0
3406.0,100643.0,56.935013,0
3407.0,100642.75,56.955941,0
3408.0,100642.5,56.976869,0
3409.0,100641.75,57.039653,0
3410.0,100642.75,56.955941,0
3411.0,100642.75,56.955941,0
3412.0,100642.75,56.955941,0
3413.0,100644.0,56.851302,0
3414.0,100644.0,56.851302,0
3415.0,100644.25,56.830375,0
3416.0,100644.5,56.809447,0
3417.0,100643.75,56.87223,0
3418.0,100643.75,56.87223,0
3419.0,100643.75,56.87223,0
3420.0,100643.25,56.914085,0
3421.0,100643.75,56.87223,0
3422.0,100643.75,56.87223,0
3423.0,100644.5,56.809447,0
3424.0,100646.75,56.621101,0
3425.0,100654.25,55.993305,0
3426.0,100665.75,55.030759,0
3427.0,100678.25,53.984614,0
3428.0,100693.75,52.68754,0
3429.0,100710.75,51.265128,0
3430.0,100727.25,49.884738,0
3431.0,100744.75,48.420888,0
3432.0,100763.25,46.873614,0
3433.0,100782.25,45.28476,0
3434.0,100801.25,43.696149,0
3435.0,100820.25,42.107781,0
3436.0,100835.5,40.833081,0
3437.0,100848.0,39.788362,0
3438.0,100858.0,38.952662,0
3439.0,100865.0,38.367712,0
3440.0,100869.5,37.991691,0
3441.0,100873.0,37.699238,0
3442.0,100876.5,37.406795,0
3443.0,100878.0,37.281464,0
3444.0,100881.0,37.030807,0
3445.0,100882.25,36.926369,0
3446.0,100883.0,36.863706,0
3447.0,100883.75,36.801044,0
3448.0,100883.75,36.801044,0
3449.0,100883.75,36.801044,0
3450.0,100874.4048,37.581862,1
3451.0,100865.0595,38.362738,1
3452.0,100855.7143,39.143674,1
3453.0,100846.369,39.924667,1
3454.0,100837.0238,40.705719,1
3455.0,100827.6786,41.48683,1
3456.0,100818.3333,42.268,1
3457.0,100808.9881,43.049228,1
3458.0,100799.6429,43.830515,1
3459.0,100790.2976,44.61186,1
3460.0,100780.9524,45.393264,1
3461.0,100771.6071,46.174727,1
3462.0,100762.2619,46.956249,1
3463.0,100752.9167,47.737829,1
3464.0,100743.5714,48.519467,1
3465.0,100734.2262,49.301165,1
3466.0,100724.881,50.082921,1
3467.0,100715.5357,50.864736,1
3468.0,100706.1905,51.64661,1
3469.0,100696.8452,52.428543,1
3470.0,100687.5,53.210534,0
3471.0,100686.25,53.315136,0
3472.0,100685.5,53.377898,0
3473.0,100685.25,53.398818,0
3474.0,100684.75,53.44066,0
3475.0,100684.25,53.482501,0
3476.0,100684.5,53.46158,0
3477.0,100687.5,53.210534,0
3478.0,100693.5,52.708459,0
3479.0,100704.75,51.767133,0
3480.0,100716.0,50.825893,0
3481.0,100724.0,50.156619,0
3482.0,100730.75,49.591952,0
3483.0,100735.75,49.1737,0
3484.0,100740.25,48.797287,0
3485.0,100743.5,48.525442,0
3486.0,100746.0,48.316335,0
3487.0,100747.5,48.190873,0
3488.0,100748.75,48.086323,0
3489.0,100749.0,48.065413,0
3490.0,100749.75,48.002683,0
3491.0,100749.75,48.002683,0
3492.0,100750.5,47.939954,0
3493.0,100750.75,47.919044,0
3494.0,100751.25,47.877225,0
3495.0,100750.25,47.960864,0
3496.0,100751.5,47.856315,0
3497.0,100752.25,47.793587,0
3498.0,100756.0,47.47995,0
3499.0,100762.25,46.957244,0
3500.0,100772.5,46.100062,0
3501.0,100786.0,44.971199,0
3502.0,100799.75,43.821557,0
3503.0,100812.0,42.797437,0
3504.0,100822.0,41.961496,0
3505.0,100829.75,41.313687,0
3506.0,100835.25,40.853977,0
3507.0,100839.75,40.477865,0
3508.0,100843.25,40.185343,0
3509.0,100846.25,39.934617,0
3510.0,100848.0,39.788362,0
3511.0,100848.25,39.767469,0
3512.0,100849.5,39.663003,0
3513.0,100851.0,39.537645,0
3514.0,100851.75,39.474967,0
3515.0,100852.25,39.433182,0
3516.0,100853.75,39.307827,0
3517.0,100854.0,39.286934,0
3518.0,100855.75,39.140689,0
3519.0,100860.5,38.743748,0
3520.0,100868.5,38.07525,0
3521.0,100878.75,37.218799,0
3522.0,100892.25,36.090899,0
3523.0,100907.25,34.837819,0
3524.0,100920.0,33.77282,0
3525.0,100930.25,32.916724,0
3526.0,100938.5,32.227722,0
3527.0,100944.5,31.726658,0
3528.0,100948.0,31.434381,0
3529.0,100951.0,31.183866,0
3530.0,100953.0,31.016858,0
3531.0,100954.5,30.891605,0
3532.0,100955.75,30.787228,0
3533.0,100957.25,30.661977,0
3534.0,100957.5,30.641102,0
3535.0,100958.5,30.557602,0
3536.0,100958.75,30.536727,0
3537.0,100959.5,30.474103,0
3538.0,100959.25,30.494978,0
3539.0,100960.0,30.432354,0
3540.0,100959.5,30.474103,0
3541.0,100959.5,30.474103,0
3542.0,100960.0,30.432354,0
3543.0,100957.75,30.620227,0
3544.0,100950.5,31.225618,0
3545.0,100939.75,32.123331,0
3546.0,100928.0,33.104641,0
3547.0,100914.0,34.273983,0
3548.0,100898.5,35.568764,0
3549.0,100882.75,36.884594,0
3550.0,100866.25,38.263261,0
3551.0,100849.25,39.683896,0
3552.0,100832.75,41.062934,0
3553.0,100816.0,42.463053,0
3554.0,100800.5,43.758853,0
3555.0,100789.0,44.720357,0
3556.0,100780.25,45.451996,0
3557.0,100773.5,46.016439,0
3558.0,100768.0,46.476377,0
3559.0,100763.5,46.852706,0
3560.0,100761.4318,47.02567,1
3561.0,100759.3636,47.198636,1
3562.0,100757.2955,47.371606,1
3563.0,100755.2273,47.544578,1
3564.0,100753.1591,47.717553,1
3565.0,100751.0909,47.890531,1
3566.0,100749.0227,48.063512,1
3567.0,100746.9545,48.236496,1
3568.0,100744.8864,48.409482,1
3569.0,100742.8182,48.582472,1
3570.0,100740.75,48.755464,0
3571.0,100729.0,49.738344,0
3572.0,100719.75,50.512165,0
3573.0,100712.0,51.160547,0
3574.0,100705.75,51.683464,0
3575.0,100700.75,52.101817,0
3576.0,100698.0,52.331918,0
3577.0,100695.5,52.541106,0
3578.0,100694.25,52.645701,0
3579.0,100693.25,52.729378,0
3580.0,100691.75,52.854895,0
3581.0,100691.0,52.917654,0
3582.0,100690.5,52.959493,0
3583.0,100690.25,52.980413,0
3584.0,100689.75,53.022253,0
3585.0,100688.0,53.168693,0
3586.0,100687.75,53.189614,0
3587.0,100686.75,53.273295,0
3588.0,100689.25,53.064093,0
3589.0,100695.0,52.582944,0
3590.0,100703.5,51.871721,0
3591.0,100714.5,50.951387,0
3592.0,100729.0,49.738344,0
3593.0,100745.0,48.399977,0
3594.0,100761.75,46.99906,0
3595.0,100776.0,45.807382,0
3596.0,100787.25,44.866681,0
3597.0,100796.25,44.114181,0
3598.0,100802.75,43.570743,0
3599.0,100808.75,43.069133,0
3600.0,100812.0,42.797437,0
3601.0,100814.25,42.609345,0
3602.0,100816.0,42.463053,0
3603.0,100817.75,42.316763,0
3604.0,100818.75,42.233169,0
3605.0,100819.75,42.149577,0
3606.0,100821.0,42.045087,0
3607.0,100822.0,41.961496,0
3608.0,100823.0,41.877905,0
3609.0,100824.0,41.794316,0
3610.0,100827.75,41.48086,0
3611.0,100832.75,41.062934,0
3612.0,100837.25,40.686814,0
3613.0,100841.0,40.373392,0
3614.0,100844.25,40.101767,0
3615.0,100846.75,39.892829,0
3616.0,100848.75,39.725682,0
3617.0,100849.5,39.663003,0
3618.0,100851.0,39.537645,0
3619.0,100852.75,39.391396,0
3620.0,100853.0,39.370504,0
3621.0,100852.75,39.391396,0
3622.0,100854.0,39.286934,0
3623.0,100853.5,39.328719,0
3624.0,100853.75,39.307827,0
3625.0,100853.25,39.349611,0
3626.0,100853.5,39.328719,0
3627.0,100856.25,39.098905,0
3628.0,100862.75,38.555728,0
3629.0,100873.0,37.699238,0
3630.0,100886.5,36.571286,0
3631.0,100900.75,35.380802,0
3632.0,100914.5,34.232218,0
3633.0,100925.75,33.292562,0
3634.0,100935.0,32.52002,0
3635.0,100941.25,31.998064,0
3636.0,100946.0,31.601395,0
3637.0,100949.0,31.350876,0
3638.0,100951.25,31.16299,0
3639.0,100953.25,30.995983,0
3640.0,100954.25,30.91248,0
3641.0,100955.25,30.828978,0
3642.0,100956.5,30.724602,0
3643.0,100957.25,30.661977,0
3644.0,100957.75,30.620227,0
3645.0,100958.75,30.536727,0
3646.0,100959.0,30.515853,0
3647.0,100958.75,30.536727,0
3648.0,100953.75,30.954231,0
3649.0,100946.0,31.601395,0
3650.0,100933.75,32.624414,0
3651.0,100919.5,33.814583,0
3652.0,100904.5,35.067539,0
3653.0,100888.75,36.383306,0
3654.0,100872.75,37.720128,0
3655.0,100856.25,39.098905,0
3656.0,100839.5,40.49876,0
3657.0,100821.25,42.024189,0
3658.0,100803.75,43.487139,0
3659.0,100785.5,45.013007,0
3660.0,100766.5,46.601819,0
3661.0,100749.75,48.002683,0
3662.0,100733.75,49.340998,0
3663.0,100722.0,50.323933,0
3664.0,100713.25,51.055966,0
3665.0,100707.0,51.578879,0
3666.0,100703.25,51.892639,0
3667.0,100699.75,52.18549,0
3668.0,100697.0,52.415593,0
3669.0,100695.0,52.582944,0
3670.0,100694.0,52.66662,0
3671.0,100692.5,52.792136,0
3672.0,100692.0,52.833975,0
3673.0,100690.5,52.959493,0
3674.0,100690.0,53.001333,0
3675.0,100690.5,52.959493,0
3676.0,100690.0,53.001333,0
3677.0,100688.5,53.126853,0
3678.0,100687.75,53.189614,0
3679.0,100687.5,53.210534,0
3680.0,100689.0,53.085013,0
3681.0,100694.0,52.66662,0
3682.0,100704.25,51.808968,0
3683.0,100715.0,50.909556,0
3684.0,100724.5,50.11479,0
3685.0,100732.0,49.487387,0
3686.0,100737.25,49.048227,0
3687.0,100741.25,48.713642,0
3688.0,100745.0,48.399977,0
3689.0,100747.75,48.169963,0
3690.0,100749.0,48.065413,0
3691.0,100750.0,47.981773,0
3692.0,100750.25,47.960864,0
3693.0,100751.0,47.898135,0
3694.0,100751.0,47.898135,0
3695.0,100751.5,47.856315,0
3696.0,100752.0,47.814496,0
3697.0,100752.75,47.751768,0
3698.0,100755.0,47.563586,0
3699.0,100759.75,47.166324,0
3700.0,100767.75,46.497284,0
3701.0,100779.0,45.55652,0
3702.0,100793.25,44.365008,0
3703.0,100809.5,43.006433,0
3704.0,100826.75,41.564447,0
3705.0,100841.25,40.352498,0
3706.0,100853.25,39.349611,0
3707.0,100862.25,38.59751,0
3708.0,100867.75,38.13792,0
3709.0,100873.75,37.636571,0
3710.0,100877.0,37.365018,0
3711.0,100878.25,37.260576,0
3712.0,100881.25,37.00992,0
3713.0,100881.25,37.00992,0
3714.0,100883.0,36.863706,0
3715.0,100884.0,36.780157,0
3716.0,100885.25,36.675721,0
3717.0,100884.25,36.759269,0
3718.0,100885.5,36.654834,0
3719.0,100887.5,36.487739,0
3720.0,100891.5,36.153557,0
3721.0,100898.25,35.589649,0
3722.0,100908.5,34.733403,0
3723.0,100921.5,33.647534,0
3724.0,100931.5,32.812327,0
3725.0,100940.0,32.102453,0
3726.0,100946.5,31.559642,0
3727.0,100950.5,31.225618,0
3728.0,100952.75,31.037734,0
3729.0,100954.0,30.933356,0
3730.0,100955.0,30.849854,0
3731.0,100955.5,30.808103,0
3732.0,100957.0,30.682852,0
3733.0,100957.75,30.620227,0
3734.0,100958.5,30.557602,0
3735.0,100958.75,30.536727,0
3736.0,100958.25,30.578477,0
3737.0,100958.75,30.536727,0
3738.0,100959.25,30.494978,0
3739.0,100958.5,30.557602,0
3740.0,100956.75,30.703727,0
3741.0,100951.25,31.16299,0
3742.0,100943.0,31.851921,0
3743.0,100931.75,32.791447,0
3744.0,100918.25,33.91899,0
3745.0,100904.5,35.067539,0
3746.0,100892.25,36.090899,0
3747.0,100882.75,36.884594,0
3748.0,100875.0,37.532127,0
3749.0,100868.75,38.05436,0
3750.0,100864.75,38.388603,0
3751.0,100861.25,38.681074,0
3752.0,100859.5,38.827313,0
3753.0,100857.75,38.973554,0
3754.0,100856.0,39.119797,0
3755.0,100855.5,39.161581,0
3756.0,100855.25,39.182473,0
3757.0,100854.0,39.286934,0
3758.0,100853.0,39.370504,0
3759.0,100853.25,39.349611,0
3760.0,100843.0227,40.204338,1
3761.0,100832.7955,41.059134,1
3762.0,100822.5682,41.914001,1
3763.0,100812.3409,42.768938,1
3764.0,100802.1136,43.623945,1
3765.0,100791.8864,44.479023,1
3766.0,100781.6591,45.334171,1
3767.0,100771.4318,46.189389,1
3768.0,100761.2045,47.044677,1
3769.0,100750.9773,47.900035,1
3770.0,100740.75,48.755464,0
3771.0,100734.75,49.257349,0
3772.0,100731.25,49.550126,0
3773.0,100727.75,49.842911,0
3774.0,100726.25,49.968393,0
3775.0,100724.25,50.135704,0
3776.0,100722.5,50.282104,0
3777.0,100721.5,50.365762,0
3778.0,100721.25,50.386677,0
3779.0,100720.25,50.470336,0
3780.0,100719.5,50.53308,0
3781.0,100718.25,50.637655,0
3782.0,100717.75,50.679486,0
3783.0,100717.75,50.679486,0
3784.0,100720.0,50.49125,0
3785.0,100725.75,50.01022,0
3786.0,100735.5,49.194612,0
3787.0,100747.75,48.169963,0
3788.0,100761.25,47.040875,0
3789.0,100777.0,45.723761,0
3790.0,100792.25,44.448619,0
3791.0,100809.75,42.985533,0
3792.0,100829.0,41.376377,0
3793.0,100848.75,39.725682,0
3794.0,100869.25,38.01258,0
3795.0,100889.0,36.362419,0
3796.0,100906.0,34.942237,0
3797.0,100920.5,33.731058,0
3798.0,100932.0,32.770568,0
3799.0,100940.75,32.03982,0
3800.0,100946.75,31.538765,0
3801.0,100950.5,31.225618,0
3802.0,100953.5,30.975107,0
3803.0,100957.25,30.661977,0
3804.0,100959.25,30.494978,0
3805.0,100960.75,30.369731,0
3806.0,100962.5,30.223611,0
3807.0,100962.5,30.223611,0
3808.0,100963.0,30.181862,0
3809.0,100964.0,30.098366,0
3810.0,100964.25,30.077493,0
3811.0,100963.5,30.140114,0
3812.0,100963.75,30.11924,0
3813.0,100964.0,30.098366,0
3814.0,100964.0,30.098366,0
3815.0,100963.75,30.11924,0
3816.0,100957.5,30.641102,0
3817.0,100949.25,31.329999,0
3818.0,100937.75,32.290356,0
3819.0,100924.25,33.417845,0
3820.0,100910.25,34.587222,0
3821.0,100894.0,35.944698,0
3822.0,100877.0,37.365018,0
3823.0,100860.0,38.78553,0
3824.0,100843.25,40.185343,0
3825.0,100830.0,41.292791,0
3826.0,100819.5,42.170475,0
3827.0,100810.75,42.901935,0
3828.0,100806.0,43.299034,0
3829.0,100802.0,43.633446,0
3830.0,100799.0,43.884262,0
3831.0,100796.0,44.135083,0
3832.0,100793.75,44.323203,0
3833.0,100792.5,44.427716,0
3834.0,100790.75,44.574036,0
3835.0,100790.75,44.574036,0
3836.0,100789.75,44.657648,0
3837.0,100789.75,44.657648,0
3838.0,100789.75,44.657648,0
3839.0,100789.0,44.720357,0
3840.0,100788.75,44.741261,0
3841.0,100788.0,44.803971,0
3842.0,100791.0,44.553133,0
3843.0,100798.25,43.946966,0
3844.0,100808.75,43.069133,0
3845.0,100819.25,42.191373,0
3846.0,100829.0,41.376377,0
3847.0,100835.5,40.833081,0
3848.0,100840.75,40.394287,0
3849.0,100845.75,39.976404,0
3850.0,100849.25,39.683896,0
3851.0,100851.0,39.537645,0
3852.0,100853.25,39.349611,0
3853.0,100854.0,39.286934,0
3854.0,100855.75,39.140689,0
3855.0,100856.25,39.098905,0
3856.0,100856.75,39.057121,0
3857.0,100856.0,39.119797,0
3858.0,100856.0,39.119797,0
3859.0,100856.25,39.098905,0
3860.0,100857.5,38.994446,0
3861.0,100859.25,38.848205,0
3862.0,100866.25,38.263261,0
3863.0,100877.25,37.344129,0
3864.0,100888.5,36.404192,0
3865.0,100897.25,35.673189,0
3866.0,100904.5,35.067539,0
3867.0,100910.25,34.587222,0
3868.0,100914.5,34.232218,0
3869.0,100917.0,34.023399,0
3870.0,100919.0,33.856346,0
3871.0,100919.75,33.793702,0
3872.0,100920.25,33.751939,0
3873.0,100921.25,33.668415,0
3874.0,100922.0,33.605772,0
3875.0,100921.5,33.647534,0
3876.0,100922.0,33.605772,0
3877.0,100923.25,33.501368,0
3878.0,100925.25,33.334323,0
3879.0,100928.25,33.083761,0
3880.0,100934.5,32.561778,0
3881.0,100941.0,32.018942,0
3882.0,100947.0,31.517888,0
3883.0,100952.0,31.100362,0
3884.0,100956.25,30.745477,0
3885.0,100958.5,30.557602,0
3886.0,100960.75,30.369731,0
3887.0,100962.25,30.244485,0
3888.0,100963.0,30.181862,0
3889.0,100964.25,30.077493,0
3890.0,100964.75,30.035745,0
3891.0,100965.5,29.973124,0
3892.0,100965.25,29.993998,0
3893.0,100966.25,29.910503,0
3894.0,100966.75,29.868756,0
3895.0,100966.5,29.88963,0
3896.0,100965.5,29.973124,0
3897.0,100958.5,30.557602,0
3898.0,100948.5,31.392628,0
3899.0,100936.0,32.436505,0
3900.0,100922.25,33.584891,0
3901.0,100906.75,34.879586,0
3902.0,100890.75,36.216215,0
3903.0,100873.5,37.65746,0
3904.0,100855.5,39.161581,0
3905.0,100838.25,40.603234,0
3906.0,100820.0,42.128679,0
3907.0,100801.75,43.654347,0
3908.0,100783.75,45.159335,0
3909.0,100764.25,46.789984,0
3910.0,100746.75,48.253604,0
3911.0,100732.25,49.466474,0
3912.0,100720.75,50.428506,0
3913.0,100713.0,51.076882,0
3914.0,100707.0,51.578879,0
3915.0,100701.75,52.018145,0
3916.0,100699.0,52.248245,0
3917.0,100696.25,52.478349,0
3918.0,100694.0,52.66662,0
3919.0,100693.25,52.729378,0
3920.0,100696.3636,52.468841,1
3921.0,100699.4773,52.20831,1
3922.0,100702.5909,51.947785,1
3923.0,100705.7045,51.687267,1
3924.0,100708.8182,51.426756,1
3925.0,100711.9318,51.166251,1
3926.0,100715.0455,50.905753,1
3927.0,100718.1591,50.645261,1
3928.0,100721.2727,50.384776,1
3929.0,100724.3864,50.124297,1
3930.0,100727.5,49.863824,0
3931.0,100734.0,49.320086,0
3932.0,100739.5,48.860021,0
3933.0,100743.5,48.525442,0
3934.0,100747.25,48.211784,0
3935.0,100749.75,48.002683,0
3936.0,100752.0,47.814496,0
3937.0,100753.75,47.668131,0
3938.0,100754.5,47.605404,0
3939.0,100756.25,47.459042,0
3940.0,100756.0,47.47995,0
3941.0,100755.25,47.542677,0
3942.0,100755.75,47.500859,0
3943.0,100756.75,47.417224,0
3944.0,100757.25,47.375407,0
3945.0,100758.5,47.270865,0
3946.0,100758.25,47.291773,0
3947.0,100758.0,47.312682,0
3948.0,100758.25,47.291773,0
3949.0,100758.0,47.312682,0
3950.0,100758.0,47.312682,0
3951.0,100759.25,47.20814,0
3952.0,100765.75,46.66454,0
3953.0,100772.25,46.120969,0
3954.0,100776.0,45.807382,0
3955.0,100779.5,45.514711,0
3956.0,100782.75,45.242951,0
3957.0,100786.0,44.971199,0
3958.0,100787.75,44.824874,0
3959.0,100789.25,44.699454,0
3960.0,100789.5,44.678551,0
3961.0,100790.5,44.594939,0
3962.0,100791.75,44.490424,0
3963.0,100792.5,44.427716,0
3964.0,100793.25,44.365008,0
3965.0,100792.75,44.406814,0
3966.0,100793.0,44.385911,0
3967.0,100794.0,44.302301,0
3968.0,100793.5,44.344106,0
3969.0,100793.25,44.365008,0
3970.0,100794.75,44.239594,0
3971.0,100798.5,43.926065,0
3972.0,100804.75,43.403537,0
3973.0,100810.5,42.922834,0
3974.0,100814.75,42.567547,0
3975.0,100818.25,42.274966,0
3976.0,100820.75,42.065985,0
3977.0,100822.75,41.898803,0
3978.0,100824.25,41.773418,0
3979.0,100825.0,41.710726,0
3980.0,100825.25,41.689829,0
3981.0,100826.5,41.585344,0
3982.0,100827.0,41.54355,0
3983.0,100828.0,41.459963,0
3984.0,100828.25,41.439066,0
3985.0,100828.5,41.41817,0
3986.0,100828.75,41.397273,0
3987.0,100829.5,41.334584,0
3988.0,100832.25,41.104725,0
3989.0,100838.75,40.561444,0
3990.0,100849.5,39.663003,0
3991.0,100862.75,38.555728,0
3992.0,100877.75,37.302352,0
3993.0,100894.5,35.902927,0
3994.0,100910.25,34.587222,0
3995.0,100925.25,33.334323,0
3996.0,100937.25,32.332113,0
3997.0,100947.0,31.517888,0
3998.0,100954.0,30.933356,0
3999.0,100958.75,30.536727,0
4000.0,100962.75,30.202736,0
4001.0,100964.25,30.077493,0
4002.0,100966.5,29.88963,0
4003.0,100969.25,29.660024,0
4004.0,100969.75,29.618278,0
4005.0,100970.25,29.576532,0
4006.0,100970.75,29.534787,0
4007.0,100971.25,29.493041,0
4008.0,100970.75,29.534787,0
4009.0,100971.75,29.451296,0
4010.0,100971.75,29.451296,0
4011.0,100970.75,29.534787,0
4012.0,100971.75,29.451296,0
4013.0,100972.75,29.367806,0
4014.0,100973.0,29.346933,0
4015.0,100972.5,29.388678,0
4016.0,100969.25,29.660024,0
4017.0,100961.5,30.307108,0
4018.0,100950.0,31.26737,0
4019.0,100938.0,32.269478,0
4020.0,100924.0,33.438726,0
4021.0,100908.5,34.733403,0
4022.0,100892.25,36.090899,0
4023.0,100878.75,37.218799,0
4024.0,100867.25,38.1797,0
4025.0,100858.0,38.952662,0
4026.0,100851.25,39.516752,0
4027.0,100845.5,39.997298,0
4028.0,100842.0,40.289814,0
4029.0,100839.5,40.49876,0
4030.0,100836.5,40.7495,0
4031.0,100835.0,40.874872,0
4032.0,100833.75,40.97935,0
4033.0,100833.25,41.021142,0
4034.0,100831.75,41.146518,0
4035.0,100832.0,41.125621,0
4036.0,100831.5,41.167414,0
4037.0,100830.25,41.271895,0
4038.0,100829.5,41.334584,0
4039.0,100826.75,41.564447,0
4040.0,100821.1591,42.031788,1
4041.0,100815.5682,42.49915,1
4042.0,100809.9773,42.966534,1
4043.0,100804.3864,43.433938,1
4044.0,100798.7955,43.901363,1
4045.0,100793.2045,44.368809,1
4046.0,100787.6136,44.836276,1
4047.0,100782.0227,45.303764,1
4048.0,100776.4318,45.771273,1
4049.0,100770.8409,46.238803,1
4050.0,100765.25,46.706354,0
4051.0,100763.25,46.873614,0
4052.0,100762.75,46.915429,0
4053.0,100763.25,46.873614,0
4054.0,100763.75,46.831798,0
4055.0,100763.5,46.852706,0
4056.0,100763.5,46.852706,0
4057.0,100761.5,47.019967,0
4058.0,100756.25,47.459042,0
4059.0,100746.5,48.274514,0
4060.0,100742.3864,48.618591,1
4061.0,100738.2727,48.962679,1
4062.0,100734.1591,49.306778,1
4063.0,100730.0455,49.650888,1
4064.0,100725.9318,49.99501,1
4065.0,100721.8182,50.339144,1
4066.0,100717.7045,50.683288,1
4067.0,100713.5909,51.027445,1
4068.0,100709.4773,51.371612,1
4069.0,100705.3636,51.715791,1
4070.0,100701.25,52.059981,0
4071.0,100700.25,52.143653,0
4072.0,100700.0,52.164572,0
4073.0,100699.0,52.248245,0
4074.0,100698.5,52.290081,0
4075.0,100698.75,52.269163,0
4076.0,100699.0,52.248245,0
4077.0,100698.5,52.290081,0
4078.0,100699.0,52.248245,0
4079.0,100699.5,52.206408,0
4080.0,100699.0,52.248245,0
4081.0,100697.75,52.352837,0
4082.0,100698.75,52.269163,0
4083.0,100699.25,52.227326,0
4084.0,100700.25,52.143653,0
4085.0,100700.75,52.101817,0
4086.0,100701.5,52.039063,0
4087.0,100700.0,52.164572,0
4088.0,100700.75,52.101817,0
4089.0,100701.25,52.059981,0
4090.0,100700.5,52.122735,0
4091.0,100699.75,52.18549,0
4092.0,100699.5,52.206408,0
4093.0,100699.25,52.227326,0
4094.0,100699.75,52.18549,0
4095.0,100700.25,52.143653,0
4096.0,100700.5,52.122735,0
4097.0,100699.75,52.18549,0
4098.0,100699.5,52.206408,0
4099.0,100699.75,52.18549,0
4100.0,100700.5,52.122735,0
4101.0,100699.0,52.248245,0
4102.0,100699.0,52.248245,0
4103.0,100700.25,52.143653,0
4104.0,100700.25,52.143653,0
4105.0,100700.0,52.164572,0
4106.0,100701.0,52.080899,0
4107.0,100702.0,51.997227,0
4108.0,100702.25,51.976309,0
4109.0,100702.5,51.955392,0
4110.0,100701.25,52.059981,0
4111.0,100702.5,51.955392,0
4112.0,100702.75,51.934474,0
4113.0,100702.5,51.955392,0
4114.0,100702.25,51.976309,0
4115.0,100703.25,51.892639,0
4116.0,100703.0,51.913556,0
4117.0,100703.75,51.850803,0
4118.0,100704.0,51.829886,0
4119.0,100703.75,51.850803,0
4120.0,100703.5,51.871721,0
4121.0,100702.5,51.955392,0
4122.0,100702.5,51.955392,0
4123.0,100703.0,51.913556,0
4124.0,100704.25,51.808968,0
4125.0,100705.0,51.746216,0
4126.0,100705.5,51.704381,0
4127.0,100706.75,51.599796,0
4128.0,100707.25,51.557962,0
4129.0,100708.0,51.495211,0
4130.0,100709.0,51.411544,0
4131.0,100708.0,51.495211,0
4132.0,100706.25,51.64163,0
4133.0,100706.25,51.64163,0
4134.0,100705.75,51.683464,0
4135.0,100708.0,51.495211,0
4136.0,100713.75,51.014134,0
4137.0,100724.75,50.093876,0
4138.0,100735.75,49.1737,0
4139.0,100744.0,48.48362,0
4140.0,100750.75,47.919044,0
4141.0,100755.25,47.542677,0
4142.0,100759.25,47.20814,0
4143.0,100763.25,46.873614,0
4144.0,100765.5,46.685447,0
4145.0,100767.0,46.560005,0
4146.0,100768.25,46.455471,0
4147.0,100769.25,46.371844,0
4148.0,100770.0,46.309125,0
4149.0,100770.0,46.309125,0
4150.0,100770.75,46.246406,0
4151.0,100771.0,46.225499,0
4152.0,100771.5,46.183687,0
4153.0,100772.0,46.141875,0
4154.0,100772.0,46.141875,0
4155.0,100774.0,45.974627,0
4156.0,100778.25,45.619235,0
4157.0,100787.25,44.866681,0
4158.0,100797.5,44.009672,0
4159.0,100807.75,43.152733,0
4160.0,100815.75,42.483951,0
4161.0,100820.75,42.065985,0
4162.0,100825.0,41.710726,0
4163.0,100828.5,41.41817,0
4164.0,100830.75,41.230102,0
4165.0,100834.25,40.937559,0
4166.0,100835.5,40.833081,0
4167.0,100837.75,40.645024,0
4168.0,100839.75,40.477865,0
4169.0,100840.25,40.436076,0
4170.0,100840.75,40.394287,0
4171.0,100840.5,40.415181,0
4172.0,100840.5,40.415181,0
4173.0,100842.25,40.26892,0
4174.0,100847.25,39.851042,0
4175.0,100855.5,39.161581,0
4176.0,100867.0,38.20059,0
4177.0,100877.5,37.323241,0
4178.0,100885.75,36.633947,0
4179.0,100892.0,36.111785,0
4180.0,100896.5,35.735844,0
4181.0,100899.75,35.46434,0
4182.0,100903.75,35.130191,0
4183.0,100906.25,34.921353,0
4184.0,100908.5,34.733403,0
4185.0,100909.5,34.64987,0
4186.0,100910.0,34.608104,0
4187.0,100911.25,34.50369,0
4188.0,100912.0,34.441042,0
4189.0,100912.5,34.399277,0
4190.0,100912.0,34.441042,0
4191.0,100911.0,34.524573,0
4192.0,100911.25,34.50369,0
4193.0,100912.5,34.399277,0
4194.0,100915.75,34.127808,0
4195.0,100924.0,33.438726,0
4196.0,100934.0,32.603535,0
4197.0,100945.25,31.664026,0
4198.0,100956.0,30.766353,0
4199.0,100963.75,30.11924,0
4200.0,100969.5,29.639151,0
4201.0,100973.5,29.305189,0
4202.0,100976.25,29.075596,0
4203.0,100978.75,28.866879,0
4204.0,100980.75,28.699909,0
4205.0,100982.25,28.574684,0
4206.0,100983.0,28.512071,0
4207.0,100984.25,28.407718,0
4208.0,100984.5,28.386848,0
4209.0,100985.5,28.303366,0
4210.0,100984.5,28.386848,0
4211.0,100984.0,28.428589,0
4212.0,100983.75,28.449459,0
4213.0,100984.75,28.365977,0
4214.0,100985.0,28.345107,0
4215.0,100985.75,28.282496,0
4216.0,100985.25,28.324237,0
4217.0,100979.5,28.804265,0
4218.0,100970.25,29.576532,0
4219.0,100958.25,30.578477,0
4220.0,100945.5,31.643149,0
4221.0,100929.25,33.000242,0
4222.0,100913.75,34.294865,0
4223.0,100897.0,35.694074,0
4224.0,100879.0,37.197911,0
4225.0,100861.5,38.660183,0
4226.0,100844.0,40.122661,0
4227.0,100828.0,41.459963,0
4228.0,100816.0,42.463053,0
4229.0,100806.5,43.257234,0
4230.0,100799.0,43.884262,0
4231.0,100793.0,44.385911,0
4232.0,100789.25,44.699454,0
4233.0,100786.75,44.908488,0
4234.0,100784.75,45.075718,0
4235.0,100783.75,45.159335,0
4236.0,100781.75,45.326569,0
4237.0,100781.25,45.368378,0
4238.0,100780.5,45.431092,0
4239.0,100780.25,45.451996,0
4240.0,100779.25,45.535616,0
4241.0,100777.5,45.681951,0
4242.0,100774.75,45.91191,0
4243.0,100769.0,46.392751,0
4244.0,100763.0,46.894521,0
4245.0,100758.5,47.270865,0
4246.0,100754.5,47.605404,0
4247.0,100751.75,47.835406,0
4248.0,100749.25,48.044503,0
4249.0,100748.0,48.149053,0
4250.0,100746.5,48.274514,1
4251.0,100745.0,48.399977,1
4252.0,100743.5,48.525442,1
4253.0,100742.0,48.650908,1
4254.0,100740.5,48.776376,1
4255.0,100739.0,48.901845,1
4256.0,100737.5,49.027315,1
4257.0,100736.0,49.152787,1
4258.0,100734.5,49.278261,1
4259.0,100733.0,49.403736,1
4260.0,100731.5,49.529213,0
4261.0,100725.75,50.01022,0
4262.0,100722.0,50.323933,0
4263.0,100718.75,50.595825,0
4264.0,100716.75,50.763147,0
4265.0,100716.0,50.825893,0
4266.0,100715.5,50.867724,0
4267.0,100714.0,50.993219,0
4268.0,100713.0,51.076882,0
4269.0,100713.25,51.055966,0
4270.0,100713.0,51.076882,0
4271.0,100712.25,51.13963,0
4272.0,100713.25,51.055966,0
4273.0,100712.75,51.097798,0
4274.0,100711.75,51.181463,0
4275.0,100712.25,51.13963,0
4276.0,100713.5,51.03505,0
4277.0,100718.75,50.595825,0
4278.0,100727.25,49.884738,0
4279.0,100738.5,48.943668,0
4280.0,100751.5,47.856315,0
4281.0,100765.75,46.66454,0
4282.0,100782.0,45.305664,0
4283.0,100800.5,43.758853,0
4284.0,100818.75,42.233169,0
4285.0,100834.25,40.937559,0
4286.0,100845.25,40.018191,0
4287.0,100854.0,39.286934,0
4288.0,100859.75,38.806422,0
4289.0,100864.25,38.430384,0
4290.0,100868.5,38.07525,0
4291.0,100871.5,37.824574,0
4292.0,100873.5,37.65746,0
4293.0,100875.75,37.46946,0
4294.0,100877.5,37.323241,0
4295.0,100878.25,37.260576,0
4296.0,100878.5,37.239687,0
4297.0,100878.5,37.239687,0
4298.0,100878.75,37.218799,0
4299.0,100879.25,37.177023,0
4300.0,100881.0,37.030807,0
4301.0,100885.0,36.696608,0
4302.0,100895.0,35.861156,0
4303.0,100907.75,34.796053,0
4304.0,100921.25,33.668415,0
4305.0,100935.0,32.52002,0
4306.0,100948.75,31.371752,0
4307.0,100958.5,30.557602,0
4308.0,100965.75,29.95225,0
4309.0,100970.75,29.534787,0
4310.0,100973.0,29.346933,0
4311.0,100976.25,29.075596,0
4312.0,100978.0,28.929494,0
4313.0,100981.5,28.637296,0
4314.0,100983.0,28.512071,0
4315.0,100984.75,28.365977,0
4316.0,100985.5,28.303366,0
4317.0,100986.75,28.199015,0
4318.0,100988.25,28.073795,0
4319.0,100989.25,27.990316,0
4320.0,100988.5,28.052926,0
4321.0,100985.0,28.345107,0
4322.0,100976.5,29.054724,0
4323.0,100966.25,29.910503,0
4324.0,100954.0,30.933356,0
4325.0,100940.0,32.102453,0
4326.0,100925.25,33.334323,0
4327.0,100909.0,34.691637,0
4328.0,100893.0,36.028241,0
4329.0,100876.0,37.448572,0
4330.0,100861.25,38.681074,0
4331.0,100848.5,39.746576,0
4332.0,100839.75,40.477865,0
4333.0,100833.25,41.021142,0
4334.0,100829.0,41.376377,0
4335.0,100825.25,41.689829,0
4336.0,100822.25,41.940598,0
4337.0,100818.75,42.233169,0
4338.0,100818.75,42.233169,0
4339.0,100818.25,42.274966,0
4340.0,100812.2955,42.772738,1
4341.0,100806.3409,43.270534,1
4342.0,100800.3864,43.768354,1
4343.0,100794.4318,44.266197,1
4344.0,100788.4773,44.764064,1
4345.0,100782.5227,45.261955,1
4346.0,100776.5682,45.75987,1
4347.0,100770.6136,46.257809,1
4348.0,100764.6591,46.755772,1
4349.0,100758.7045,47.253758,1
4350.0,100752.75,47.751768,0
4351.0,100742.25,48.629997,0
4352.0,100735.5,49.194612,0
4353.0,100730.0,49.654691,0
4354.0,100726.75,49.926565,0
4355.0,100723.25,50.219361,0
4356.0,100720.25,50.470336,0
4357.0,100719.25,50.553995,0
4358.0,100718.75,50.595825,0
4359.0,100718.5,50.61674,0
4360.0,100717.0,50.742231,0
4361.0,100716.75,50.763147,0
4362.0,100716.75,50.763147,0
4363.0,100715.5,50.867724,0
4364.0,100715.0,50.909556,0
4365.0,100715.0,50.909556,0
4366.0,100716.5,50.784062,0
4367.0,100722.5,50.282104,0
4368.0,100731.5,49.529213,0
4369.0,100743.5,48.525442,0
4370.0,100756.75,47.417224,0
4371.0,100770.0,46.309125,0
4372.0,100780.75,45.410187,0
4373.0,100788.75,44.741261,0
4374.0,100794.75,44.239594,0
4375.0,100799.0,43.884262,0
4376.0,100802.75,43.570743,0
4377.0,100805.5,43.340835,0
4378.0,100808.5,43.090033,0
4379.0,100809.75,42.985533,0
4380.0,100810.25,42.943734,0
4381.0,100811.0,42.881035,0
4382.0,100811.75,42.818337,0
4383.0,100812.0,42.797437,0
4384.0,100812.25,42.776538,0
4385.0,100812.0,42.797437,0
4386.0,100813.5,42.672042,0
4387.0,100816.5,42.421255,0
4388.0,100823.25,41.857008,0
4389.0,100833.5,41.000246,0
4390.0,100846.0,39.95551,0
4391.0,100860.25,38.764639,0
4392.0,100874.25,37.594793,0
4393.0,100886.0,36.61306,0
4394.0,100894.75,35.882042,0
4395.0,100901.25,35.339033,0
4396.0,100905.75,34.96312,0
4397.0,100909.5,34.64987,0
4398.0,100912.25,34.42016,0
4399.0,100914.5,34.232218,0
4400.0,100914.75,34.211336,0
4401.0,100915.75,34.127808,0
4402.0,100917.0,34.023399,0
4403.0,100917.75,33.960753,0
4404.0,100919.25,33.835464,0
4405.0,100919.5,33.814583,0
4406.0,100920.0,33.77282,0
4407.0,100919.5,33.814583,0
4408.0,100918.75,33.877227,0
4409.0,100917.75,33.960753,0
4410.0,100919.0,33.856346,0
4411.0,100922.0,33.605772,0
4412.0,100928.25,33.083761,0
4413.0,100933.75,32.624414,0
4414.0,100938.75,32.206843,0
4415.0,100942.5,31.893676,0
4416.0,100944.5,31.726658,0
4417.0,100945.5,31.643149,0
4418.0,100948.75,31.371752,0
4419.0,100949.25,31.329999,0
4420.0,100949.5,31.309123,0
4421.0,100949.5,31.309123,0
4422.0,100949.25,31.329999,0
4423.0,100951.25,31.16299,0
4424.0,100953.0,31.016858,0
4425.0,100953.75,30.954231,0
4426.0,100954.5,30.891605,0
4427.0,100957.25,30.661977,0
4428.0,100963.25,30.160988,0
4429.0,100969.75,29.618278,0
4430.0,100971.7045,29.455091,1
4431.0,100973.6591,29.291906,1
4432.0,100975.6136,29.128724,1
4433.0,100977.5682,28.965545,1
4434.0,100979.5227,28.802368,1
4435.0,100981.4773,28.639194,1
4436.0,100983.4318,28.476022,1
4437.0,100985.3864,28.312853,1
4438.0,100987.3409,28.149686,1
4439.0,100989.2955,27.986522,1
4440.0,100991.25,27.82336,0
4441.0,100990.0,27.927708,0
4442.0,100991.0,27.84423,0
4443.0,100991.75,27.781622,0
4444.0,100992.75,27.698145,0
4445.0,100993.0,27.677276,0
4446.0,100993.75,27.614669,0
4447.0,100994.25,27.572931,0
4448.0,100993.0,27.677276,0
4449.0,100987.5,28.136405,0
4450.0,100980.5,28.720781,0
4451.0,100967.5,29.806136,0
4452.0,100954.5,30.891605,0
4453.0,100940.5,32.060698,0
4454.0,100927.75,33.125521,0
4455.0,100917.5,33.981635,0
4456.0,100909.25,34.670753,0
4457.0,100903.75,35.130191,0
4458.0,100899.0,35.526994,0
4459.0,100896.0,35.777615,0
4460.0,100893.5,35.98647,0
4461.0,100891.25,36.174443,0
4462.0,100890.25,36.257987,0
4463.0,100888.75,36.383306,0
4464.0,100887.75,36.466852,0
4465.0,100887.25,36.508625,0
4466.0,100887.0,36.529512,0
4467.0,100886.0,36.61306,0
4468.0,100885.0,36.696608,0
4469.0,100880.25,37.093471,0
4470.0,100872.5,37.741017,0
4471.0,100860.0,38.78553,0
4472.0,100847.0,39.871936,0
4473.0,100833.25,41.021142,0
4474.0,100821.25,42.024189,0
4475.0,100812.0,42.797437,0
4476.0,100804.0,43.466239,0
4477.0,100797.0,44.051475,0
4478.0,100793.0,44.385911,0
4479.0,100790.0,44.636745,0
4480.0,100787.75,44.824874,0
4481.0,100785.75,44.992103,0
4482.0,100785.0,45.054815,0
4483.0,100783.5,45.180239,0
4484.0,100783.75,45.159335,0
4485.0,100782.5,45.263856,0
4486.0,100782.75,45.242951,0
4487.0,100782.5,45.263856,0
4488.0,100779.25,45.535616,0
4489.0,100773.25,46.037345,0
4490.0,100764.0,46.810891,0
4491.0,100752.75,47.751768,0
4492.0,100739.25,48.880933,0
4493.0,100725.75,50.01022,0
4494.0,100714.25,50.972303,0
4495.0,100707.0,51.578879,0
4496.0,100700.5,52.122735,0
4497.0,100697.0,52.415593,0
4498.0,100693.5,52.708459,0
4499.0,100690.0,53.001333,0
4500.0,100687.75,53.189614,0
4501.0,100685.25,53.398818,0
4502.0,100683.5,53.545264,0
4503.0,100683.0,53.587106,0
4504.0,100681.75,53.691712,0
4505.0,100681.0,53.754476,0
4506.0,100681.25,53.733554,0
4507.0,100680.75,53.775397,0
4508.0,100681.5,53.712633,0
4509.0,100684.25,53.482501,0
4510.0,100690.25,52.980413,0
4511.0,100694.75,52.603863,0
4512.0,100700.0,52.164572,0
4513.0,100703.0,51.913556,0
4514.0,100705.5,51.704381,0
4515.0,100707.75,51.516128,0
4516.0,100710.25,51.306961,0
4517.0,100711.75,51.181463,0
4518.0,100712.5,51.118714,0
4519.0,100713.75,51.014134,0
4520.0,100715.75,50.846809,0
4521.0,100715.75,50.846809,0
4522.0,100717.0,50.742231,0
4523.0,100716.75,50.763147,0
4524.0,100715.75,50.846809,0
4525.0,100715.5,50.867724,0
4526.0,100717.5,50.700401,0
4527.0,100722.5,50.282104,0
4528.0,100731.25,49.550126,0
4529.0,100743.5,48.525442,0
4530.0,100758.0,47.312682,0
4531.0,100772.75,46.079156,0
4532.0,100788.5,44.762164,0
4533.0,100806.25,43.278134,0
4534.0,100825.0,41.710726,0
4535.0,100843.75,40.143555,0
4536.0,100864.0,38.451275,0
4537.0,100884.75,36.717495,0
4538.0,100904.75,35.046655,0
4539.0,100924.0,33.438726,0
4540.0,100940.75,32.03982,0
4541.0,100952.25,31.079486,0
4542.0,100962.75,30.202736,0
4543.0,100971.0,29.513914,0
4544.0,100976.25,29.075596,0
4545.0,100979.5,28.804265,0
4546.0,100982.25,28.574684,0
4547.0,100984.25,28.407718,0
4548.0,100986.5,28.219885,0
4549.0,100987.25,28.157275,0
4550.0,100988.25,28.073795,0
4551.0,100988.5,28.052926,0
4552.0,100989.75,27.948577,0
4553.0,100990.75,27.865099,0
4554.0,100992.0,27.760753,0
4555.0,100992.75,27.698145,0
4556.0,100993.5,27.635538,0
4557.0,100994.5,27.552063,0
4558.0,100994.5,27.552063,0
4559.0,100994.25,27.572931,0
4560.0,100993.5,27.635538,0
4561.0,100993.5,27.635538,0
4562.0,100993.25,27.656407,0
4563.0,100993.0,27.677276,0
4564.0,100993.5,27.635538,0
4565.0,100992.75,27.698145,0
4566.0,100994.25,27.572931,0
4567.0,100994.75,27.531194,0
4568.0,100994.5,27.552063,0
4569.0,100996.5,27.385114,0
4570.0,100996.25,27.405982,0
4571.0,100994.5,27.552063,0
4572.0,100995.25,27.489456,0
4573.0,100995.0,27.510325,0
4574.0,100994.5,27.552063,0
4575.0,100994.75,27.531194,0
4576.0,100994.25,27.572931,0
4577.0,100994.75,27.531194,0
4578.0,100995.0,27.510325,0
4579.0,100995.25,27.489456,0
4580.0,100995.0,27.510325,0
4581.0,100993.75,27.614669,0
4582.0,100995.0,27.510325,0
4583.0,100994.25,27.572931,0
4584.0,100994.75,27.531194,0
4585.0,100995.25,27.489456,0
4586.0,100995.0,27.510325,0
4587.0,100994.5,27.552063,0
4588.0,100994.5,27.552063,0
4589.0,100993.25,27.656407,0
4590.0,100993.25,27.656407,0
4591.0,100993.25,27.656407,0
4592.0,100993.0,27.677276,0
4593.0,100992.0,27.760753,0
4594.0,100992.25,27.739883,0
4595.0,100992.5,27.719014,0
4596.0,100993.5,27.635538,0
4597.0,100994.5,27.552063,0
4598.0,100995.0,27.510325,0
4599.0,100995.25,27.489456,0
4600.0,100994.5,27.552063,0
4601.0,100993.5,27.635538,0
4602.0,100993.0,27.677276,0
4603.0,100987.75,28.115535,0
4604.0,100982.5,28.553813,0
4605.0,100977.25,28.992109,0
4606.0,100972.5,29.388678,0
4607.0,100968.25,29.743516,0
4608.0,100965.5,29.973124,0
4609.0,100962.75,30.202736,0
4610.0,100960.75,30.369731,0
4611.0,100958.0,30.599352,0
4612.0,100957.25,30.661977,0
4613.0,100957.25,30.661977,0
4614.0,100957.0,30.682852,0
4615.0,100957.25,30.661977,0
4616.0,100957.5,30.641102,0
4617.0,100957.0,30.682852,0
4618.0,100956.5,30.724602,0
4619.0,100956.25,30.745477,0
4620.0,100954.0,30.933356,0
4621.0,100948.25,31.413505,0
4622.0,100943.0,31.851921,0
4623.0,100937.25,32.332113,0
4624.0,100933.0,32.687051,0
4625.0,100928.75,33.042002,0
4626.0,100928.0,33.104641,0
4627.0,100926.0,33.271682,0
4628.0,100926.0,33.271682,0
4629.0,100925.0,33.355204,0
4630.0,100925.0,33.355204,0
4631.0,100923.25,33.501368,0
4632.0,100922.0,33.605772,0
4633.0,100922.0,33.605772,0
4634.0,100922.5,33.56401,0
4635.0,100921.25,33.668415,0
4636.0,100921.75,33.626653,0
4637.0,100921.5,33.647534,0
4638.0,100921.5,33.647534,0
4639.0,100921.25,33.668415,0
4640.0,100921.25,33.668415,0
4641.0,100920.25,33.751939,0
4642.0,100920.25,33.751939,0
4643.0,100918.75,33.877227,0
4644.0,100919.5,33.814583,0
4645.0,100919.5,33.814583,0
4646.0,100920.5,33.731058,0
4647.0,100921.5,33.647534,0
4648.0,100921.75,33.626653,0
4649.0,100922.5,33.56401,0
4650.0,100922.75,33.543129,0
4651.0,100921.25,33.668415,0
4652.0,100921.25,33.668415,0
4653.0,100920.25,33.751939,0
4654.0,100920.25,33.751939,0
4655.0,100919.5,33.814583,0
4656.0,100919.75,33.793702,0
4657.0,100918.75,33.877227,0
4658.0,100919.25,33.835464,0
4659.0,100919.25,33.835464,0
4660.0,100919.75,33.793702,0
4661.0,100919.25,33.835464,0
4662.0,100919.5,33.814583,0
4663.0,100920.0,33.77282,0
4664.0,100919.5,33.814583,0
4665.0,100921.75,33.626653,0
4666.0,100922.5,33.56401,0
4667.0,100923.0,33.522248,0
4668.0,100923.25,33.501368,0
4669.0,100923.0,33.522248,0
4670.0,100922.5,33.56401,0
4671.0,100921.25,33.668415,0
4672.0,100920.5,33.731058,0
4673.0,100920.5,33.731058,0
4674.0,100921.0,33.689296,0
4675.0,100922.0,33.605772,0
4676.0,100921.5,33.647534,0
4677.0,100921.5,33.647534,0
4678.0,100921.0,33.689296,0
4679.0,100921.25,33.668415,0
4680.0,100921.0,33.689296,0
4681.0,100920.0,33.77282,0
4682.0,100919.0,33.856346,0
4683.0,100920.75,33.710177,0
4684.0,100921.25,33.668415,0
4685.0,100921.5,33.647534,0
4686.0,100921.25,33.668415,0
4687.0,100920.75,33.710177,0
4688.0,100921.25,33.668415,0
4689.0,100921.5,33.647534,0
4690.0,100922.0,33.605772,0
4691.0,100921.5,33.647534,0
4692.0,100920.5,33.731058,0
4693.0,100920.5,33.731058,0
4694.0,100920.75,33.710177,0
4695.0,100920.75,33.710177,0
4696.0,100920.5,33.731058,0
4697.0,100920.75,33.710177,0
4698.0,100921.25,33.668415,0
4699.0,100920.75,33.710177,0
4700.0,100920.5,33.731058,0
4701.0,100919.5,33.814583,0
4702.0,100920.0,33.77282,0
4703.0,100919.75,33.793702,0
4704.0,100920.5,33.731058,0
4705.0,100920.25,33.751939,0
4706.0,100920.25,33.751939,0
4707.0,100919.75,33.793702,0
4708.0,100920.25,33.751939,0
4709.0,100920.0,33.77282,0
4710.0,100920.0,33.77282,0
4711.0,100920.25,33.751939,0
4712.0,100920.5,33.731058,0
4713.0,100920.0,33.77282,0
4714.0,100920.0,33.77282,0
4715.0,100920.0,33.77282,0
4716.0,100920.25,33.751939,0
4717.0,100921.0,33.689296,0
4718.0,100921.0,33.689296,0
4719.0,100920.25,33.751939,0
4720.0,100920.0,33.77282,0
4721.0,100919.5,33.814583,0
4722.0,100920.25,33.751939,0
4723.0,100920.25,33.751939,0
4724.0,100921.25,33.668415,0
4725.0,100921.25,33.668415,0
4726.0,100921.75,33.626653,0
4727.0,100921.0,33.689296,0
4728.0,100922.0,33.605772,0
4729.0,100926.0,33.271682,0
4730.0,100932.0,32.770568,0
4731.0,100941.5,31.977187,0
4732.0,100953.0,31.016858,0
4733.0,100963.25,30.160988,0
4734.0,100971.0,29.513914,0
4735.0,100977.5,28.971237,0
4736.0,100982.0,28.595554,0
4737.0,100985.0,28.345107,0
4738.0,100988.0,28.094665,0
4739.0,100990.0,27.927708,0
4740.0,100991.5,27.802491,0
4741.0,100992.25,27.739883,0
4742.0,100992.75,27.698145,0
4743.0,100994.0,27.5938,0
4744.0,100994.5,27.552063,0
4745.0,100996.0,27.426851,0
4746.0,100996.5,27.385114,0
4747.0,100995.5,27.468588,0
4748.0,100992.25,27.739883,0
4749.0,100984.75,28.365977,0
4750.0,100974.25,29.242572,0
4751.0,100960.75,30.369731,0
4752.0,100946.25,31.580519,0
4753.0,100931.5,32.812327,0
4754.0,100915.0,34.190454,0
4755.0,100898.75,35.547879,0
4756.0,100881.0,37.030807,0
4757.0,100862.75,38.555728,0
4758.0,100845.0,40.039085,0
4759.0,100826.0,41.627138,0
4760.0,100808.25,43.110933,0
4761.0,100789.25,44.699454,0
4762.0,100770.25,46.288218,0
4763.0,100752.5,47.772678,0
4764.0,100737.0,49.069139,0
4765.0,100724.25,50.135704,0
4766.0,100714.75,50.930471,0
4767.0,100707.0,51.578879,0
4768.0,100701.75,52.018145,0
4769.0,100696.5,52.45743,0
4770.0,100694.5,52.624782,0
4771.0,100691.25,52.896734,0
4772.0,100689.25,53.064093,0
4773.0,100688.25,53.147773,0
4774.0,100686.75,53.273295,0
4775.0,100687.0,53.252374,0
4776.0,100686.25,53.315136,0
4777.0,100685.25,53.398818,0
4778.0,100685.0,53.419739,0
4779.0,100685.5,53.377898,0
4780.0,100691.0,52.917654,0
4781.0,100696.75,52.436512,0
4782.0,100702.25,51.976309,0
4783.0,100706.0,51.662547,0
4784.0,100708.75,51.43246,0
4785.0,100711.5,51.202379,0
4786.0,100714.0,50.993219,0
4787.0,100715.25,50.88864,0
4788.0,100716.25,50.804978,0
4789.0,100717.0,50.742231,0
4790.0,100718.0,50.65857,0
4791.0,100717.75,50.679486,0
4792.0,100718.25,50.637655,0
4793.0,100718.5,50.61674,0
4794.0,100718.75,50.595825,0
4795.0,100719.5,50.53308,0
4796.0,100719.5,50.53308,0
4797.0,100721.0,50.407591,0
4798.0,100726.0,49.989307,0
4799.0,100736.25,49.131875,0
4800.0,100746.5,48.274514,0
4801.0,100756.0,47.47995,0
4802.0,100764.0,46.810891,0
4803.0,100770.5,46.267312,0
4804.0,100775.0,45.891005,0
4805.0,100778.25,45.619235,0
4806.0,100780.5,45.431092,0
4807.0,100782.0,45.305664,0
4808.0,100783.5,45.180239,0
4809.0,100784.75,45.075718,0
4810.0,100785.0,45.054815,0
4811.0,100785.0,45.054815,0
4812.0,100785.75,44.992103,0
4813.0,100786.0,44.971199,0
4814.0,100787.0,44.887585,0
4815.0,100787.75,44.824874,0
4816.0,100787.5,44.845778,0
4817.0,100788.5,44.762164,0
4818.0,100790.0,44.636745,0
4819.0,100793.25,44.365008,0
4820.0,100798.5,43.926065,0
4821.0,100803.0,43.549842,0
4822.0,100806.75,43.236333,0
4823.0,100810.5,42.922834,0
4824.0,100812.75,42.734739,0
4825.0,100815.5,42.50485,0
4826.0,100817.0,42.379458,0
4827.0,100818.0,42.295864,0
4828.0,100818.75,42.233169,0
4829.0,100819.25,42.191373,0
4830.0,100819.75,42.149577,0
4831.0,100819.5,42.170475,0
4832.0,100820.25,42.107781,0
4833.0,100821.0,42.045087,0
4834.0,100821.75,41.982394,0
4835.0,100820.75,42.065985,0
4836.0,100821.0,42.045087,0
4837.0,100821.75,41.982394,0
4838.0,100824.0,41.794316,0
4839.0,100829.75,41.313687,0
4840.0,100835.75,40.812186,0
4841.0,100840.0,40.45697,0
4842.0,100843.5,40.164449,0
4843.0,100846.5,39.913723,0
4844.0,100849.25,39.683896,0
4845.0,100851.75,39.474967,0
4846.0,100854.25,39.266042,0
4847.0,100855.5,39.161581,0
4848.0,100855.75,39.140689,0
4849.0,100856.25,39.098905,0
4850.0,100856.5,39.078013,0
4851.0,100857.0,39.036229,0
4852.0,100858.0,38.952662,0
4853.0,100858.0,38.952662,0
4854.0,100858.75,38.889988,0
4855.0,100860.0,38.78553,0
4856.0,100864.25,38.430384,0
4857.0,100873.25,37.678349,0
4858.0,100883.75,36.801044,0
4859.0,100898.75,35.547879,0
4860.0,100914.25,34.253101,0
4861.0,100929.75,32.958483,0
4862.0,100946.0,31.601395,0
4863.0,100960.5,30.390605,0
4864.0,100971.5,29.472168,0
4865.0,100980.75,28.699909,0
4866.0,100986.0,28.261626,0
4867.0,100988.75,28.032056,0
4868.0,100992.0,27.760753,0
4869.0,100993.5,27.635538,0
4870.0,100995.0,27.510325,0
4871.0,100995.25,27.489456,0
4872.0,100996.0,27.426851,0
4873.0,100997.0,27.343377,0
4874.0,100997.5,27.30164,0
4875.0,100999.25,27.155563,0
4876.0,100999.25,27.155563,0
4877.0,101000.5,27.051224,0
4878.0,101000.25,27.072091,0
4879.0,101000.75,27.030356,0
4880.0,101000.5,27.051224,0
4881.0,101001.0,27.009488,0
4882.0,101002.75,26.863415,0
4883.0,101002.75,26.863415,0
4884.0,101000.5,27.051224,0
4885.0,100994.5,27.552063,0
4886.0,100985.75,28.282496,0
4887.0,100972.75,29.367806,0
4888.0,100959.0,30.515853,0
4889.0,100944.25,31.747535,0
4890.0,100928.5,33.062882,0
4891.0,100910.75,34.545456,0
4892.0,100894.25,35.923813,0
4893.0,100877.25,37.344129,0
4894.0,100858.75,38.889988,0
4895.0,100840.25,40.436076,0
4896.0,100822.75,41.898803,0
4897.0,100804.75,43.403537,0
4898.0,100786.0,44.971199,0
4899.0,100767.25,46.539098,0
4900.0,100749.0,48.065413,0
4901.0,100734.25,49.299173,0
4902.0,100723.25,50.219361,0
4903.0,100715.5,50.867724,0
4904.0,100709.25,51.390627,0
4905.0,100704.5,51.788051,0
4906.0,100701.5,52.039063,0
4907.0,100699.0,52.248245,0
4908.0,100697.25,52.394674,0
4909.0,100696.0,52.499268,0
4910.0,100694.75,52.603863,0
4911.0,100692.5,52.792136,0
4912.0,100691.75,52.854895,0
4913.0,100691.5,52.875814,0
4914.0,100690.5,52.959493,0
4915.0,100690.25,52.980413,0
4916.0,100691.0,52.917654,0
4917.0,100691.0,52.917654,0
4918.0,100691.25,52.896734,0
4919.0,100691.0,52.917654,0
4920.0,100690.5,52.959493,0
4921.0,100690.0,53.001333,0
4922.0,100690.5,52.959493,0
4923.0,100691.5,52.875814,0
4924.0,100692.0,52.833975,0
4925.0,100693.75,52.68754,0
4926.0,100697.25,52.394674,0
4927.0,100706.0,51.662547,0
4928.0,100718.25,50.637655,0
4929.0,100732.25,49.466474,0
4930.0,100737.8636,48.996898,1
4931.0,100743.4773,48.527343,1
4932.0,100749.0909,48.057809,1
4933.0,100754.7045,47.588297,1
4934.0,100760.3182,47.118805,1
4935.0,100765.9318,46.649335,1
4936.0,100771.5455,46.179886,1
4937.0,100777.1591,45.710458,1
4938.0,100782.7727,45.241051,1
4939.0,100788.3864,44.771665,1
4940.0,100794.0,44.302301,0
4941.0,100794.0,44.302301,0
4942.0,100794.25,44.281399,0
4943.0,100795.75,44.155985,0
4944.0,100796.25,44.114181,0
4945.0,100796.0,44.135083,0
4946.0,100796.25,44.114181,0
4947.0,100796.25,44.114181,0
4948.0,100797.75,43.98877,0
4949.0,100802.75,43.570743,0
4950.0,100811.0,42.881035,0
4951.0,100821.25,42.024189,0
4952.0,100835.75,40.812186,0
4953.0,100852.0,39.454074,0
4954.0,100870.0,37.949911,0
4955.0,100889.0,36.362419,0
4956.0,100907.0,34.858703,0
4957.0,100925.75,33.292562,0
4958.0,100944.5,31.726658,0
4959.0,100959.75,30.453229,0
4960.0,100972.0,29.430423,0
4961.0,100980.0,28.762523,0
4962.0,100986.75,28.199015,0
4963.0,100991.5,27.802491,0
4964.0,100996.0,27.426851,0
4965.0,100999.5,27.134695,0
4966.0,101001.5,26.967753,0
4967.0,101002.0,26.926018,0
4968.0,101003.0,26.842548,0
4969.0,101004.25,26.738212,0
4970.0,101004.5,26.717344,0
4971.0,101003.75,26.779946,0
4972.0,101003.75,26.779946,0
4973.0,101001.5,26.967753,0
4974.0,100994.75,27.531194,0
4975.0,100984.5,28.386848,0
4976.0,100972.25,29.409551,0
4977.0,100957.5,30.641102,0
4978.0,100942.0,31.935431,0
4979.0,100925.25,33.334323,0
4980.0,100908.25,34.754286,0
4981.0,100889.5,36.320646,0
4982.0,100871.75,37.803685,0
4983.0,100854.5,39.24515,0
4984.0,100837.75,40.645024,0
4985.0,100821.75,41.982394,0
4986.0,100807.0,43.215433,0
4987.0,100796.5,44.093279,0
4988.0,100788.5,44.762164,0
4989.0,100781.25,45.368378,0
4990.0,100775.75,45.828288,0
4991.0,100771.75,46.162781,0
4992.0,100770.25,46.288218,0
4993.0,100768.5,46.434564,0
4994.0,100767.5,46.518191,0
4995.0,100767.0,46.560005,0
4996.0,100766.75,46.580912,0
4997.0,100765.75,46.66454,0
4998.0,100765.25,46.706354,0
4999.0,100764.25,46.789984,0
5000.0,100764.5,46.769076,0
5001.0,100764.5,46.769076,0
5002.0,100764.25,46.789984,0
5003.0,100764.0,46.810891,0
5004.0,100762.5,46.936336,0
5005.0,100757.5,47.354499,0
5006.0,100751.0,47.898135,0
5007.0,100746.0,48.316335,0
5008.0,100742.25,48.629997,0
5009.0,100738.25,48.96458,0
5010.0,100737.0,49.069139,0
5011.0,100734.25,49.299173,0
5012.0,100734.0,49.320086,0
5013.0,100733.75,49.340998,0
5014.0,100732.75,49.424649,0
5015.0,100732.0,49.487387,0
5016.0,100732.25,49.466474,0
5017.0,100732.5,49.445561,0
5018.0,100731.5,49.529213,0
5019.0,100731.0,49.571039,0
5020.0,100730.75,49.591952,0
5021.0,100731.25,49.550126,0
5022.0,100736.25,49.131875,0
5023.0,100746.25,48.295425,0
5024.0,100757.25,47.375407,0
5025.0,100766.75,46.580912,0
5026.0,100774.5,45.932816,0
5027.0,100780.25,45.451996,0
5028.0,100784.75,45.075718,0
5029.0,100787.25,44.866681,0
5030.0,100790.0,44.636745,0
5031.0,100791.75,44.490424,0
5032.0,100793.0,44.385911,0
5033.0,100794.0,44.302301,0
5034.0,100795.75,44.155985,0
5035.0,100795.75,44.155985,0
5036.0,100796.75,44.072377,0
5037.0,100797.0,44.051475,0
5038.0,100796.75,44.072377,0
5039.0,100797.25,44.030573,0
5040.0,100798.5,43.926065,0
5041.0,100803.0,43.549842,0
5042.0,100812.0,42.797437,0
5043.0,100822.75,41.898803,0
5044.0,100837.25,40.686814,0
5045.0,100853.5,39.328719,0
5046.0,100870.5,37.908132,0
5047.0,100888.5,36.404192,0
5048.0,100907.75,34.796053,0
5049.0,100927.25,33.167281,0
5050.0,100945.75,31.622272,0
5051.0,100960.5,30.390605,0
5052.0,100972.75,29.367806,0
5053.0,100982.25,28.574684,0
5054.0,100988.25,28.073795,0
5055.0,100992.25,27.739883,0
5056.0,100995.5,27.468588,0
5057.0,100997.5,27.30164,0
5058.0,101000.5,27.051224,0
5059.0,101002.25,26.90515,0
5060.0,101003.75,26.779946,0
5061.0,101004.25,26.738212,0
5062.0,101004.75,26.696477,0
5063.0,101005.75,26.613009,0
5064.0,101006.25,26.571276,0
5065.0,101007.0,26.508675,0
5066.0,101009.0,26.341743,0
5067.0,101008.75,26.362609,0
5068.0,101003.25,26.821681,0
5069.0,100993.5,27.635538,0
5070.0,100981.75,28.616425,0
5071.0,100971.25,29.493041,0
5072.0,100962.25,30.244485,0
5073.0,100955.5,30.808103,0
5074.0,100950.75,31.204742,0
5075.0,100947.25,31.497011,0
5076.0,100944.75,31.70578,0
5077.0,100942.5,31.893676,0
5078.0,100940.75,32.03982,0
5079.0,100939.5,32.144209,0
5080.0,100937.75,32.290356,0
5081.0,100937.75,32.290356,0
5082.0,100937.25,32.332113,0
5083.0,100936.0,32.436505,0
5084.0,100935.75,32.457384,0
5085.0,100935.25,32.499141,0
5086.0,100932.75,32.70793,0
5087.0,100927.5,33.146401,0
5088.0,100921.25,33.668415,0
5089.0,100916.5,34.065162,0
5090.0,100912.75,34.378395,0
5091.0,100908.25,34.754286,0
5092.0,100906.5,34.90047,0
5093.0,100906.0,34.942237,0
5094.0,100905.0,35.025772,0
5095.0,100903.75,35.130191,0
5096.0,100903.5,35.151075,0
5097.0,100903.5,35.151075,0
5098.0,100902.25,35.255496,0
5099.0,100901.75,35.297264,0
5100.0,100901.25,35.339033,0
5101.0,100900.5,35.401686,0
5102.0,100898.25,35.589649,0
5103.0,100892.75,36.049127,0
5104.0,100884.25,36.759269,0
5105.0,100873.5,37.65746,0
5106.0,100859.5,38.827313,0
5107.0,100844.5,40.080873,0
5108.0,100829.0,41.376377,0
5109.0,100814.25,42.609345,0
5110.0,100802.0,43.633446,0
5111.0,100792.25,44.448619,0
5112.0,100784.75,45.075718,0
5113.0,100778.75,45.577425,0
5114.0,100776.5,45.765572,0
5115.0,100774.0,45.974627,0
5116.0,100771.5,46.183687,0
5117.0,100769.5,46.350938,0
5118.0,100768.25,46.455471,0
5119.0,100767.75,46.497284,0
5120.0,100766.75,46.580912,0
5121.0,100765.25,46.706354,0
5122.0,100764.5,46.769076,0
5123.0,100765.5,46.685447,0
5124.0,100765.5,46.685447,0
5125.0,100764.75,46.748169,0
5126.0,100764.25,46.789984,0
5127.0,100765.5,46.685447,0
5128.0,100770.5,46.267312,0
5129.0,100779.25,45.535616,0
5130.0,100790.5,44.594939,0
5131.0,100799.25,43.86336,0
5132.0,100806.75,43.236333,0
5133.0,100812.75,42.734739,0
5134.0,100817.75,42.316763,0
5135.0,100820.75,42.065985,0
5136.0,100822.75,41.898803,0
5137.0,100824.25,41.773418,0
5138.0,100826.5,41.585344,0
5139.0,100827.25,41.522653,0
5140.0,100826.75,41.564447,0
5141.0,100827.0,41.54355,0
5142.0,100827.25,41.522653,0
5143.0,100828.25,41.439066,0
5144.0,100828.5,41.41817,0
5145.0,100828.75,41.397273,0
5146.0,100830.75,41.230102,0
5147.0,100835.25,40.853977,0
5148.0,100842.0,40.289814,0
5149.0,100847.0,39.871936,0
5150.0,100850.5,39.579431,0
5151.0,100853.25,39.349611,0
5152.0,100856.75,39.057121,0
5153.0,100858.75,38.889988,0
5154.0,100860.25,38.764639,0
5155.0,100861.5,38.660183,0
5156.0,100862.25,38.59751,0
5157.0,100863.0,38.534838,0
5158.0,100863.5,38.493056,0
5159.0,100864.5,38.409493,0
5160.0,100865.25,38.346822,0
5161.0,100863.75,38.472165,0
5162.0,100864.0,38.451275,0
5163.0,100864.5,38.409493,0
5164.0,100867.5,38.15881,0
5165.0,100874.25,37.594793,0
5166.0,100886.0,36.61306,0
5167.0,100899.25,35.50611,0
5168.0,100914.25,34.253101,0
5169.0,100930.75,32.874965,0
5170.0,100947.25,31.497011,0
5171.0,100961.75,30.286233,0
5172.0,100972.75,29.367806,0
5173.0,100981.75,28.616425,0
5174.0,100987.75,28.115535,0
5175.0,100994.0,27.5938,0
5176.0,100997.0,27.343377,0
5177.0,100999.5,27.134695,0
5178.0,101001.5,26.967753,0
5179.0,101001.75,26.946885,0
5180.0,101002.5,26.884283,0
5181.0,101002.25,26.90515,0
5182.0,101004.25,26.738212,0
5183.0,101005.0,26.67561,0
5184.0,101006.25,26.571276,0
5185.0,101007.0,26.508675,0
5186.0,101007.0,26.508675,0
5187.0,101007.25,26.487809,0
5188.0,101008.75,26.362609,0
5189.0,101009.75,26.279144,0
5190.0,101009.5,26.30001,0
5191.0,101008.0,26.425209,0
5192.0,101000.0,27.092959,0
5193.0,100989.75,27.948577,0
5194.0,100977.25,28.992109,0
5195.0,100964.75,30.035745,0
5196.0,100950.5,31.225618,0
5197.0,100933.75,32.624414,0
5198.0,100918.0,33.939872,0
5199.0,100905.25,35.004888,0
5200.0,100894.5,35.902927,0
5201.0,100886.5,36.571286,0
5202.0,100881.25,37.00992,0
5203.0,100877.75,37.302352,0
5204.0,100874.25,37.594793,0
5205.0,100872.5,37.741017,0
5206.0,100871.0,37.866353,0
5207.0,100869.25,38.01258,0
5208.0,100868.25,38.09614,0
5209.0,100866.5,38.24237,0
5210.0,100865.75,38.305041,0
5211.0,100865.0,38.367712,0
5212.0,100865.25,38.346822,0
5213.0,100864.75,38.388603,0
5214.0,100864.75,38.388603,0
5215.0,100864.0,38.451275,0
5216.0,100864.0,38.451275,0
5217.0,100864.5,38.409493,0
5218.0,100864.75,38.388603,0
5219.0,100865.25,38.346822,0
5220.0,100864.25,38.430384,0
5221.0,100863.25,38.513947,0
5222.0,100863.5,38.493056,0
5223.0,100864.25,38.430384,0
5224.0,100864.0,38.451275,0
5225.0,100864.75,38.388603,0
5226.0,100864.75,38.388603,0
5227.0,100864.75,38.388603,0
5228.0,100866.0,38.284151,0
5229.0,100871.0,37.866353,0
5230.0,100880.5,37.072583,0
5231.0,100892.25,36.090899,0
5232.0,100906.75,34.879586,0
5233.0,100923.25,33.501368,0
5234.0,100940.5,32.060698,0
5235.0,100956.75,30.703727,0
5236.0,100970.0,29.597405,0
5237.0,100979.25,28.825137,0
5238.0,100986.5,28.219885,0
5239.0,100991.5,27.802491,0
5240.0,100994.5,27.552063,0
5241.0,100997.25,27.322508,0
5242.0,100999.25,27.155563,0
5243.0,101000.5,27.051224,0
5244.0,101002.0,26.926018,0
5245.0,101002.5,26.884283,0
5246.0,101003.5,26.800813,0
5247.0,101004.5,26.717344,0
5248.0,101004.5,26.717344,0
5249.0,101005.5,26.633876,0
5250.0,101004.25,26.738212,0
5251.0,100998.25,27.239035,0
5252.0,100989.0,28.011186,0
5253.0,100978.5,28.887751,0
5254.0,100968.5,29.722643,0
5255.0,100960.25,30.41148,0
5256.0,100953.5,30.975107,0
5257.0,100948.25,31.413505,0
5258.0,100944.25,31.747535,0
5259.0,100941.75,31.956309,0
5260.0,100940.0,32.102453,0
5261.0,100939.0,32.185965,0
5262.0,100938.0,32.269478,0
5263.0,100936.75,32.37387,0
5264.0,100936.5,32.394748,0
5265.0,100936.75,32.37387,0
5266.0,100936.75,32.37387,0
5267.0,100936.0,32.436505,0
5268.0,100935.5,32.478263,0
5269.0,100934.5,32.561778,0
5270.0,100929.5,32.979363,0
5271.0,100920.25,33.751939,0
5272.0,100910.5,34.566339,0
5273.0,100898.0,35.610534,0
5274.0,100883.75,36.801044,0
5275.0,100868.0,38.11703,0
5276.0,100852.5,39.412289,0
5277.0,100839.0,40.540549,0
5278.0,100828.5,41.41817,0
5279.0,100820.25,42.107781,0
5280.0,100815.0,42.546648,0
5281.0,100810.5,42.922834,0
5282.0,100807.5,43.173633,0
5283.0,100805.0,43.382636,0
5284.0,100803.5,43.50804,0
5285.0,100801.75,43.654347,0
5286.0,100801.75,43.654347,0
5287.0,100800.5,43.758853,0
5288.0,100799.75,43.821557,0
5289.0,100799.75,43.821557,0
5290.0,100798.25,43.946966,0
5291.0,100798.25,43.946966,0
5292.0,100797.25,44.030573,0
5293.0,100797.0,44.051475,0
5294.0,100796.75,44.072377,0
5295.0,100796.25,44.114181,0
5296.0,100796.0,44.135083,0
5297.0,100796.25,44.114181,0
5298.0,100796.5,44.093279,0
5299.0,100796.0,44.135083,0
5300.0,100796.0,44.135083,0
5301.0,100795.25,44.19779,0
5302.0,100795.25,44.19779,0
5303.0,100795.0,44.218692,0
5304.0,100794.0,44.302301,0
5305.0,100793.75,44.323203,0
5306.0,100793.75,44.323203,0
5307.0,100793.75,44.323203,0
5308.0,100794.25,44.281399,0
5309.0,100793.25,44.365008,0
5310.0,100793.0,44.385911,0
5311.0,100792.5,44.427716,0
5312.0,100792.5,44.427716,0
5313.0,100793.5,44.344106,0
5314.0,100794.0,44.302301,0
5315.0,100796.0,44.135083,0
5316.0,100799.75,43.821557,0
5317.0,100805.25,43.361736,0
5318.0,100810.5,42.922834,0
5319.0,100814.25,42.609345,0
5320.0,100817.25,42.35856,0
5321.0,100819.25,42.191373,0
5322.0,100821.5,42.003291,0
5323.0,100823.0,41.877905,0
5324.0,100824.5,41.752521,0
5325.0,100825.75,41.648035,0
5326.0,100826.5,41.585344,0
5327.0,100827.25,41.522653,0
5328.0,100827.0,41.54355,0
5329.0,100827.75,41.48086,0
5330.0,100827.0,41.54355,0
5331.0,100826.75,41.564447,0
5332.0,100827.5,41.501757,0
5333.0,100829.25,41.35548,0
5334.0,100835.0,40.874872,0
5335.0,100844.75,40.059979,0
5336.0,100857.0,39.036229,0
5337.0,100872.25,37.761906,0
5338.0,100888.0,36.445965,0
5339.0,100904.5,35.067539,0
5340.0,100919.5,33.814583,0
5341.0,100929.5,32.979363,0
5342.0,100939.25,32.165087,0
5343.0,100946.25,31.580519,0
5344.0,100951.0,31.183866,0
5345.0,100953.75,30.954231,0
5346.0,100957.0,30.682852,0
5347.0,100959.0,30.515853,0
5348.0,100960.0,30.432354,0
5349.0,100961.5,30.307108,0
5350.0,100962.0,30.265359,0
5351.0,100961.75,30.286233,0
5352.0,100963.0,30.181862,0
5353.0,100963.5,30.140114,0
5354.0,100965.75,29.95225,0
5355.0,100969.25,29.660024,0
5356.0,100977.0,29.01298,0
5357.0,100982.75,28.532942,0
5358.0,100988.75,28.032056,0
5359.0,100992.75,27.698145,0
5360.0,100995.25,27.489456,0
5361.0,100997.75,27.280772,0
5362.0,100999.5,27.134695,0
5363.0,101001.0,27.009488,0
5364.0,101002.25,26.90515,0
5365.0,101003.0,26.842548,0
5366.0,101004.5,26.717344,0
5367.0,101004.25,26.738212,0
5368.0,101004.5,26.717344,0
5369.0,101004.0,26.759079,0
5370.0,101004.0,26.759079,0
5371.0,101003.5,26.800813,0
5372.0,101003.25,26.821681,0
5373.0,101003.25,26.821681,0
5374.0,101003.5,26.800813,0
5375.0,101004.25,26.738212,0
5376.0,101006.0,26.592142,0
5377.0,101004.5,26.717344,0
5378.0,101000.0,27.092959,0
5379.0,100991.25,27.82336,0
5380.0,100979.5,28.804265,0
5381.0,100966.25,29.910503,0
5382.0,100951.25,31.16299,0
5383.0,100934.75,32.540899,0
5384.0,100918.0,33.939872,0
5385.0,100900.5,35.401686,0
5386.0,100882.25,36.926369,0
5387.0,100865.0,38.367712,0
5388.0,100849.25,39.683896,0
5389.0,100835.5,40.833081,0
5390.0,100825.75,41.648035,0
5391.0,100817.25,42.35856,0
5392.0,100810.75,42.901935,0
5393.0,100806.25,43.278134,0
5394.0,100804.0,43.466239,0
5395.0,100801.75,43.654347,0
5396.0,100799.0,43.884262,0
5397.0,100797.5,44.009672,0
5398.0,100796.0,44.135083,0
5399.0,100795.0,44.218692,0
5400.0,100794.75,44.239594,0
5401.0,100793.75,44.323203,0
5402.0,100793.75,44.323203,0
5403.0,100791.0,44.553133,0
5404.0,100786.5,44.929392,0
5405.0,100780.0,45.472901,0
5406.0,100776.0,45.807382,0
5407.0,100772.0,46.141875,0
5408.0,100768.75,46.413657,0
5409.0,100766.75,46.580912,0
5410.0,100765.0,46.727262,0
5411.0,100763.25,46.873614,0
5412.0,100762.5,46.936336,0
5413.0,100761.5,47.019967,0
5414.0,100761.25,47.040875,0
5415.0,100760.5,47.103599,0
5416.0,100760.25,47.124507,0
5417.0,100759.75,47.166324,0
5418.0,100760.25,47.124507,0
5419.0,100760.25,47.124507,0
5420.0,100757.6364,47.343094,1
5421.0,100755.0227,47.561685,1
5422.0,100752.4091,47.780281,1
5423.0,100749.7955,47.998881,1
5424.0,100747.1818,48.217486,1
5425.0,100744.5682,48.436096,1
5426.0,100741.9545,48.65471,1
5427.0,100739.3409,48.873329,1
5428.0,100736.7273,49.091952,1
5429.0,100734.1136,49.31058,1
5430.0,100731.5,49.529213,0
5431.0,100730.25,49.633778,0
5432.0,100729.75,49.675604,0
5433.0,100729.0,49.738344,0
5434.0,100729.0,49.738344,0
5435.0,100729.0,49.738344,0
5436.0,100728.75,49.759257,0
5437.0,100729.0,49.738344,0
5438.0,100729.0,49.738344,0
5439.0,100728.5,49.780171,0
5440.0,100727.0,49.905652,0
5441.0,100725.75,50.01022,0
5442.0,100728.0,49.821997,0
5443.0,100733.25,49.382823,0
5444.0,100742.5,48.609086,0
5445.0,100753.75,47.668131,0
5446.0,100762.25,46.957244,0
5447.0,100770.25,46.288218,0
5448.0,100777.25,45.702856,0
5449.0,100781.25,45.368378,0
5450.0,100784.5,45.096622,0
5451.0,100786.5,44.929392,0
5452.0,100788.25,44.783067,0
5453.0,100789.75,44.657648,0
5454.0,100790.75,44.574036,0
5455.0,100792.0,44.469522,0
5456.0,100792.75,44.406814,0
5457.0,100794.5,44.260496,0
5458.0,100794.25,44.281399,0
5459.0,100794.5,44.260496,0
5460.0,100794.5,44.260496,0
5461.0,100795.5,44.176887,0
5462.0,100800.75,43.737952,0
5463.0,100809.5,43.006433,0
5464.0,100821.5,42.003291,0
5465.0,100836.25,40.770395,0
5466.0,100849.5,39.663003,0
5467.0,100861.5,38.660183,0
5468.0,100871.0,37.866353,0
5469.0,100877.75,37.302352,0
5470.0,100881.5,36.989032,0
5471.0,100885.5,36.654834,0
5472.0,100889.75,36.29976,0
5473.0,100892.75,36.049127,0
5474.0,100894.0,35.944698,0
5475.0,100895.0,35.861156,0
5476.0,100895.5,35.819385,0
5477.0,100896.25,35.75673,0
5478.0,100896.0,35.777615,0
5479.0,100896.5,35.735844,0
5480.0,100895.5,35.819385,0
5481.0,100895.75,35.7985,0
5482.0,100897.75,35.631419,0
5483.0,100904.25,35.088423,0
5484.0,100910.25,34.587222,0
5485.0,100915.25,34.169572,0
5486.0,100920.0,33.77282,0
5487.0,100922.75,33.543129,0
5488.0,100925.75,33.292562,0
5489.0,100926.25,33.250802,0
5490.0,100928.25,33.083761,0
5491.0,100928.5,33.062882,0
5492.0,100929.25,33.000242,0
5493.0,100930.75,32.874965,0
5494.0,100932.25,32.749689,0
5495.0,100932.5,32.72881,0
5496.0,100932.5,32.72881,0
5497.0,100933.0,32.687051,0
5498.0,100935.75,32.457384,0
5499.0,100940.0,32.102453,0
5500.0,100945.25,31.664026,0
5501.0,100950.0,31.26737,0
5502.0,100954.0,30.933356,0
5503.0,100957.25,30.661977,0
5504.0,100960.25,30.41148,0
5505.0,100961.5,30.307108,0
5506.0,100962.25,30.244485,0
5507.0,100962.5,30.223611,0
5508.0,100963.25,30.160988,0
5509.0,100963.5,30.140114,0
5510.0,100965.0,30.014871,0
5511.0,100965.0,30.014871,0
5512.0,100965.5,29.973124,0
5513.0,100965.75,29.95225,0
5514.0,100966.5,29.88963,0
5515.0,100967.25,29.827009,0
5516.0,100970.0,29.597405,0
5517.0,100976.75,29.033852,0
5518.0,100983.75,28.449459,0
5519.0,100990.0,27.927708,0
5520.0,100994.25,27.572931,0
5521.0,100997.0,27.343377,0
5522.0,100998.5,27.218167,0
5523.0,101001.25,26.988621,0
5524.0,101002.25,26.90515,0
5525.0,101003.25,26.821681,0
5526.0,101004.25,26.738212,0
5527.0,101004.25,26.738212,0
5528.0,101005.5,26.633876,0
5529.0,101006.0,26.592142,0
5530.0,101006.0,26.592142,0
5531.0,101004.0,26.759079,0
5532.0,101004.75,26.696477,0
5533.0,101005.25,26.654743,0
5534.0,101006.0,26.592142,0
5535.0,101006.0,26.592142,0
5536.0,101005.5,26.633876,0
5537.0,101005.25,26.654743,0
5538.0,101005.0,26.67561,0
5539.0,101005.0,26.67561,0
5540.0,101005.75,26.613009,0
5541.0,101006.0,26.592142,0
5542.0,101006.25,26.571276,0
5543.0,101005.75,26.613009,0
5544.0,101000.75,27.030356,0
5545.0,100994.0,27.5938,0
5546.0,100988.75,28.032056,0
5547.0,100983.75,28.449459,0
5548.0,100980.75,28.699909,0
5549.0,100976.75,29.033852,0
5550.0,100974.5,29.2217,0
5551.0,100971.5,29.472168,0
5552.0,100970.5,29.555659,0
5553.0,100969.5,29.639151,0
5554.0,100968.75,29.70177,0
5555.0,100968.5,29.722643,0
5556.0,100968.25,29.743516,0
5557.0,100968.5,29.722643,0
5558.0,100968.0,29.764389,0
5559.0,100969.5,29.639151,0
5560.0,100968.5,29.722643,0
5561.0,100965.5,29.973124,0
5562.0,100959.0,30.515853,0
5563.0,100949.75,31.288246,0
5564.0,100939.5,32.144209,0
5565.0,100929.25,33.000242,0
5566.0,100922.0,33.605772,0
5567.0,100915.25,34.169572,0
5568.0,100911.5,34.482808,0
5569.0,100909.25,34.670753,0
5570.0,100906.75,34.879586,0
5571.0,100904.0,35.109307,0
5572.0,100903.75,35.130191,0
5573.0,100903.5,35.151075,0
5574.0,100903.25,35.171959,0
5575.0,100902.75,35.213727,0
5576.0,100903.25,35.171959,0
5577.0,100902.25,35.255496,0
5578.0,100902.25,35.255496,0
5579.0,100899.5,35.485225,0
5580.0,100893.0,36.028241,0
5581.0,100882.5,36.905481,0
5582.0,100871.75,37.803685,0
5583.0,100862.5,38.576619,0
5584.0,100854.25,39.266042,0
5585.0,100848.25,39.767469,0
5586.0,100844.0,40.122661,0
5587.0,100841.0,40.373392,0
5588.0,100838.75,40.561444,0
5589.0,100837.0,40.70771,0
5590.0,100834.75,40.895768,0
5591.0,100832.75,41.062934,0
5592.0,100832.25,41.104725,0
5593.0,100831.5,41.167414,0
5594.0,100831.25,41.18831,0
5595.0,100831.5,41.167414,0
5596.0,100831.75,41.146518,0
5597.0,100831.25,41.18831,0
5598.0,100831.5,41.167414,0
5599.0,100832.25,41.104725,0
5600.0,100833.75,40.97935,0
5601.0,100841.25,40.352498,0
5602.0,100851.25,39.516752,0
5603.0,100865.0,38.367712,0
5604.0,100880.75,37.051695,0
5605.0,100897.0,35.694074,0
5606.0,100915.0,34.190454,0
5607.0,100934.0,32.603535,0
5608.0,100951.75,31.121238,0
5609.0,100965.25,29.993998,0
5610.0,100976.5,29.054724,0
5611.0,100983.75,28.449459,0
5612.0,100990.0,27.927708,0
5613.0,100994.5,27.552063,0
5614.0,100998.0,27.259904,0
5615.0,101000.5,27.051224,0
5616.0,101002.25,26.90515,0
5617.0,101004.25,26.738212,0
5618.0,101006.0,26.592142,0
5619.0,101006.25,26.571276,0
5620.0,101006.75,26.529542,0
5621.0,101006.25,26.571276,0
5622.0,101007.5,26.466942,0
5623.0,101008.25,26.404342,0
5624.0,101004.0,26.759079,0
5625.0,100995.75,27.447719,0
5626.0,100984.25,28.407718,0
5627.0,100971.25,29.493041,0
5628.0,100957.0,30.682852,0
5629.0,100942.0,31.935431,0
5630.0,100924.75,33.376084,0
5631.0,100906.25,34.921353,0
5632.0,100890.5,36.237101,0
5633.0,100877.0,37.365018,0
5634.0,100865.75,38.305041,0
5635.0,100857.5,38.994446,0
5636.0,100850.75,39.558538,0
5637.0,100846.5,39.913723,0
5638.0,100843.25,40.185343,0
5639.0,100841.5,40.331603,0
5640.0,100839.25,40.519655,0
5641.0,100837.25,40.686814,0
5642.0,100836.0,40.791291,0
5643.0,100835.25,40.853977,0
5644.0,100835.0,40.874872,0
5645.0,100834.25,40.937559,0
5646.0,100833.5,41.000246,0
5647.0,100833.75,40.97935,0
5648.0,100833.5,41.000246,0
5649.0,100833.5,41.000246,0
5650.0,100832.5,41.08383,0
5651.0,100831.75,41.146518,0
5652.0,100831.25,41.18831,0
5653.0,100831.5,41.167414,0
5654.0,100832.25,41.104725,0
5655.0,100832.0,41.125621,0
5656.0,100832.0,41.125621,0
5657.0,100832.75,41.062934,0
5658.0,100832.5,41.08383,0
5659.0,100833.25,41.021142,0
5660.0,100833.75,40.97935,0
5661.0,100833.0,41.042038,0
5662.0,100832.25,41.104725,0
5663.0,100832.5,41.08383,0
5664.0,100833.5,41.000246,0
5665.0,100834.5,40.916663,0
5666.0,100835.0,40.874872,0
5667.0,100834.5,40.916663,0
5668.0,100834.5,40.916663,0
5669.0,100833.25,41.021142,0
5670.0,100833.5,41.000246,0
5671.0,100833.25,41.021142,0
5672.0,100832.5,41.08383,0
5673.0,100833.75,40.97935,0
5674.0,100834.25,40.937559,0
5675.0,100835.25,40.853977,0
5676.0,100838.0,40.624129,0
5677.0,100844.0,40.122661,0
5678.0,100854.25,39.266042,0
5679.0,100866.25,38.263261,0
5680.0,100880.25,37.093471,0
5681.0,100896.0,35.777615,0
5682.0,100914.25,34.253101,0
5683.0,100933.25,32.666172,0
5684.0,100951.25,31.16299,0
5685.0,100966.5,29.88963,0
5686.0,100978.5,28.887751,0
5687.0,100987.5,28.136405,0
5688.0,100993.5,27.635538,0
5689.0,100998.5,27.218167,0
5690.0,101001.75,26.946885,0
5691.0,101003.25,26.821681,0
5692.0,101004.75,26.696477,0
5693.0,101005.0,26.67561,0
5694.0,101006.25,26.571276,0
5695.0,101007.0,26.508675,0
5696.0,101007.75,26.446075,0
5697.0,101008.5,26.383476,0
5698.0,101009.0,26.341743,0
5699.0,101008.25,26.404342,0
5700.0,101006.25,26.571276,0
5701.0,100999.0,27.176431,0
5702.0,100988.75,28.032056,0
5703.0,100977.25,28.992109,0
5704.0,100963.0,30.181862,0
5705.0,100948.5,31.392628,0
5706.0,100933.25,32.666172,0
5707.0,100918.75,33.877227,0
5708.0,100907.0,34.858703,0
5709.0,100897.5,35.652304,0
5710.0,100890.25,36.257987,0
5711.0,100885.0,36.696608,0
5712.0,100882.0,36.947256,0
5713.0,100879.5,37.156135,0
5714.0,100877.5,37.323241,0
5715.0,100876.75,37.385906,0
5716.0,100875.75,37.46946,0
5717.0,100875.0,37.532127,0
5718.0,100874.25,37.594793,0
5719.0,100874.0,37.615682,0
5720.0,100873.0,37.699238,0
5721.0,100871.5,37.824574,0
5722.0,100871.25,37.845463,0
5723.0,100870.5,37.908132,0
5724.0,100871.75,37.803685,0
5725.0,100876.0,37.448572,0
5726.0,100882.75,36.884594,0
5727.0,100893.75,35.965584,0
5728.0,100907.0,34.858703,0
5729.0,100921.25,33.668415,0
5730.0,100936.5,32.394748,0
5731.0,100953.0,31.016858,0
5732.0,100967.0,29.847883,0
5733.0,100979.0,28.846008,0
5734.0,100988.5,28.052926,0
5735.0,100995.0,27.510325,0
5736.0,100999.25,27.155563,0
5737.0,101002.75,26.863415,0
5738.0,101005.25,26.654743,0
5739.0,101007.25,26.487809,0
5740.0,101010.5,26.216546,0
5741.0,101010.0,26.258278,0
5742.0,101010.25,26.237412,0
5743.0,101011.5,26.133082,0
5744.0,101012.0,26.09135,0
5745.0,101012.0,26.09135,0
5746.0,101011.75,26.112216,0
5747.0,101012.25,26.070484,0
5748.0,101012.5,26.049618,0
5749.0,101012.5,26.049618,0
5750.0,101010.0,26.258278,0
5751.0,101002.0,26.926018,0
5752.0,100992.25,27.739883,0
5753.0,100982.5,28.553813,0
5754.0,100973.0,29.346933,0
5755.0,100965.75,29.95225,0
5756.0,100960.75,30.369731,0
5757.0,100957.25,30.661977,0
5758.0,100954.5,30.891605,0
5759.0,100953.0,31.016858,0
5760.0,100951.25,31.16299,0
5761.0,100949.0,31.350876,0
5762.0,100948.5,31.392628,0
5763.0,100948.25,31.413505,0
5764.0,100947.25,31.497011,0
5765.0,100946.25,31.580519,0
5766.0,100946.0,31.601395,0
5767.0,100945.5,31.643149,0
5768.0,100945.0,31.684903,0
5769.0,100945.25,31.664026,0
5770.0,100943.25,31.831044,0
5771.0,100939.25,32.165087,0
5772.0,100933.25,32.666172,0
5773.0,100922.75,33.543129,0
5774.0,100910.25,34.587222,0
5775.0,100895.75,35.7985,0
5776.0,100880.75,37.051695,0
5777.0,100864.75,38.388603,0
5778.0,100851.5,39.49586,0
5779.0,100840.5,40.415181,0
5780.0,100830.5,41.250998,0
5781.0,100823.25,41.857008,0
5782.0,100819.0,42.212271,0
5783.0,100815.75,42.483951,0
5784.0,100814.0,42.630244,0
5785.0,100812.0,42.797437,0
5786.0,100811.0,42.881035,0
5787.0,100809.0,43.048233,0
5788.0,100808.5,43.090033,0
5789.0,100808.25,43.110933,0
5790.0,100806.75,43.236333,0
5791.0,100806.75,43.236333,0
5792.0,100806.75,43.236333,0
5793.0,100807.75,43.152733,0
5794.0,100810.0,42.964634,0
5795.0,100816.75,42.400357,0
5796.0,100826.5,41.585344,0
5797.0,100839.5,40.49876,0
5798.0,100853.75,39.307827,0
5799.0,100869.5,37.991691,0
5800.0,100885.5,36.654834,0
5801.0,100902.75,35.213727,0
5802.0,100920.25,33.751939,0
5803.0,100935.5,32.478263,0
5804.0,100946.5,31.559642,0
5805.0,100953.75,30.954231,0
5806.0,100960.0,30.432354,0
5807.0,100964.25,30.077493,0
5808.0,100968.5,29.722643,0
5809.0,100971.25,29.493041,0
5810.0,100973.5,29.305189,0
5811.0,100974.5,29.2217,0
5812.0,100975.75,29.11734,0
5813.0,100976.25,29.075596,0
5814.0,100976.75,29.033852,0
5815.0,100977.75,28.950366,0
5816.0,100978.0,28.929494,0
5817.0,100978.25,28.908622,0
5818.0,100979.25,28.825137,0
5819.0,100980.25,28.741652,0
5820.0,100980.0,28.762523,0
5821.0,100979.75,28.783394,0
5822.0,100979.5,28.804265,0
5823.0,100979.75,28.783394,0
5824.0,100979.75,28.783394,0
5825.0,100979.75,28.783394,0
5826.0,100980.75,28.699909,0
5827.0,100981.0,28.679038,0
5828.0,100981.5,28.637296,0
5829.0,100982.25,28.574684,0
5830.0,100982.5,28.553813,0
5831.0,100981.25,28.658167,0
5832.0,100976.0,29.096468,0
5833.0,100967.75,29.785263,0
5834.0,100956.0,30.766353,0
5835.0,100943.5,31.810167,0
5836.0,100928.0,33.104641,0
5837.0,100912.75,34.378395,0
5838.0,100895.0,35.861156,0
5839.0,100877.75,37.302352,0
5840.0,100861.75,38.639292,0
5841.0,100848.0,39.788362,0
5842.0,100838.25,40.603234,0
5843.0,100830.5,41.250998,0
5844.0,100825.25,41.689829,0
5845.0,100820.5,42.086883,0
5846.0,100816.75,42.400357,0
5847.0,100814.5,42.588446,0
5848.0,100813.0,42.71384,0
5849.0,100811.75,42.818337,0
5850.0,100810.5,42.922834,0
5851.0,100808.75,43.069133,0
5852.0,100808.5,43.090033,0
5853.0,100808.75,43.069133,0
5854.0,100808.0,43.131833,0
5855.0,100807.25,43.194533,0
5856.0,100808.0,43.131833,0
5857.0,100812.25,42.776538,0
5858.0,100820.75,42.065985,0
5859.0,100831.25,41.18831,0
5860.0,100845.0,40.039085,0
5861.0,100859.5,38.827313,0
5862.0,100876.75,37.385906,0
5863.0,100896.0,35.777615,0
5864.0,100914.0,34.273983,0
5865.0,100933.0,32.687051,0
5866.0,100950.75,31.204742,0
5867.0,100966.5,29.88963,0
5868.0,100979.0,28.846008,0
5869.0,100988.5,28.052926,0
5870.0,100995.75,27.447719,0
5871.0,101000.5,27.051224,0
5872.0,101004.75,26.696477,0
5873.0,101008.75,26.362609,0
5874.0,101010.25,26.237412,0
5875.0,101012.25,26.070484,0
5876.0,101013.25,25.987021,0
5877.0,101013.75,25.94529,0
5878.0,101014.25,25.903559,0
5879.0,101015.0,25.840962,0
5880.0,101015.25,25.820097,0
5881.0,101012.75,26.028752,0
5882.0,101008.0,26.425209,0
5883.0,101002.5,26.884283,0
5884.0,100998.0,27.259904,0
5885.0,100994.25,27.572931,0
5886.0,100991.25,27.82336,0
5887.0,100988.75,28.032056,0
5888.0,100987.0,28.178145,0
5889.0,100984.75,28.365977,0
5890.0,100982.5,28.553813,0
5891.0,100980.75,28.699909,0
5892.0,100981.25,28.658167,0
5893.0,100980.5,28.720781,0
5894.0,100980.5,28.720781,0
5895.0,100981.25,28.658167,0
5896.0,100981.25,28.658167,0
5897.0,100981.25,28.658167,0
5898.0,100980.5,28.720781,0
5899.0,100976.5,29.054724,0
5900.0,100969.5,29.639151,0
5901.0,100957.75,30.620227,0
5902.0,100946.5,31.559642,0
5903.0,100933.0,32.687051,0
5904.0,100917.25,34.002517,0
5905.0,100900.5,35.401686,0
5906.0,100882.5,36.905481,0
5907.0,100865.5,38.325932,0
5908.0,100851.5,39.49586,0
5909.0,100839.75,40.477865,0
5910.0,100831.5,41.167414,0
5911.0,100825.0,41.710726,0
5912.0,100821.0,42.045087,0
5913.0,100817.5,42.337661,0
5914.0,100814.5,42.588446,0
5915.0,100812.5,42.755639,0
5916.0,100811.0,42.881035,0
5917.0,100810.0,42.964634,0
5918.0,100809.25,43.027333,0
5919.0,100808.5,43.090033,0
5920.0,100807.5,43.173633,0
5921.0,100806.5,43.257234,0
5922.0,100805.0,43.382636,0
5923.0,100800.0,43.800656,0
5924.0,100793.75,44.323203,0
5925.0,100789.75,44.657648,0
5926.0,100785.25,45.033911,0
5927.0,100782.0,45.305664,0
5928.0,100780.25,45.451996,0
5929.0,100778.5,45.59833,0
5930.0,100777.25,45.702856,0
5931.0,100776.5,45.765572,0
5932.0,100776.75,45.744666,0
5933.0,100776.5,45.765572,0
5934.0,100776.0,45.807382,0
5935.0,100776.0,45.807382,0
5936.0,100776.0,45.807382,0
5937.0,100776.25,45.786477,0
5938.0,100775.5,45.849193,0
5939.0,100776.0,45.807382,0
5940.0,100776.0,45.807382,0
5941.0,100779.25,45.535616,0
5942.0,100787.5,44.845778,0
5943.0,100799.25,43.86336,0
5944.0,100812.5,42.755639,0
5945.0,100827.25,41.522653,0
5946.0,100844.25,40.101767,0
5947.0,100861.75,38.639292,0
5948.0,100879.5,37.156135,0
5949.0,100898.5,35.568764,0
5950.0,100917.75,33.960753,0
5951.0,100936.0,32.436505,0
5952.0,100954.5,30.891605,0
5953.0,100969.75,29.618278,0
5954.0,100981.5,28.637296,0
5955.0,100990.5,27.885969,0
5956.0,100997.5,27.30164,0
5957.0,101001.75,26.946885,0
5958.0,101005.0,26.67561,0
5959.0,101007.5,26.466942,0
5960.0,101009.5,26.30001,0
5961.0,101011.0,26.174814,0
5962.0,101013.0,26.007887,0
5963.0,101014.5,25.882693,0
5964.0,101015.25,25.820097,0
5965.0,101016.75,25.694906,0
5966.0,101017.25,25.653176,0
5967.0,101017.0,25.674041,0
5968.0,101017.0,25.674041,0
5969.0,101017.25,25.653176,0
5970.0,101018.0,25.590581,0
5971.0,101017.0,25.674041,0
5972.0,101017.5,25.632311,0
5973.0,101018.0,25.590581,0
5974.0,101017.5,25.632311,0
5975.0,101017.75,25.611446,0
5976.0,101017.5,25.632311,0
5977.0,101018.0,25.590581,0
5978.0,101017.75,25.611446,0
5979.0,101018.5,25.548851,0
5980.0,101018.25,25.569716,0
5981.0,101017.25,25.653176,0
5982.0,101017.75,25.611446,0
5983.0,101017.25,25.653176,0
5984.0,101017.0,25.674041,0
5985.0,101017.25,25.653176,0
5986.0,101018.0,25.590581,0
5987.0,101018.0,25.590581,0
5988.0,101017.75,25.611446,0
5989.0,101017.5,25.632311,0
5990.0,101018.25,25.569716,0
5991.0,101018.25,25.569716,0
5992.0,101018.5,25.548851,0
5993.0,101017.25,25.653176,0
5994.0,101011.75,26.112216,0
5995.0,101003.25,26.821681,0
5996.0,100991.75,27.781622,0
5997.0,100978.75,28.866879,0
5998.0,100964.75,30.035745,0
5999.0,100951.75,31.121238,0
6000.0,100940.75,32.03982,0
6001.0,100932.75,32.70793,0
6002.0,100927.75,33.125521,0
6003.0,100924.5,33.396964,0
6004.0,100921.5,33.647534,0
6005.0,100919.25,33.835464,0
6006.0,100918.0,33.939872,0
6007.0,100916.5,34.065162,0
6008.0,100915.25,34.169572,0
6009.0,100915.0,34.190454,0
6010.0,100915.0,34.190454,0
6011.0,100912.75,34.378395,0
6012.0,100912.25,34.42016,0
6013.0,100910.75,34.545456,0
6014.0,100907.25,34.837819,0
6015.0,100899.0,35.526994,0
6016.0,100887.5,36.487739,0
6017.0,100874.25,37.594793,0
6018.0,100859.75,38.806422,0
6019.0,100843.75,40.143555,0
6020.0,100827.5,41.501757,0
6021.0,100809.5,43.006433,0
6022.0,100793.75,44.323203,0
6023.0,100780.75,45.410187,0
6024.0,100770.0,46.309125,0
6025.0,100762.0,46.978152,0
6026.0,100756.75,47.417224,0
6027.0,100752.25,47.793587,0
6028.0,100749.25,48.044503,0
6029.0,100747.25,48.211784,0
6030.0,100746.5,48.274514,1
6031.0,100745.75,48.337246,1
6032.0,100745.0,48.399977,1
6033.0,100744.25,48.46271,1
6034.0,100743.5,48.525442,1
6035.0,100742.75,48.588175,1
6036.0,100742.0,48.650908,1
6037.0,100741.25,48.713642,1
6038.0,100740.5,48.776376,1
6039.0,100739.75,48.83911,1
6040.0,100739.0,48.901845,0
6041.0,100738.25,48.96458,0
6042.0,100738.5,48.943668,0
6043.0,100738.5,48.943668,0
6044.0,100738.5,48.943668,0
6045.0,100737.25,49.048227,0
6046.0,100736.5,49.110963,0
6047.0,100735.75,49.1737,0
6048.0,100735.5,49.194612,0
6049.0,100736.0,49.152787,0
6050.0,100735.5,49.194612,0
6051.0,100735.0,49.236436,0
6052.0,100735.0,49.236436,0
6053.0,100735.25,49.215524,0
6054.0,100735.75,49.1737,0
6055.0,100736.25,49.131875,0
6056.0,100735.5,49.194612,0
6057.0,100736.25,49.131875,0
6058.0,100736.75,49.090051,0
6059.0,100737.25,49.048227,0
6060.0,100738.0,48.985492,0
6061.0,100737.25,49.048227,0
6062.0,100737.5,49.027315,0
6063.0,100737.5,49.027315,0
6064.0,100737.25,49.048227,0
6065.0,100737.75,49.006403,0
6066.0,100738.0,48.985492,0
6067.0,100738.25,48.96458,0
6068.0,100738.25,48.96458,0
6069.0,100738.75,48.922756,0
6070.0,100738.9318,48.907548,1
6071.0,100739.1136,48.892339,1
6072.0,100739.2955,48.877131,1
6073.0,100739.4773,48.861923,1
6074.0,100739.6591,48.846714,1
6075.0,100739.8409,48.831506,1
6076.0,100740.0227,48.816297,1
6077.0,100740.2045,48.801089,1
6078.0,100740.3864,48.785881,1
6079.0,100740.5682,48.770673,1
6080.0,100740.75,48.755464,0
6081.0,100740.0,48.818198,0
6082.0,100740.25,48.797287,0
6083.0,100742.25,48.629997,0
6084.0,100748.75,48.086323,0
6085.0,100759.25,47.20814,0
6086.0,100772.25,46.120969,0
6087.0,100787.0,44.887585,0
6088.0,100802.75,43.570743,0
6089.0,100819.75,42.149577,0
6090.0,100837.75,40.645024,0
6091.0,100856.0,39.119797,0
6092.0,100875.5,37.490349,0
6093.0,100897.0,35.694074,0
6094.0,100916.75,34.04428,0
6095.0,100937.0,32.352991,0
6096.0,100955.25,30.828978,0
6097.0,100971.0,29.513914,0
6098.0,100983.75,28.449459,0
6099.0,100992.25,27.739883,0
6100.0,100999.0,27.176431,0
6101.0,101003.0,26.842548,0
6102.0,101008.0,26.425209,0
6103.0,101011.0,26.174814,0
6104.0,101013.75,25.94529,0
6105.0,101015.25,25.820097,0
6106.0,101016.0,25.757501,0
6107.0,101017.0,25.674041,0
6108.0,101019.0,25.507122,0
6109.0,101020.25,25.402799,0
6110.0,101019.75,25.444528,0
6111.0,101019.25,25.486257,0
6112.0,101016.75,25.694906,0
6113.0,101010.0,26.258278,0
6114.0,101000.0,27.092959,0
6115.0,100988.5,28.052926,0
6116.0,100975.0,29.179956,0
6117.0,100962.0,30.265359,0
6118.0,100949.5,31.309123,0
6119.0,100940.75,32.03982,0
6120.0,100933.5,32.645293,0
6121.0,100927.75,33.125521,0
6122.0,100924.5,33.396964,0
6123.0,100923.0,33.522248,0
6124.0,100922.75,33.543129,0
6125.0,100921.75,33.626653,0
6126.0,100921.75,33.626653,0
6127.0,100921.5,33.647534,0
6128.0,100921.0,33.689296,0
6129.0,100921.0,33.689296,0
6130.0,100921.0,33.689296,0
6131.0,100919.0,33.856346,0
6132.0,100918.0,33.939872,0
6133.0,100916.0,34.106926,0
6134.0,100908.25,34.754286,0
6135.0,100899.25,35.50611,0
6136.0,100886.25,36.592173,0
6137.0,100872.0,37.782795,0
6138.0,100858.25,38.931771,0
6139.0,100846.25,39.934617,0
6140.0,100836.25,40.770395,0
6141.0,100828.75,41.397273,0
6142.0,100824.75,41.731624,0
6143.0,100821.75,41.982394,0
6144.0,100819.0,42.212271,0
6145.0,100817.25,42.35856,0
6146.0,100816.25,42.442154,0
6147.0,100814.5,42.588446,0
6148.0,100813.5,42.672042,0
6149.0,100813.5,42.672042,0
6150.0,100813.0,42.71384,0
6151.0,100812.5,42.755639,0
6152.0,100812.75,42.734739,0
6153.0,100812.0,42.797437,0
6154.0,100812.75,42.734739,0
6155.0,100815.75,42.483951,0
6156.0,100822.5,41.9197,0
6157.0,100828.5,41.41817,0
6158.0,100833.0,41.042038,0
6159.0,100836.75,40.728605,0
6160.0,100838.75,40.561444,0
6161.0,100839.75,40.477865,0
6162.0,100841.0,40.373392,0
6163.0,100842.5,40.248026,0
6164.0,100843.75,40.143555,0
6165.0,100845.0,40.039085,0
6166.0,100846.0,39.95551,0
6167.0,100846.0,39.95551,0
6168.0,100845.75,39.976404,0
6169.0,100845.5,39.997298,0
6170.0,100846.5,39.913723,0
6171.0,100848.0,39.788362,0
6172.0,100853.0,39.370504,0
6173.0,100862.0,38.618401,0
6174.0,100874.75,37.553015,0
6175.0,100889.25,36.341533,0
6176.0,100904.75,35.046655,0
6177.0,100921.5,33.647534,0
6178.0,100939.75,32.123331,0
6179.0,100957.0,30.682852,0
6180.0,100972.5,29.388678,0
6181.0,100985.0,28.345107,0
6182.0,100994.0,27.5938,0
6183.0,101001.25,26.988621,0
6184.0,101007.0,26.508675,0
6185.0,101011.75,26.112216,0
6186.0,101015.0,25.840962,0
6187.0,101017.25,25.653176,0
6188.0,101018.25,25.569716,0
6189.0,101019.75,25.444528,0
6190.0,101020.25,25.402799,0
6191.0,101019.75,25.444528,0
6192.0,101019.75,25.444528,0
6193.0,101021.0,25.340206,0
6194.0,101018.5,25.548851,0
6195.0,101013.75,25.94529,0
6196.0,101008.25,26.404342,0
6197.0,101003.5,26.800813,0
6198.0,100999.75,27.113827,0
6199.0,100996.5,27.385114,0
6200.0,100994.0,27.5938,0
6201.0,100991.5,27.802491,0
6202.0,100989.5,27.969447,0
6203.0,100988.75,28.032056,0
6204.0,100987.75,28.115535,0
6205.0,100986.5,28.219885,0
6206.0,100986.25,28.240756,0
6207.0,100986.0,28.261626,0
6208.0,100986.0,28.261626,0
6209.0,100986.0,28.261626,0
6210.0,100985.25,28.324237,0
6211.0,100984.5,28.386848,0
6212.0,100982.5,28.553813,0
6213.0,100975.5,29.138212,0
6214.0,100964.75,30.035745,0
6215.0,100953.75,30.954231,0
6216.0,100939.25,32.165087,0
6217.0,100924.0,33.438726,0
6218.0,100908.0,34.775169,0
6219.0,100893.5,35.98647,0
6220.0,100882.0,36.947256,0
6221.0,100873.5,37.65746,0
6222.0,100867.5,38.15881,0
6223.0,100863.5,38.493056,0
6224.0,100859.5,38.827313,0
6225.0,100858.25,38.931771,0
6226.0,100856.0,39.119797,0
6227.0,100855.0,39.203365,0
6228.0,100853.25,39.349611,0
6229.0,100852.25,39.433182,0
6230.0,100851.75,39.474967,0
6231.0,100849.25,39.683896,0
6232.0,100848.75,39.725682,0
6233.0,100848.25,39.767469,0
6234.0,100848.25,39.767469,0
6235.0,100850.5,39.579431,0
6236.0,100855.0,39.203365,0
6237.0,100863.75,38.472165,0
6238.0,100875.5,37.490349,0
6239.0,100890.5,36.237101,0
6240.0,100906.0,34.942237,0
6241.0,100922.25,33.584891,0
6242.0,100939.5,32.144209,0
6243.0,100958.0,30.599352,0
6244.0,100974.0,29.263444,0
6245.0,100986.0,28.261626,0
6246.0,100996.0,27.426851,0
6247.0,101004.25,26.738212,0
6248.0,101008.75,26.362609,0
6249.0,101012.75,26.028752,0
6250.0,101015.0,25.840962,0
6251.0,101016.5,25.715771,0
6252.0,101018.25,25.569716,0
6253.0,101020.0,25.423664,0
6254.0,101021.75,25.277613,0
6255.0,101023.0,25.173292,0
6256.0,101024.0,25.089836,0
6257.0,101024.25,25.068973,0
6258.0,101022.0,25.256749,0
6259.0,101016.0,25.757501,0
6260.0,101009.25,26.320877,0
6261.0,101003.25,26.821681,0
6262.0,100999.75,27.113827,0
6263.0,100996.0,27.426851,0
6264.0,100994.25,27.572931,0
6265.0,100993.0,27.677276,0
6266.0,100991.75,27.781622,0
6267.0,100990.25,27.906838,0
6268.0,100988.75,28.032056,0
6269.0,100988.25,28.073795,0
6270.0,100987.75,28.115535,0
6271.0,100987.0,28.178145,0
6272.0,100986.75,28.199015,0
6273.0,100986.5,28.219885,0
6274.0,100986.0,28.261626,0
6275.0,100986.0,28.261626,0
6276.0,100986.0,28.261626,0
6277.0,100985.5,28.303366,0
6278.0,100985.25,28.324237,0
6279.0,100985.25,28.324237,0
6280.0,100984.75,28.365977,0
6281.0,100985.0,28.345107,0
6282.0,100986.25,28.240756,0
6283.0,100986.75,28.199015,0
6284.0,100986.5,28.219885,0
6285.0,100987.25,28.157275,0
6286.0,100987.25,28.157275,0
6287.0,100987.25,28.157275,0
6288.0,100986.75,28.199015,0
6289.0,100987.0,28.178145,0
6290.0,100987.0,28.178145,0
6291.0,100986.25,28.240756,0
6292.0,100986.0,28.261626,0
6293.0,100986.0,28.261626,0
6294.0,100985.5,28.303366,0
6295.0,100984.75,28.365977,0
6296.0,100985.0,28.345107,0
6297.0,100985.5,28.303366,0
6298.0,100986.0,28.261626,0
6299.0,100986.0,28.261626,0
6300.0,100984.0,28.428589,0
6301.0,100977.25,28.992109,0
6302.0,100968.75,29.70177,0
6303.0,100956.75,30.703727,0
6304.0,100942.75,31.872799,0
6305.0,100929.5,32.979363,0
6306.0,100917.5,33.981635,0
6307.0,100908.25,34.754286,0
6308.0,100902.5,35.234612,0
6309.0,100897.25,35.673189,0
6310.0,100893.25,36.007355,0
6311.0,100890.5,36.237101,0
6312.0,100888.75,36.383306,0
6313.0,100887.5,36.487739,0
6314.0,100885.25,36.675721,0
6315.0,100884.25,36.759269,0
6316.0,100883.75,36.801044,0
6317.0,100883.25,36.842819,0
6318.0,100882.75,36.884594,0
6319.0,100882.75,36.884594,0
6320.0,100882.25,36.926369,0
6321.0,100879.5,37.156135,0
6322.0,100871.5,37.824574,0
6323.0,100861.75,38.639292,0
6324.0,100851.75,39.474967,0
6325.0,100842.5,40.248026,0
6326.0,100835.5,40.833081,0
6327.0,100830.25,41.271895,0
6328.0,100825.75,41.648035,0
6329.0,100822.25,41.940598,0
6330.0,100821.25,42.024189,0
6331.0,100818.25,42.274966,0
6332.0,100816.75,42.400357,0
6333.0,100816.0,42.463053,0
6334.0,100815.75,42.483951,0
6335.0,100815.25,42.525749,0
6336.0,100814.25,42.609345,0
6337.0,100813.75,42.651143,0
6338.0,100813.5,42.672042,0
6339.0,100813.0,42.71384,0
6340.0,100813.25,42.692941,0
6341.0,100813.75,42.651143,0
6342.0,100817.75,42.316763,0
6343.0,100826.5,41.585344,0
6344.0,100836.5,40.7495,0
6345.0,100850.25,39.600324,0
6346.0,100865.75,38.305041,0
6347.0,100882.0,36.947256,0
6348.0,100899.5,35.485225,0
6349.0,100917.25,34.002517,0
6350.0,100936.0,32.436505,0
6351.0,100953.25,30.995983,0
6352.0,100969.75,29.618278,0
6353.0,100982.75,28.532942,0
6354.0,100993.0,27.677276,0
6355.0,101000.25,27.072091,0
6356.0,101005.0,26.67561,0
6357.0,101009.5,26.30001,0
6358.0,101013.5,25.966155,0
6359.0,101015.75,25.778366,0
6360.0,101016.75,25.694906,0
6361.0,101017.0,25.674041,0
6362.0,101018.75,25.527987,0
6363.0,101020.5,25.381935,0
6364.0,101021.5,25.298477,0
6365.0,101022.25,25.235884,0
6366.0,101021.75,25.277613,0
6367.0,101017.75,25.611446,0
6368.0,101009.75,26.279144,0
6369.0,100999.0,27.176431,0
6370.0,100987.0,28.178145,0
6371.0,100972.5,29.388678,0
6372.0,100957.0,30.682852,0
6373.0,100941.0,32.018942,0
6374.0,100923.25,33.501368,0
6375.0,100906.5,34.90047,0
6376.0,100887.75,36.466852,0
6377.0,100868.25,38.09614,0
6378.0,100849.25,39.683896,0
6379.0,100832.75,41.062934,0
6380.0,100819.25,42.191373,0
6381.0,100808.75,43.069133,0
6382.0,100800.25,43.779754,0
6383.0,100795.0,44.218692,0
6384.0,100791.0,44.553133,0
6385.0,100787.75,44.824874,0
6386.0,100786.25,44.950296,0
6387.0,100784.25,45.117526,0
6388.0,100783.0,45.222047,0
6389.0,100781.75,45.326569,0
6390.0,100780.25,45.451996,0
6391.0,100779.5,45.514711,0
6392.0,100779.5,45.514711,0
6393.0,100780.25,45.451996,0
6394.0,100780.75,45.410187,0
6395.0,100784.5,45.096622,0
6396.0,100792.5,44.427716,0
6397.0,100804.0,43.466239,0
6398.0,100818.0,42.295864,0
6399.0,100833.75,40.97935,0
6400.0,100849.75,39.64211,0
6401.0,100866.5,38.24237,0
6402.0,100885.0,36.696608,0
6403.0,100905.25,35.004888,0
6404.0,100923.5,33.480487,0
6405.0,100940.5,32.060698,0
6406.0,100953.0,31.016858,0
6407.0,100961.75,30.286233,0
6408.0,100968.75,29.70177,0
6409.0,100974.5,29.2217,0
6410.0,100977.75,28.950366,0
6411.0,100979.75,28.783394,0
6412.0,100982.5,28.553813,0
6413.0,100984.5,28.386848,0
6414.0,100985.0,28.345107,0
6415.0,100985.5,28.303366,0
6416.0,100985.75,28.282496,0
6417.0,100986.5,28.219885,0
6418.0,100987.25,28.157275,0
6419.0,100987.75,28.115535,0
6420.0,100989.75,27.948577,0
6421.0,100993.75,27.614669,0
6422.0,101000.75,27.030356,0
6423.0,101006.75,26.529542,0
6424.0,101012.25,26.070484,0
6425.0,101015.75,25.778366,0
6426.0,101018.25,25.569716,0
6427.0,101020.25,25.402799,0
6428.0,101021.25,25.319341,0
6429.0,101022.75,25.194156,0
6430.0,101023.25,25.152428,0
6431.0,101023.0,25.173292,0
6432.0,101023.75,25.1107,0
6433.0,101024.75,25.027245,0
6434.0,101025.0,25.006381,0
6435.0,101025.5,24.964654,0
6436.0,101025.5,24.964654,0
6437.0,101025.0,25.006381,0
6438.0,101019.75,25.444528,0
6439.0,101012.25,26.070484,0
6440.0,101001.5,26.967753,0
6441.0,100989.0,28.011186,0
6442.0,100974.5,29.2217,0
6443.0,100959.0,30.515853,0
6444.0,100941.75,31.956309,0
6445.0,100924.5,33.396964,0
6446.0,100907.75,34.796053,0
6447.0,100894.75,35.882042,0
6448.0,100883.75,36.801044,0
6449.0,100874.75,37.553015,0
6450.0,100868.5,38.07525,0
6451.0,100863.0,38.534838,0
6452.0,100859.25,38.848205,0
6453.0,100857.0,39.036229,0
6454.0,100854.75,39.224257,0
6455.0,100853.75,39.307827,0
6456.0,100852.5,39.412289,0
6457.0,100852.5,39.412289,0
6458.0,100852.5,39.412289,0
6459.0,100852.25,39.433182,0
6460.0,100851.25,39.516752,0
6461.0,100851.25,39.516752,0
6462.0,100851.25,39.516752,0
6463.0,100851.0,39.537645,0
6464.0,100849.5,39.663003,0
6465.0,100847.0,39.871936,0
6466.0,100841.75,40.310709,0
6467.0,100836.0,40.791291,0
6468.0,100831.0,41.209206,0
6469.0,100827.75,41.48086,0
6470.0,100826.7727,41.562547,1
6471.0,100825.7955,41.644236,1
6472.0,100824.8182,41.725924,1
6473.0,100823.8409,41.807614,1
6474.0,100822.8636,41.889304,1
6475.0,100821.8864,41.970995,1
6476.0,100820.9091,42.052686,1
6477.0,100819.9318,42.134378,1
6478.0,100818.9545,42.216071,1
6479.0,100817.9773,42.297764,1
6480.0,100817.0,42.379458,0
6481.0,100817.0,42.379458,0
6482.0,100817.5,42.337661,0
6483.0,100817.75,42.316763,0
6484.0,100817.0,42.379458,0
6485.0,100816.75,42.400357,0
6486.0,100817.0,42.379458,0
6487.0,100817.5,42.337661,0
6488.0,100817.25,42.35856,0
6489.0,100817.75,42.316763,0
6490.0,100817.5,42.337661,0
6491.0,100819.25,42.191373,0
6492.0,100823.5,41.83611,0
6493.0,100831.75,41.146518,0
6494.0,100844.25,40.101767,0
6495.0,100854.25,39.266042,0
6496.0,100862.0,38.618401,0
6497.0,100868.0,38.11703,0
6498.0,100873.0,37.699238,0
6499.0,100876.0,37.448572,0
6500.0,100878.25,37.260576,0
6501.0,100879.75,37.135247,0
6502.0,100881.75,36.968144,0
6503.0,100882.75,36.884594,0
6504.0,100883.75,36.801044,0
6505.0,100884.25,36.759269,0
6506.0,100885.0,36.696608,0
6507.0,100884.75,36.717495,0
6508.0,100884.5,36.738382,0
6509.0,100885.0,36.696608,0
6510.0,100885.25,36.675721,0
6511.0,100885.0,36.696608,0
6512.0,100885.0,36.696608,0
6513.0,100884.75,36.717495,0
6514.0,100884.25,36.759269,0
6515.0,100880.75,37.051695,0
6516.0,100875.5,37.490349,0
6517.0,100869.0,38.03347,0
6518.0,100864.0,38.451275,0
6519.0,100861.0,38.701966,0
6520.0,100857.5,38.994446,0
6521.0,100854.75,39.224257,0
6522.0,100852.75,39.391396,0
6523.0,100852.25,39.433182,0
6524.0,100852.5,39.412289,0
6525.0,100851.75,39.474967,0
6526.0,100852.25,39.433182,0
6527.0,100851.5,39.49586,0
6528.0,100850.0,39.621217,0
6529.0,100849.5,39.663003,0
6530.0,100849.75,39.64211,0
6531.0,100850.0,39.621217,0
6532.0,100851.5,39.49586,0
6533.0,100854.5,39.24515,0
6534.0,100862.25,38.59751,0
6535.0,100871.75,37.803685,0
6536.0,100883.0,36.863706,0
6537.0,100891.5,36.153557,0
6538.0,100899.25,35.50611,0
6539.0,100903.5,35.151075,0
6540.0,100908.5,34.733403,0
6541.0,100911.25,34.50369,0
6542.0,100914.5,34.232218,0
6543.0,100916.0,34.106926,0
6544.0,100918.0,33.939872,0
6545.0,100919.0,33.856346,0
6546.0,100920.5,33.731058,0
6547.0,100921.75,33.626653,0
6548.0,100921.25,33.668415,0
6549.0,100921.25,33.668415,0
6550.0,100921.75,33.626653,0
6551.0,100924.25,33.417845,0
6552.0,100931.75,32.791447,0
6553.0,100942.25,31.914554,0
6554.0,100955.25,30.828978,0
6555.0,100969.75,29.618278,0
6556.0,100983.0,28.512071,0
6557.0,100993.75,27.614669,0
6558.0,101002.5,26.884283,0
6559.0,101009.75,26.279144,0
6560.0,101014.0,25.924424,0
6561.0,101016.75,25.694906,0
6562.0,101018.75,25.527987,0
6563.0,101021.25,25.319341,0
6564.0,101023.25,25.152428,0
6565.0,101024.5,25.048109,0
6566.0,101025.5,24.964654,0
6567.0,101026.0,24.922927,0
6568.0,101026.0,24.922927,0
6569.0,101026.75,24.860337,0
6570.0,101026.5,24.8812,0
6571.0,101026.0,24.922927,0
6572.0,101025.75,24.94379,0
6573.0,101021.5,25.298477,0
6574.0,101012.75,26.028752,0
6575.0,101002.0,26.926018,0
6576.0,100989.0,28.011186,0
6577.0,100974.5,29.2217,0
6578.0,100957.75,30.620227,0
6579.0,100941.75,31.956309,0
6580.0,100924.0,33.438726,0
6581.0,100905.0,35.025772,0
6582.0,100886.0,36.61306,0
6583.0,100870.5,37.908132,0
6584.0,100857.25,39.015338,0
6585.0,100848.25,39.767469,0
6586.0,100840.75,40.394287,0
6587.0,100835.5,40.833081,0
6588.0,100830.75,41.230102,0
6589.0,100827.5,41.501757,0
6590.0,100824.0,41.794316,0
6591.0,100821.0,42.045087,0
6592.0,100818.5,42.254068,0
6593.0,100817.75,42.316763,0
6594.0,100816.75,42.400357,0
6595.0,100815.75,42.483951,0
6596.0,100815.25,42.525749,0
6597.0,100815.0,42.546648,0
6598.0,100815.0,42.546648,0
6599.0,100814.25,42.609345,0
6600.0,100813.75,42.651143,0
6601.0,100813.25,42.692941,0
6602.0,100815.25,42.525749,0
6603.0,100819.25,42.191373,0
6604.0,100828.5,41.41817,0
6605.0,100840.75,40.394287,0
6606.0,100851.75,39.474967,0
6607.0,100859.5,38.827313,0
6608.0,100866.25,38.263261,0
6609.0,100870.75,37.887242,0
6610.0,100874.25,37.594793,0
6611.0,100876.25,37.427683,0
6612.0,100878.75,37.218799,0
6613.0,100880.5,37.072583,0
6614.0,100881.5,36.989032,0
6615.0,100882.75,36.884594,0
6616.0,100883.75,36.801044,0
6617.0,100884.25,36.759269,0
6618.0,100884.25,36.759269,0
6619.0,100885.25,36.675721,0
6620.0,100886.0,36.61306,0
6621.0,100891.0,36.195329,0
6622.0,100898.5,35.568764,0
6623.0,100904.5,35.067539,0
6624.0,100909.0,34.691637,0
6625.0,100911.75,34.461925,0
6626.0,100914.0,34.273983,0
6627.0,100917.25,34.002517,0
6628.0,100918.25,33.91899,0
6629.0,100920.5,33.731058,0
6630.0,100921.25,33.668415,0
6631.0,100921.5,33.647534,0
6632.0,100921.75,33.626653,0
6633.0,100922.5,33.56401,0
6634.0,100923.5,33.480487,0
6635.0,100923.0,33.522248,0
6636.0,100921.75,33.626653,0
6637.0,100919.25,33.835464,0
6638.0,100911.5,34.482808,0
6639.0,100901.75,35.297264,0
6640.0,100890.25,36.257987,0
6641.0,100880.25,37.093471,0
6642.0,100873.25,37.678349,0
6643.0,100867.5,38.15881,0
6644.0,100863.0,38.534838,0
6645.0,100860.0,38.78553,0
6646.0,100858.25,38.931771,0
6647.0,100857.25,39.015338,0
6648.0,100855.75,39.140689,0
6649.0,100855.25,39.182473,0
6650.0,100854.75,39.224257,0
6651.0,100852.75,39.391396,0
6652.0,100852.0,39.454074,0
6653.0,100851.0,39.537645,0
6654.0,100851.5,39.49586,0
6655.0,100853.0,39.370504,0
6656.0,100855.25,39.182473,0
6657.0,100860.25,38.764639,0
6658.0,100866.0,38.284151,0
6659.0,100870.0,37.949911,0
6660.0,100873.0,37.699238,0
6661.0,100875.75,37.46946,0
6662.0,100878.25,37.260576,0
6663.0,100880.75,37.051695,0
6664.0,100881.75,36.968144,0
6665.0,100883.5,36.821931,0
6666.0,100884.0,36.780157,0
6667.0,100884.5,36.738382,0
6668.0,100885.0,36.696608,0
6669.0,100885.25,36.675721,0
6670.0,100885.0,36.696608,0
6671.0,100884.5,36.738382,0
6672.0,100884.25,36.759269,0
6673.0,100886.75,36.550399,0
6674.0,100892.5,36.070013,0
6675.0,100902.0,35.27638,0
6676.0,100913.0,34.357512,0
6677.0,100923.75,33.459606,0
6678.0,100932.25,32.749689,0
6679.0,100938.75,32.206843,0
6680.0,100942.75,31.872799,0
6681.0,100946.25,31.580519,0
6682.0,100948.5,31.392628,0
6683.0,100950.5,31.225618,0
6684.0,100952.25,31.079486,0
6685.0,100954.0,30.933356,0
6686.0,100955.75,30.787228,0
6687.0,100956.75,30.703727,0
6688.0,100956.75,30.703727,0
6689.0,100955.5,30.808103,0
6690.0,100956.25,30.745477,0
6691.0,100959.0,30.515853,0
6692.0,100964.25,30.077493,0
6693.0,100972.75,29.367806,0
6694.0,100983.5,28.47033,0
6695.0,100993.5,27.635538,0
6696.0,101001.0,27.009488,0
6697.0,101007.75,26.446075,0
6698.0,101013.0,26.007887,0
6699.0,101016.25,25.736636,0
6700.0,101018.25,25.569716,0
6701.0,101019.0,25.507122,0
6702.0,101020.5,25.381935,0
6703.0,101022.0,25.256749,0
6704.0,101022.5,25.21502,0
6705.0,101023.0,25.173292,0
6706.0,101023.75,25.1107,0
6707.0,101024.5,25.048109,0
6708.0,101025.0,25.006381,0
6709.0,101025.75,24.94379,0
6710.0,101022.75,25.194156,0
6711.0,101015.25,25.820097,0
6712.0,101006.25,26.571276,0
6713.0,100996.5,27.385114,0
6714.0,100986.5,28.219885,0
6715.0,100980.0,28.762523,0
6716.0,100974.0,29.263444,0
6717.0,100969.25,29.660024,0
6718.0,100966.25,29.910503,0
6719.0,100963.5,30.140114,0
6720.0,100962.0,30.265359,0
6721.0,100960.75,30.369731,0
6722.0,100959.75,30.453229,0
6723.0,100958.75,30.536727,0
6724.0,100958.75,30.536727,0
6725.0,100958.5,30.557602,0
6726.0,100958.75,30.536727,0
6727.0,100958.0,30.599352,0
6728.0,100957.0,30.682852,0
6729.0,100956.0,30.766353,0
6730.0,100951.75,31.121238,0
6731.0,100943.5,31.810167,0
6732.0,100931.75,32.791447,0
6733.0,100918.0,33.939872,0
6734.0,100903.5,35.151075,0
6735.0,100887.0,36.529512,0
6736.0,100871.0,37.866353,0
6737.0,100858.0,38.952662,0
6738.0,100847.75,39.809256,0
6739.0,100839.75,40.477865,0
6740.0,100833.25,41.021142,0
6741.0,100827.75,41.48086,0
6742.0,100824.5,41.752521,0
6743.0,100822.0,41.961496,0
6744.0,100820.0,42.128679,0
6745.0,100819.25,42.191373,0
6746.0,100818.5,42.254068,0
6747.0,100818.25,42.274966,0
6748.0,100818.0,42.295864,0
6749.0,100816.5,42.421255,0
6750.0,100815.5,42.50485,0
6751.0,100815.25,42.525749,0
6752.0,100815.5,42.50485,0
6753.0,100815.75,42.483951,0
6754.0,100816.75,42.400357,0
6755.0,100817.5,42.337661,0
6756.0,100820.25,42.107781,0
6757.0,100827.25,41.522653,0
6758.0,100838.25,40.603234,0
6759.0,100851.25,39.516752,0
6760.0,100865.0,38.367712,0
6761.0,100881.5,36.989032,0
6762.0,100900.0,35.443456,0
6763.0,100918.0,33.939872,0
6764.0,100936.75,32.37387,0
6765.0,100955.75,30.787228,0
6766.0,100972.25,29.409551,0
6767.0,100986.25,28.240756,0
6768.0,100996.0,27.426851,0
6769.0,101004.0,26.759079,0
6770.0,101010.0,26.258278,0
6771.0,101013.25,25.987021,0
6772.0,101016.25,25.736636,0
6773.0,101018.0,25.590581,0
6774.0,101020.25,25.402799,0
6775.0,101022.25,25.235884,0
6776.0,101023.5,25.131564,0
6777.0,101024.0,25.089836,0
6778.0,101024.75,25.027245,0
6779.0,101025.5,24.964654,0
6780.0,101026.5,24.8812,0
6781.0,101025.75,24.94379,0
6782.0,101026.5,24.8812,0
6783.0,101026.0,24.922927,0
6784.0,101020.75,25.36107,0
6785.0,101012.75,26.028752,0
6786.0,101001.25,26.988621,0
6787.0,100988.25,28.073795,0
6788.0,100973.75,29.284316,0
6789.0,100958.75,30.536727,0
6790.0,100941.75,31.956309,0
6791.0,100923.75,33.459606,0
6792.0,100908.0,34.775169,0
6793.0,100896.0,35.777615,0
6794.0,100885.75,36.633947,0
6795.0,100879.0,37.197911,0
6796.0,100874.0,37.615682,0
6797.0,100870.0,37.949911,0
6798.0,100866.25,38.263261,0
6799.0,100864.25,38.430384,0
6800.0,100862.25,38.59751,0
6801.0,100860.5,38.743748,0
6802.0,100859.25,38.848205,0
6803.0,100858.0,38.952662,0
6804.0,100856.75,39.057121,0
6805.0,100854.5,39.24515,0
6806.0,100853.5,39.328719,0
6807.0,100850.75,39.558538,0
6808.0,100844.75,40.059979,0
6809.0,100834.5,40.916663,0
6810.0,100822.5,41.9197,0
6811.0,100807.0,43.215433,0
6812.0,100793.5,44.344106,0
6813.0,100782.5,45.263856,0
6814.0,100773.25,46.037345,0
6815.0,100767.5,46.518191,0
6816.0,100763.5,46.852706,0
6817.0,100759.5,47.187232,0
6818.0,100756.75,47.417224,0
6819.0,100755.0,47.563586,0
6820.0,100753.5,47.68904,0
6821.0,100751.5,47.856315,0
6822.0,100751.5,47.856315,0
6823.0,100752.5,47.772678,0
6824.0,100752.0,47.814496,0
6825.0,100752.0,47.814496,0
6826.0,100752.25,47.793587,0
6827.0,100752.25,47.793587,0
6828.0,100753.75,47.668131,0
6829.0,100758.0,47.312682,0
6830.0,100766.5,46.601819,0
6831.0,100776.75,45.744666,0
6832.0,100787.5,44.845778,0
6833.0,100795.5,44.176887,0
6834.0,100801.75,43.654347,0
6835.0,100807.0,43.215433,0
6836.0,100810.25,42.943734,0
6837.0,100812.25,42.776538,0
6838.0,100814.25,42.609345,0
6839.0,100816.5,42.421255,0
6840.0,100817.0,42.379458,0
6841.0,100818.25,42.274966,0
6842.0,100817.5,42.337661,0
6843.0,100818.25,42.274966,0
6844.0,100819.0,42.212271,0
6845.0,100819.75,42.149577,0
6846.0,100821.5,42.003291,0
6847.0,100826.25,41.606241,0
6848.0,100834.5,40.916663,0
6849.0,100845.75,39.976404,0
6850.0,100860.0,38.78553,0
6851.0,100875.75,37.46946,0
6852.0,100893.25,36.007355,0
6853.0,100911.0,34.524573,0
6854.0,100929.5,32.979363,0
6855.0,100948.25,31.413505,0
6856.0,100966.0,29.931377,0
6857.0,100982.0,28.595554,0
6858.0,100994.0,27.5938,0
6859.0,101003.0,26.842548,0
6860.0,101009.25,26.320877,0
6861.0,101014.0,25.924424,0
6862.0,101018.25,25.569716,0
6863.0,101021.0,25.340206,0
6864.0,101024.0,25.089836,0
6865.0,101024.5,25.048109,0
6866.0,101026.0,24.922927,0
6867.0,101027.5,24.797747,0
6868.0,101028.25,24.735157,0
6869.0,101028.75,24.693431,0
6870.0,101029.5,24.630842,0
6871.0,101029.25,24.651705,0
6872.0,101030.0,24.589116,0
6873.0,101030.75,24.526528,0
6874.0,101030.5,24.54739,0
6875.0,101030.75,24.526528,0
6876.0,101030.5,24.54739,0
6877.0,101031.0,24.505665,0
6878.0,101030.75,24.526528,0
6879.0,101030.75,24.526528,0
6880.0,101031.0,24.505665,0
6881.0,101031.0,24.505665,0
6882.0,101030.5,24.54739,0
6883.0,101029.75,24.609979,0
6884.0,101024.25,25.068973,0
6885.0,101016.25,25.736636,0
6886.0,101004.25,26.738212,0
6887.0,100990.5,27.885969,0
6888.0,100976.0,29.096468,0
6889.0,100960.25,30.41148,0
6890.0,100945.0,31.684903,0
6891.0,100932.0,32.770568,0
6892.0,100921.75,33.626653,0
6893.0,100914.25,34.253101,0
6894.0,100908.75,34.71252,0
6895.0,100904.5,35.067539,0
6896.0,100902.25,35.255496,0
6897.0,100899.5,35.485225,0
6898.0,100899.0,35.526994,0
6899.0,100898.5,35.568764,0
6900.0,100896.25,35.75673,0
6901.0,100894.75,35.882042,0
6902.0,100893.75,35.965584,0
6903.0,100893.25,36.007355,0
6904.0,100892.75,36.049127,0
6905.0,100892.25,36.090899,0
6906.0,100892.0,36.111785,0
6907.0,100892.75,36.049127,0
6908.0,100892.75,36.049127,0
6909.0,100892.25,36.090899,0
6910.0,100891.75,36.132671,0
6911.0,100890.25,36.257987,0
6912.0,100886.75,36.550399,0
6913.0,100882.25,36.926369,0
6914.0,100876.5,37.406795,0
6915.0,100871.25,37.845463,0
6916.0,100868.25,38.09614,0
6917.0,100865.75,38.305041,0
6918.0,100862.75,38.555728,0
6919.0,100860.5,38.743748,0
6920.0,100860.25,38.764639,0
6921.0,100858.25,38.931771,0
6922.0,100858.5,38.910879,0
6923.0,100857.5,38.994446,0
6924.0,100857.75,38.973554,0
6925.0,100857.5,38.994446,0
6926.0,100855.5,39.161581,0
6927.0,100856.0,39.119797,0
6928.0,100853.75,39.307827,0
6929.0,100848.25,39.767469,0
6930.0,100839.75,40.477865,0
6931.0,100829.0,41.376377,0
6932.0,100820.25,42.107781,0
6933.0,100812.75,42.734739,0
6934.0,100806.75,43.236333,0
6935.0,100801.75,43.654347,0
6936.0,100799.0,43.884262,0
6937.0,100796.0,44.135083,0
6938.0,100793.75,44.323203,0
6939.0,100792.25,44.448619,0
6940.0,100791.5,44.511327,0
6941.0,100790.5,44.594939,0
6942.0,100790.0,44.636745,0
6943.0,100790.25,44.615842,0
6944.0,100789.25,44.699454,0
6945.0,100788.25,44.783067,0
6946.0,100787.5,44.845778,0
6947.0,100783.0,45.222047,0
6948.0,100777.5,45.681951,0
6949.0,100772.25,46.120969,0
6950.0,100767.75,46.497284,0
6951.0,100764.5,46.769076,0
6952.0,100762.25,46.957244,0
6953.0,100760.5,47.103599,0
6954.0,100758.0,47.312682,0
6955.0,100757.0,47.396316,0
6956.0,100756.0,47.47995,0
6957.0,100755.5,47.521768,0
6958.0,100754.75,47.584495,0
6959.0,100755.25,47.542677,0
6960.0,100754.0,47.647222,0
6961.0,100753.25,47.70995,0
6962.0,100753.75,47.668131,0
6963.0,100750.75,47.919044,0
6964.0,100746.25,48.295425,0
6965.0,100740.25,48.797287,0
6966.0,100735.75,49.1737,0
6967.0,100731.75,49.5083,0
6968.0,100729.75,49.675604,0
6969.0,100727.5,49.863824,0
6970.0,100726.25,49.968393,0
6971.0,100724.5,50.11479,0
6972.0,100723.5,50.198447,0
6973.0,100722.25,50.303019,0
6974.0,100722.0,50.323933,0
6975.0,100720.75,50.428506,0
6976.0,100721.0,50.407591,0
6977.0,100721.0,50.407591,0
6978.0,100720.5,50.449421,0
6979.0,100721.25,50.386677,0
6980.0,100723.2857,50.216373,1
6981.0,100725.3214,50.046073,1
6982.0,100727.3571,49.875775,1
6983.0,100729.3929,49.70548,1
6984.0,100731.4286,49.535188,1
6985.0,100733.4643,49.364898,1
6986.0,100735.5,49.194612,1
6987.0,100737.5357,49.024328,1
6988.0,100739.5714,48.854047,1
6989.0,100741.6071,48.683768,1
6990.0,100743.6429,48.513493,1
6991.0,100745.6786,48.34322,1
6992.0,100747.7143,48.17295,1
6993.0,100749.75,48.002683,1
6994.0,100751.7857,47.832419,1
6995.0,100753.8214,47.662157,1
6996.0,100755.8571,47.491898,1
6997.0,100757.8929,47.321642,1
6998.0,100759.9286,47.151389,1
6999.0,100761.9643,46.981139,1
7000.0,100764.0,46.810891,0
7001.0,100768.25,46.455471,0
7002.0,100772.5,46.100062,0
7003.0,100775.75,45.828288,0
7004.0,100777.75,45.661046,0
7005.0,100780.0,45.472901,0
7006.0,100782.0,45.305664,0
7007.0,100782.75,45.242951,0
7008.0,100784.25,45.117526,0
7009.0,100785.0,45.054815,0
7010.0,100785.0,45.054815,0
7011.0,100785.0,45.054815,0
7012.0,100786.0,44.971199,0
7013.0,100786.5,44.929392,0
7014.0,100786.0,44.971199,0
7015.0,100787.0,44.887585,0
7016.0,100786.5,44.929392,0
7017.0,100787.5,44.845778,0
7018.0,100792.0,44.469522,0
7019.0,100797.75,43.98877,0
7020.0,100802.25,43.612545,0
7021.0,100806.0,43.299034,0
7022.0,100809.25,43.027333,0
7023.0,100812.25,42.776538,0
7024.0,100813.75,42.651143,0
7025.0,100814.5,42.588446,0
7026.0,100815.75,42.483951,0
7027.0,100816.5,42.421255,0
7028.0,100817.5,42.337661,0
7029.0,100817.75,42.316763,0
7030.0,100817.5,42.337661,0
7031.0,100817.5,42.337661,0
7032.0,100817.75,42.316763,0
7033.0,100818.25,42.274966,0
7034.0,100818.75,42.233169,0
7035.0,100821.25,42.024189,0
7036.0,100827.25,41.522653,0
7037.0,100833.5,41.000246,0
7038.0,100838.25,40.603234,0
7039.0,100842.25,40.26892,0
7040.0,100844.75,40.059979,0
7041.0,100846.0,39.95551,0
7042.0,100848.25,39.767469,0
7043.0,100849.25,39.683896,0
7044.0,100851.0,39.537645,0
7045.0,100851.5,39.49586,0
7046.0,100852.5,39.412289,0
7047.0,100852.75,39.391396,0
7048.0,100852.75,39.391396,0
7049.0,100853.5,39.328719,0
7050.0,100853.25,39.349611,0
7051.0,100853.5,39.328719,0
7052.0,100859.25,38.848205,0
7053.0,100865.75,38.305041,0
7054.0,100870.75,37.887242,0
7055.0,100875.0,37.532127,0
7056.0,100878.5,37.239687,0
7057.0,100880.75,37.051695,0
7058.0,100883.25,36.842819,0
7059.0,100884.0,36.780157,0
7060.0,100885.0,36.696608,0
7061.0,100885.25,36.675721,0
7062.0,100885.75,36.633947,0
7063.0,100885.75,36.633947,0
7064.0,100886.5,36.571286,0
7065.0,100887.25,36.508625,0
7066.0,100887.5,36.487739,0
7067.0,100888.0,36.445965,0
7068.0,100892.0,36.111785,0
7069.0,100899.25,35.50611,0
7070.0,100910.5,34.566339,0
7071.0,100921.25,33.668415,0
7072.0,100929.75,32.958483,0
7073.0,100936.75,32.37387,0
7074.0,100942.25,31.914554,0
7075.0,100946.25,31.580519,0
7076.0,100949.0,31.350876,0
7077.0,100952.0,31.100362,0
7078.0,100953.75,30.954231,0
7079.0,100955.0,30.849854,0
7080.0,100956.25,30.745477,0
7081.0,100957.0,30.682852,0
7082.0,100958.0,30.599352,0
7083.0,100957.75,30.620227,0
7084.0,100959.0,30.515853,0
7085.0,100960.25,30.41148,0
7086.0,100964.0,30.098366,0
7087.0,100971.75,29.451296,0
7088.0,100983.5,28.47033,0
7089.0,100995.0,27.510325,0
7090.0,101004.25,26.738212,0
7091.0,101011.0,26.174814,0
7092.0,101017.0,25.674041,0
7093.0,101021.25,25.319341,0
7094.0,101023.25,25.152428,0
7095.0,101024.75,25.027245,0
7096.0,101026.25,24.902063,0
7097.0,101026.5,24.8812,0
7098.0,101028.0,24.75602,0
7099.0,101028.75,24.693431,0
7100.0,101029.5,24.630842,0
7101.0,101030.25,24.568253,0
7102.0,101030.75,24.526528,0
7103.0,101032.75,24.359627,0
7104.0,101031.75,24.443077,0
7105.0,101032.0,24.422214,0
7106.0,101032.25,24.401352,0
7107.0,101032.0,24.422214,0
7108.0,101032.0,24.422214,0
7109.0,101031.75,24.443077,0
7110.0,101031.75,24.443077,0
7111.0,101031.0,24.505665,0
7112.0,101030.5,24.54739,0
7113.0,101027.25,24.81861,0
7114.0,101019.25,25.486257,0
7115.0,101007.5,26.466942,0
7116.0,100996.25,27.405982,0
7117.0,100986.5,28.219885,0
7118.0,100979.25,28.825137,0
7119.0,100973.5,29.305189,0
7120.0,100969.5,29.639151,0
7121.0,100966.25,29.910503,0
7122.0,100964.25,30.077493,0
7123.0,100963.0,30.181862,0
7124.0,100961.0,30.348856,0
7125.0,100961.0,30.348856,0
7126.0,100961.25,30.327982,0
7127.0,100959.75,30.453229,0
7128.0,100959.0,30.515853,0
7129.0,100957.75,30.620227,0
7130.0,100956.75,30.703727,0
7131.0,100954.5,30.891605,0
7132.0,100947.75,31.455258,0
7133.0,100938.75,32.206843,0
7134.0,100928.0,33.104641,0
7135.0,100917.75,33.960753,0
7136.0,100910.5,34.566339,0
7137.0,100905.25,35.004888,0
7138.0,100901.25,35.339033,0
7139.0,100897.25,35.673189,0
7140.0,100894.75,35.882042,0
7141.0,100892.25,36.090899,0
7142.0,100891.25,36.174443,0
7143.0,100890.75,36.216215,0
7144.0,100890.0,36.278874,0
7145.0,100889.25,36.341533,0
7146.0,100889.0,36.362419,0
7147.0,100889.5,36.320646,0
7148.0,100889.25,36.341533,0
7149.0,100890.25,36.257987,0
7150.0,100891.0,36.195329,0
7151.0,100897.25,35.673189,0
7152.0,100909.0,34.691637,0
7153.0,100922.0,33.605772,0
7154.0,100936.75,32.37387,0
7155.0,100953.75,30.954231,0
7156.0,100969.75,29.618278,0
7157.0,100983.75,28.449459,0
7158.0,100996.0,27.426851,0
7159.0,101005.0,26.67561,0
7160.0,101011.25,26.153948,0
7161.0,101013.75,25.94529,0
7162.0,101017.0,25.674041,0
7163.0,101019.75,25.444528,0
7164.0,101022.0,25.256749,0
7165.0,101023.5,25.131564,0
7166.0,101024.75,25.027245,0
7167.0,101025.5,24.964654,0
7168.0,101025.75,24.94379,0
7169.0,101027.5,24.797747,0
7170.0,101027.25,24.81861,0
7171.0,101026.5,24.8812,0
7172.0,101023.75,25.1107,0
7173.0,101016.75,25.694906,0
7174.0,101007.75,26.446075,0
7175.0,100997.75,27.280772,0
7176.0,100988.25,28.073795,0
7177.0,100979.5,28.804265,0
7178.0,100973.25,29.326061,0
7179.0,100968.25,29.743516,0
7180.0,100964.25,30.077493,0
7181.0,100960.75,30.369731,0
7182.0,100960.75,30.369731,0
7183.0,100959.75,30.453229,0
7184.0,100958.5,30.557602,0
7185.0,100957.5,30.641102,0
7186.0,100957.5,30.641102,0
7187.0,100958.25,30.578477,0
7188.0,100957.5,30.641102,0
7189.0,100957.0,30.682852,0
7190.0,100955.25,30.828978,0
7191.0,100953.5,30.975107,0
7192.0,100953.25,30.995983,0
7193.0,100952.25,31.079486,0
7194.0,100947.5,31.476135,0
7195.0,100939.0,32.185965,0
7196.0,100928.5,33.062882,0
7197.0,100917.75,33.960753,0
7198.0,100909.0,34.691637,0
7199.0,100903.0,35.192843,0
7200.0,100897.75,35.631419,0
7201.0,100893.5,35.98647,0
7202.0,100891.75,36.132671,0
7203.0,100889.75,36.29976,0
7204.0,100889.0,36.362419,0
7205.0,100888.25,36.425079,0
7206.0,100887.75,36.466852,0
7207.0,100887.75,36.466852,0
7208.0,100888.5,36.404192,0
7209.0,100888.0,36.445965,0
7210.0,100886.5,36.571286,0
7211.0,100884.5,36.738382,0
7212.0,100879.5,37.156135,0
7213.0,100872.25,37.761906,0
7214.0,100861.0,38.701966,0
7215.0,100847.75,39.809256,0
7216.0,100833.75,40.97935,0
7217.0,100821.5,42.003291,0
7218.0,100811.75,42.818337,0
7219.0,100804.0,43.466239,0
7220.0,100797.5,44.009672,0
7221.0,100793.5,44.344106,0
7222.0,100790.75,44.574036,0
7223.0,100788.5,44.762164,0
7224.0,100787.0,44.887585,0
7225.0,100785.75,44.992103,0
7226.0,100785.5,45.013007,0
7227.0,100784.5,45.096622,0
7228.0,100783.25,45.201143,0
7229.0,100782.75,45.242951,0
7230.0,100777.3864,45.691453,1
7231.0,100772.0227,46.139974,1
7232.0,100766.6591,46.588514,1
7233.0,100761.2955,47.037074,1
7234.0,100755.9318,47.485653,1
7235.0,100750.5682,47.934251,1
7236.0,100745.2045,48.382869,1
7237.0,100739.8409,48.831506,1
7238.0,100734.4773,49.280162,1
7239.0,100729.1136,49.728838,1
7240.0,100723.75,50.177533,0
7241.0,100720.75,50.428506,0
7242.0,100719.75,50.512165,0
7243.0,100718.0,50.65857,0
7244.0,100716.75,50.763147,0
7245.0,100715.5,50.867724,0
7246.0,100714.75,50.930471,0
7247.0,100713.0,51.076882,0
7248.0,100713.25,51.055966,0
7249.0,100712.75,51.097798,0
7250.0,100712.0,51.160547,0
7251.0,100711.75,51.181463,0
7252.0,100713.0,51.076882,0
7253.0,100718.25,50.637655,0
7254.0,100727.25,49.884738,0
7255.0,100739.25,48.880933,0
7256.0,100753.75,47.668131,0
7257.0,100766.5,46.601819,0
7258.0,100777.5,45.681951,0
7259.0,100786.5,44.929392,0
7260.0,100792.25,44.448619,0
7261.0,100796.75,44.072377,0
7262.0,100801.0,43.71705,0
7263.0,100805.5,43.340835,0
7264.0,100807.5,43.173633,0
7265.0,100809.5,43.006433,0
7266.0,100810.5,42.922834,0
7267.0,100811.5,42.839236,0
7268.0,100812.25,42.776538,0
7269.0,100813.75,42.651143,0
7270.0,100814.0,42.630244,0
7271.0,100813.0,42.71384,0
7272.0,100813.0,42.71384,0
7273.0,100813.5,42.672042,0
7274.0,100816.25,42.442154,0
7275.0,100822.0,41.961496,0
7276.0,100831.25,41.18831,0
7277.0,100841.75,40.310709,0
7278.0,100851.0,39.537645,0
7279.0,100858.25,38.931771,0
7280.0,100863.25,38.513947,0
7281.0,100867.25,38.1797,0
7282.0,100871.0,37.866353,0
7283.0,100874.5,37.573904,0
7284.0,100876.75,37.385906,0
7285.0,100877.5,37.323241,0
7286.0,100878.75,37.218799,0
7287.0,100879.0,37.197911,0
7288.0,100878.75,37.218799,0
7289.0,100879.75,37.135247,0
7290.0,100880.25,37.093471,0
7291.0,100879.75,37.135247,0
7292.0,100880.25,37.093471,0
7293.0,100882.25,36.926369,0
7294.0,100889.0,36.362419,0
7295.0,100898.25,35.589649,0
7296.0,100911.5,34.482808,0
7297.0,100927.25,33.167281,0
7298.0,100943.5,31.810167,0
7299.0,100961.25,30.327982,0
7300.0,100976.25,29.075596,0
7301.0,100988.0,28.094665,0
7302.0,100997.0,27.343377,0
7303.0,101003.25,26.821681,0
7304.0,101008.0,26.425209,0
7305.0,101011.75,26.112216,0
7306.0,101015.5,25.799232,0
7307.0,101016.25,25.736636,0
7308.0,101017.5,25.632311,0
7309.0,101018.75,25.527987,0
7310.0,101020.0,25.423664,0
7311.0,101019.75,25.444528,0
7312.0,101021.25,25.319341,0
7313.0,101021.75,25.277613,0
7314.0,101022.0,25.256749,0
7315.0,101022.75,25.194156,0
7316.0,101023.25,25.152428,0
7317.0,101023.75,25.1107,0
7318.0,101021.75,25.277613,0
7319.0,101016.25,25.736636,0
7320.0,101010.5,26.216546,0
7321.0,101005.5,26.633876,0
7322.0,101001.75,26.946885,0
7323.0,100998.5,27.218167,0
7324.0,100996.5,27.385114,0
7325.0,100993.5,27.635538,0
7326.0,100991.25,27.82336,0
7327.0,100989.75,27.948577,0
7328.0,100989.0,28.011186,0
7329.0,100988.75,28.032056,0
7330.0,100988.25,28.073795,0
7331.0,100987.25,28.157275,0
7332.0,100987.75,28.115535,0
7333.0,100986.5,28.219885,0
7334.0,100982.25,28.574684,0
7335.0,100974.75,29.200828,0
7336.0,100963.5,30.140114,0
7337.0,100950.5,31.225618,0
7338.0,100935.5,32.478263,0
7339.0,100919.0,33.856346,0
7340.0,100904.0,35.109307,0
7341.0,100889.75,36.29976,0
7342.0,100879.5,37.156135,0
7343.0,100872.5,37.741017,0
7344.0,100866.5,38.24237,0
7345.0,100862.5,38.576619,0
7346.0,100859.25,38.848205,0
7347.0,100856.0,39.119797,0
7348.0,100853.75,39.307827,0
7349.0,100852.25,39.433182,0
7350.0,100851.25,39.516752,0
7351.0,100849.75,39.64211,0
7352.0,100850.0,39.621217,0
7353.0,100850.0,39.621217,0
7354.0,100849.5,39.663003,0
7355.0,100850.25,39.600324,0
7356.0,100850.0,39.621217,0
7357.0,100849.75,39.64211,0
7358.0,100849.0,39.704789,0
7359.0,100846.75,39.892829,0
7360.0,100841.0,40.373392,0
7361.0,100835.75,40.812186,0
7362.0,100829.75,41.313687,0
7363.0,100827.5,41.501757,0
7364.0,100824.75,41.731624,0
7365.0,100822.0,41.961496,0
7366.0,100820.0,42.128679,0
7367.0,100819.75,42.149577,0
7368.0,100818.5,42.254068,0
7369.0,100817.5,42.337661,0
7370.0,100816.75,42.400357,0
7371.0,100816.25,42.442154,0
7372.0,100816.25,42.442154,0
7373.0,100815.75,42.483951,0
7374.0,100815.5,42.50485,0
7375.0,100813.75,42.651143,0
7376.0,100809.25,43.027333,0
7377.0,100802.0,43.633446,0
7378.0,100792.75,44.406814,0
7379.0,100783.25,45.201143,0
7380.0,100774.5,45.932816,0
7381.0,100768.0,46.476377,0
7382.0,100762.0,46.978152,0
7383.0,100758.0,47.312682,0
7384.0,100755.0,47.563586,0
7385.0,100753.25,47.70995,0
7386.0,100751.25,47.877225,0
7387.0,100750.75,47.919044,0
7388.0,100750.75,47.919044,0
7389.0,100750.0,47.981773,0
7390.0,100749.25,48.044503,0
7391.0,100748.0,48.149053,0
7392.0,100747.5,48.190873,0
7393.0,100747.0,48.232694,0
7394.0,100747.25,48.211784,0
7395.0,100747.25,48.211784,0
7396.0,100747.0,48.232694,0
7397.0,100747.25,48.211784,0
7398.0,100748.25,48.128143,0
7399.0,100748.25,48.128143,0
7400.0,100747.75,48.169963,0
7401.0,100748.25,48.128143,0
7402.0,100747.25,48.211784,0
7403.0,100747.5,48.190873,0
7404.0,100747.75,48.169963,0
7405.0,100747.5,48.190873,0
7406.0,100748.5,48.107233,0
7407.0,100748.75,48.086323,0
7408.0,100749.25,48.044503,0
7409.0,100750.25,47.960864,0
7410.0,100750.25,47.960864,0
7411.0,100749.25,48.044503,0
7412.0,100749.25,48.044503,0
7413.0,100749.75,48.002683,0
7414.0,100749.25,48.044503,0
7415.0,100749.0,48.065413,0
7416.0,100749.25,48.044503,0
7417.0,100749.75,48.002683,0
7418.0,100749.75,48.002683,0
7419.0,100748.75,48.086323,0
7420.0,100749.25,48.044503,0
7421.0,100748.25,48.128143,0
7422.0,100748.5,48.107233,0
7423.0,100748.5,48.107233,0
7424.0,100748.5,48.107233,0
7425.0,100748.75,48.086323,0
7426.0,100748.75,48.086323,0
7427.0,100748.75,48.086323,0
7428.0,100749.5,48.023593,0
7429.0,100749.5,48.023593,0
7430.0,100749.0,48.065413,0
7431.0,100748.75,48.086323,0
7432.0,100749.5,48.023593,0
7433.0,100749.75,48.002683,0
7434.0,100750.0,47.981773,0
7435.0,100749.75,48.002683,0
7436.0,100750.0,47.981773,0
7437.0,100750.0,47.981773,0
7438.0,100750.25,47.960864,0
7439.0,100749.75,48.002683,0
7440.0,100750.0,47.981773,0
7441.0,100749.75,48.002683,0
7442.0,100750.5,47.939954,0
7443.0,100751.0,47.898135,0
7444.0,100751.75,47.835406,0
7445.0,100752.0,47.814496,0
7446.0,100752.0,47.814496,0
7447.0,100751.75,47.835406,0
7448.0,100751.75,47.835406,0
7449.0,100752.0,47.814496,0
7450.0,100752.0,47.814496,0
7451.0,100750.5,47.939954,0
7452.0,100750.5,47.939954,0
7453.0,100750.5,47.939954,0
7454.0,100750.0,47.981773,0
7455.0,100749.75,48.002683,0
7456.0,100750.5,47.939954,0
7457.0,100750.5,47.939954,0
7458.0,100751.25,47.877225,0
7459.0,100751.75,47.835406,0
7460.0,100751.25,47.877225,0
7461.0,100750.25,47.960864,0
7462.0,100751.0,47.898135,0
7463.0,100751.25,47.877225,0
7464.0,100751.75,47.835406,0
7465.0,100751.25,47.877225,0
7466.0,100751.25,47.877225,0
7467.0,100751.25,47.877225,0
7468.0,100751.0,47.898135,0
7469.0,100751.25,47.877225,0
7470.0,100751.25,47.877225,0
7471.0,100751.0,47.898135,0
7472.0,100751.25,47.877225,0
7473.0,100752.0,47.814496,0
7474.0,100751.75,47.835406,0
7475.0,100752.75,47.751768,0
7476.0,100751.75,47.835406,0
7477.0,100752.25,47.793587,0
7478.0,100752.0,47.814496,0
7479.0,100752.5,47.772678,0
7480.0,100751.0,47.898135,0
7481.0,100750.75,47.919044,0
7482.0,100752.0,47.814496,0
7483.0,100751.5,47.856315,0
7484.0,100752.0,47.814496,0
7485.0,100752.25,47.793587,0
7486.0,100752.75,47.751768,0
7487.0,100752.5,47.772678,0
7488.0,100752.5,47.772678,0
7489.0,100752.5,47.772678,0
7490.0,100752.25,47.793587,0
7491.0,100751.75,47.835406,0
7492.0,100751.25,47.877225,0
7493.0,100751.75,47.835406,0
7494.0,100751.5,47.856315,0
7495.0,100752.25,47.793587,0
7496.0,100752.5,47.772678,0
7497.0,100751.75,47.835406,0
7498.0,100752.0,47.814496,0
7499.0,100752.5,47.772678,0
7500.0,100751.5,47.856315,0
7501.0,100750.75,47.919044,0
7502.0,100751.0,47.898135,0
7503.0,100752.0,47.814496,0
7504.0,100751.5,47.856315,0
7505.0,100751.25,47.877225,0
7506.0,100751.25,47.877225,0
7507.0,100751.5,47.856315,0
7508.0,100752.0,47.814496,0
7509.0,100751.25,47.877225,0
7510.0,100751.5,47.856315,0
7511.0,100751.0,47.898135,0
7512.0,100751.5,47.856315,0
7513.0,100752.0,47.814496,0
7514.0,100751.75,47.835406,0
7515.0,100752.25,47.793587,0
7516.0,100752.75,47.751768,0
7517.0,100753.0,47.730859,0
7518.0,100753.75,47.668131,0
7519.0,100752.5,47.772678,0
7520.0,100751.75,47.835406,0
7521.0,100751.0,47.898135,0
7522.0,100750.0,47.981773,0
7523.0,100751.0,47.898135,0
7524.0,100751.25,47.877225,0
7525.0,100752.75,47.751768,0
7526.0,100752.5,47.772678,0
7527.0,100752.25,47.793587,0
7528.0,100752.25,47.793587,0
7529.0,100752.75,47.751768,0
7530.0,100752.0,47.814496,0
7531.0,100751.75,47.835406,0
7532.0,100753.0,47.730859,0
7533.0,100752.75,47.751768,0
7534.0,100752.75,47.751768,0
7535.0,100753.25,47.70995,0
7536.0,100752.75,47.751768,0
7537.0,100753.25,47.70995,0
7538.0,100752.75,47.751768,0
7539.0,100752.0,47.814496,0
7540.0,100752.5,47.772678,0
7541.0,100751.0,47.898135,0
7542.0,100751.75,47.835406,0
7543.0,100755.0,47.563586,0
7544.0,100761.75,46.99906,0
7545.0,100772.0,46.141875,0
7546.0,100784.75,45.075718,0
7547.0,100799.75,43.821557,0
7548.0,100816.75,42.400357,0
7549.0,100834.0,40.958455,0
7550.0,100852.0,39.454074,0
7551.0,100869.25,38.01258,0
7552.0,100887.5,36.487739,0
7553.0,100908.0,34.775169,0
7554.0,100928.25,33.083761,0
7555.0,100948.75,31.371752,0
7556.0,100967.25,29.827009,0
7557.0,100982.5,28.553813,0
7558.0,100994.25,27.572931,0
7559.0,101003.0,26.842548,0
7560.0,101008.5,26.383476,0
7561.0,101012.5,26.049618,0
7562.0,101017.0,25.674041,0
7563.0,101020.0,25.423664,0
7564.0,101022.75,25.194156,0
7565.0,101023.75,25.1107,0
7566.0,101024.75,25.027245,0
7567.0,101026.0,24.922927,0
7568.0,101026.25,24.902063,0
7569.0,101027.75,24.776883,0
7570.0,101028.25,24.735157,0
7571.0,101028.25,24.735157,0
7572.0,101025.0,25.006381,0
7573.0,101017.5,25.632311,0
7574.0,101006.25,26.571276,0
7575.0,100995.0,27.510325,0
7576.0,100980.0,28.762523,0
7577.0,100964.25,30.077493,0
7578.0,100948.0,31.434381,0
7579.0,100934.25,32.582656,0
7580.0,100922.5,33.56401,0
7581.0,100913.75,34.294865,0
7582.0,100907.0,34.858703,0
7583.0,100902.0,35.27638,0
7584.0,100899.0,35.526994,0
7585.0,100897.25,35.673189,0
7586.0,100895.0,35.861156,0
7587.0,100894.0,35.944698,0
7588.0,100893.0,36.028241,0
7589.0,100892.75,36.049127,0
7590.0,100884.6364,36.726989,1
7591.0,100876.5227,37.404896,1
7592.0,100868.4091,38.082846,1
7593.0,100860.2955,38.760841,1
7594.0,100852.1818,39.43888,1
7595.0,100844.0682,40.116963,1
7596.0,100835.9545,40.79509,1
7597.0,100827.8409,41.473261,1
7598.0,100819.7273,42.151477,1
7599.0,100811.6136,42.829736,1
7600.0,100803.5,43.50804,0
7601.0,100791.0,44.553133,0
7602.0,100781.25,45.368378,0
7603.0,100773.5,46.016439,0
7604.0,100768.5,46.434564,0
7605.0,100764.0,46.810891,0
7606.0,100761.5,47.019967,0
7607.0,100759.25,47.20814,0
7608.0,100757.75,47.33359,0
7609.0,100756.75,47.417224,0
7610.0,100755.25,47.542677,0
7611.0,100753.25,47.70995,0
7612.0,100752.75,47.751768,0
7613.0,100750.75,47.919044,0
7614.0,100750.5,47.939954,0
7615.0,100747.5,48.190873,0
7616.0,100742.0,48.650908,0
7617.0,100735.5,49.194612,0
7618.0,100730.75,49.591952,0
7619.0,100727.5,49.863824,0
7620.0,100724.0,50.156619,0
7621.0,100720.75,50.428506,0
7622.0,100718.25,50.637655,0
7623.0,100718.0,50.65857,0
7624.0,100716.75,50.763147,0
7625.0,100716.0,50.825893,0
7626.0,100714.75,50.930471,0
7627.0,100714.25,50.972303,0
7628.0,100714.5,50.951387,0
7629.0,100714.5,50.951387,0
7630.0,100713.25,51.055966,0
7631.0,100713.0,51.076882,0
7632.0,100713.5,51.03505,0
7633.0,100714.25,50.972303,0
7634.0,100717.25,50.721316,0
7635.0,100726.0,49.989307,0
7636.0,100736.75,49.090051,0
7637.0,100749.75,48.002683,0
7638.0,100764.25,46.789984,0
7639.0,100780.0,45.472901,0
7640.0,100798.0,43.967868,0
7641.0,100816.0,42.463053,0
7642.0,100834.75,40.895768,0
7643.0,100853.75,39.307827,0
7644.0,100873.75,37.636571,0
7645.0,100894.0,35.944698,0
7646.0,100914.75,34.211336,0
7647.0,100935.75,32.457384,0
7648.0,100956.0,30.766353,0
7649.0,100973.25,29.326061,0
7650.0,100986.25,28.240756,0
7651.0,100995.75,27.447719,0
7652.0,101004.5,26.717344,0
7653.0,101010.5,26.216546,0
7654.0,101015.0,25.840962,0
7655.0,101017.5,25.632311,0
7656.0,101020.0,25.423664,0
7657.0,101021.75,25.277613,0
7658.0,101022.75,25.194156,0
7659.0,101023.75,25.1107,0
7660.0,101024.5,25.048109,0
7661.0,101024.75,25.027245,0
7662.0,101025.75,24.94379,0
7663.0,101026.25,24.902063,0
7664.0,101025.75,24.94379,0
7665.0,101025.75,24.94379,0
7666.0,101026.0,24.922927,0
7667.0,101024.5,25.048109,0
7668.0,101019.75,25.444528,0
7669.0,101011.25,26.153948,0
7670.0,101000.0,27.092959,0
7671.0,100986.25,28.240756,0
7672.0,100972.0,29.430423,0
7673.0,100956.25,30.745477,0
7674.0,100940.0,32.102453,0
7675.0,100921.75,33.626653,0
7676.0,100903.75,35.130191,0
7677.0,100885.75,36.633947,0
7678.0,100866.75,38.22148,0
7679.0,100849.0,39.704789,0
7680.0,100830.25,41.271895,0
7681.0,100812.5,42.755639,0
7682.0,100797.5,44.009672,0
7683.0,100785.25,45.033911,0
7684.0,100776.5,45.765572,0
7685.0,100769.5,46.350938,0
7686.0,100765.5,46.685447,0
7687.0,100761.25,47.040875,0
7688.0,100757.75,47.33359,0
7689.0,100756.25,47.459042,0
7690.0,100754.0,47.647222,0
7691.0,100752.25,47.793587,0
7692.0,100751.5,47.856315,0
7693.0,100750.25,47.960864,0
7694.0,100749.5,48.023593,0
7695.0,100749.5,48.023593,0
7696.0,100749.5,48.023593,0
7697.0,100751.0,47.898135,0
7698.0,100755.5,47.521768,0
7699.0,100764.5,46.769076,0
7700.0,100776.25,45.786477,0
7701.0,100788.75,44.741261,0
7702.0,100803.75,43.487139,0
7703.0,100820.0,42.128679,0
7704.0,100838.0,40.624129,0
7705.0,100856.0,39.119797,0
7706.0,100874.75,37.553015,0
7707.0,100894.5,35.902927,0
7708.0,100915.0,34.190454,0
7709.0,100935.75,32.457384,0
7710.0,100955.0,30.849854,0
7711.0,100971.5,29.472168,0
7712.0,100985.25,28.324237,0
7713.0,100996.75,27.364245,0
7714.0,101004.5,26.717344,0
7715.0,101009.75,26.279144,0
7716.0,101013.25,25.987021,0
7717.0,101016.75,25.694906,0
7718.0,101018.0,25.590581,0
7719.0,101020.5,25.381935,0
7720.0,101021.25,25.319341,0
7721.0,101021.0,25.340206,0
7722.0,101023.0,25.173292,0
7723.0,101024.5,25.048109,0
7724.0,101024.75,25.027245,0
7725.0,101024.5,25.048109,0
7726.0,101024.0,25.089836,0
7727.0,101018.0,25.590581,0
7728.0,101008.75,26.362609,0
7729.0,100996.25,27.405982,0
7730.0,100981.75,28.616425,0
7731.0,100968.0,29.764389,0
7732.0,100955.75,30.787228,0
7733.0,100945.75,31.622272,0
7734.0,100939.75,32.123331,0
7735.0,100934.5,32.561778,0
7736.0,100931.25,32.833206,0
7737.0,100928.5,33.062882,0
7738.0,100926.75,33.209042,0
7739.0,100925.25,33.334323,0
7740.0,100923.25,33.501368,0
7741.0,100921.75,33.626653,0
7742.0,100921.75,33.626653,0
7743.0,100921.5,33.647534,0
7744.0,100920.5,33.731058,0
7745.0,100920.0,33.77282,0
7746.0,100917.5,33.981635,0
7747.0,100911.0,34.524573,0
7748.0,100902.0,35.27638,0
7749.0,100891.5,36.153557,0
7750.0,100880.5,37.072583,0
7751.0,100871.0,37.866353,0
7752.0,100865.0,38.367712,0
7753.0,100861.0,38.701966,0
7754.0,100857.5,38.994446,0
7755.0,100854.5,39.24515,0
7756.0,100853.75,39.307827,0
7757.0,100852.75,39.391396,0
7758.0,100851.5,39.49586,0
7759.0,100851.5,39.49586,0
7760.0,100850.5,39.579431,0
7761.0,100849.0,39.704789,0
7762.0,100849.0,39.704789,0
7763.0,100848.25,39.767469,0
7764.0,100847.75,39.809256,0
7765.0,100843.5,40.164449,0
7766.0,100837.25,40.686814,0
7767.0,100832.0,41.125621,0
7768.0,100827.25,41.522653,0
7769.0,100823.0,41.877905,0
7770.0,100820.75,42.065985,0
7771.0,100818.0,42.295864,0
7772.0,100816.5,42.421255,0
7773.0,100815.25,42.525749,0
7774.0,100815.75,42.483951,0
7775.0,100815.25,42.525749,0
7776.0,100815.25,42.525749,0
7777.0,100814.75,42.567547,0
7778.0,100813.75,42.651143,0
7779.0,100813.25,42.692941,0
7780.0,100805.6818,43.325635,1
7781.0,100798.1136,43.958367,1
7782.0,100790.5455,44.591138,1
7783.0,100782.9773,45.223948,1
7784.0,100775.4091,45.856795,1
7785.0,100767.8409,46.489682,1
7786.0,100760.2727,47.122607,1
7787.0,100752.7045,47.75557,1
7788.0,100745.1364,48.388572,1
7789.0,100737.5682,49.021612,1
7790.0,100730.0,49.654691,0
7791.0,100724.75,50.093876,0
7792.0,100721.25,50.386677,0
7793.0,100718.5,50.61674,0
7794.0,100717.5,50.700401,0
7795.0,100715.75,50.846809,0
7796.0,100715.5,50.867724,0
7797.0,100713.75,51.014134,0
7798.0,100713.25,51.055966,0
7799.0,100713.5,51.03505,0
7800.0,100712.75,51.097798,0
7801.0,100711.0,51.244212,0
7802.0,100712.5,51.118714,0
7803.0,100716.25,50.804978,0
7804.0,100723.75,50.177533,0
7805.0,100734.25,49.299173,0
7806.0,100747.75,48.169963,0
7807.0,100764.25,46.789984,0
7808.0,100778.5,45.59833,0
7809.0,100794.75,44.239594,0
7810.0,100811.5,42.839236,0
7811.0,100829.75,41.313687,0
7812.0,100849.5,39.663003,0
7813.0,100869.25,38.01258,0
7814.0,100890.5,36.237101,0
7815.0,100911.5,34.482808,0
7816.0,100932.25,32.749689,0
7817.0,100951.5,31.142114,0
7818.0,100969.0,29.680897,0
7819.0,100983.0,28.512071,0
7820.0,100993.75,27.614669,0
7821.0,101001.25,26.988621,0
7822.0,101006.75,26.529542,0
7823.0,101011.25,26.153948,0
7824.0,101015.0,25.840962,0
7825.0,101017.75,25.611446,0
7826.0,101019.75,25.444528,0
7827.0,101021.0,25.340206,0
7828.0,101022.0,25.256749,0
7829.0,101022.5,25.21502,0
7830.0,101022.0,25.256749,0
7831.0,101021.75,25.277613,0
7832.0,101022.5,25.21502,0
7833.0,101021.5,25.298477,0
7834.0,101015.5,25.799232,0
7835.0,101007.0,26.508675,0
7836.0,100995.75,27.447719,0
7837.0,100981.25,28.658167,0
7838.0,100966.25,29.910503,0
7839.0,100949.5,31.309123,0
7840.0,100932.5,32.72881,0
7841.0,100915.0,34.190454,0
7842.0,100899.0,35.526994,0
7843.0,100885.25,36.675721,0
7844.0,100875.0,37.532127,0
7845.0,100867.0,38.20059,0
7846.0,100861.5,38.660183,0
7847.0,100857.75,38.973554,0
7848.0,100855.0,39.203365,0
7849.0,100852.5,39.412289,0
7850.0,100850.25,39.600324,0
7851.0,100848.25,39.767469,0
7852.0,100847.75,39.809256,0
7853.0,100847.0,39.871936,0
7854.0,100846.75,39.892829,0
7855.0,100845.5,39.997298,0
7856.0,100844.75,40.059979,0
7857.0,100845.25,40.018191,0
7858.0,100845.25,40.018191,0
7859.0,100844.5,40.080873,0
7860.0,100844.25,40.101767,0
7861.0,100843.5,40.164449,0
7862.0,100843.25,40.185343,0
7863.0,100843.5,40.164449,0
7864.0,100844.75,40.059979,0
7865.0,100845.0,40.039085,0
7866.0,100845.25,40.018191,0
7867.0,100844.5,40.080873,0
7868.0,100841.0,40.373392,0
7869.0,100832.5,41.08383,0
7870.0,100824.8636,41.722125,1
7871.0,100817.2273,42.360459,1
7872.0,100809.5909,42.998833,1
7873.0,100801.9545,43.637246,1
7874.0,100794.3182,44.275698,1
7875.0,100786.6818,44.914189,1
7876.0,100779.0455,45.55272,1
7877.0,100771.4091,46.191289,1
7878.0,100763.7727,46.829898,1
7879.0,100756.1364,47.468546,1
7880.0,100748.5,48.107233,0
7881.0,100747.25,48.211784,0
7882.0,100745.75,48.337246,0
7883.0,100744.5,48.441799,0
7884.0,100745.0,48.399977,0
7885.0,100744.75,48.420888,0
7886.0,100745.25,48.379067,0
7887.0,100744.5,48.441799,0
7888.0,100744.75,48.420888,0
7889.0,100746.5,48.274514,0
7890.0,100751.5,47.856315,0
7891.0,100759.75,47.166324,0
7892.0,100771.5,46.183687,0
7893.0,100785.5,45.013007,0
7894.0,100800.75,43.737952,0
7895.0,100817.5,42.337661,0
7896.0,100837.25,40.686814,0
7897.0,100854.5,39.24515,0
7898.0,100875.0,37.532127,0
7899.0,100896.0,35.777615,0
7900.0,100916.25,34.086044,0
7901.0,100934.5,32.561778,0
7902.0,100954.0,30.933356,0
7903.0,100971.25,29.493041,0
7904.0,100984.75,28.365977,0
7905.0,100994.0,27.5938,0
7906.0,101001.25,26.988621,0
7907.0,101006.0,26.592142,0
7908.0,101011.0,26.174814,0
7909.0,101014.25,25.903559,0
7910.0,101016.75,25.694906,0
7911.0,101017.5,25.632311,0
7912.0,101018.5,25.548851,0
7913.0,101020.25,25.402799,0
7914.0,101021.5,25.298477,0
7915.0,101022.75,25.194156,0
7916.0,101023.75,25.1107,0
7917.0,101023.75,25.1107,0
7918.0,101024.5,25.048109,0
7919.0,101021.75,25.277613,0
7920.0,101014.25,25.903559,0
7921.0,101002.75,26.863415,0
7922.0,100990.75,27.865099,0
7923.0,100976.25,29.075596,0
7924.0,100960.75,30.369731,0
7925.0,100943.5,31.810167,0
7926.0,100925.5,33.313443,0
7927.0,100906.5,34.90047,0
7928.0,100888.25,36.425079,0
7929.0,100871.75,37.803685,0
7930.0,100857.0,39.036229,0
7931.0,100844.5,40.080873,0
7932.0,100836.25,40.770395,0
7933.0,100830.5,41.250998,0
7934.0,100826.75,41.564447,0
7935.0,100824.0,41.794316,0
7936.0,100820.5,42.086883,0
7937.0,100818.75,42.233169,0
7938.0,100818.0,42.295864,0
7939.0,100817.0,42.379458,0
7940.0,100816.25,42.442154,0
7941.0,100815.0,42.546648,0
7942.0,100814.75,42.567547,0
7943.0,100815.5,42.50485,0
7944.0,100814.5,42.588446,0
7945.0,100816.75,42.400357,0
7946.0,100823.75,41.815213,0
7947.0,100834.5,40.916663,0
7948.0,100845.75,39.976404,0
7949.0,100853.75,39.307827,0
7950.0,100860.5,38.743748,0
7951.0,100864.5,38.409493,0
7952.0,100868.0,38.11703,0
7953.0,100872.0,37.782795,0
7954.0,100875.25,37.511238,0
7955.0,100878.5,37.239687,0
7956.0,100879.75,37.135247,0
7957.0,100881.0,37.030807,0
7958.0,100882.25,36.926369,0
7959.0,100883.25,36.842819,0
7960.0,100883.25,36.842819,0
7961.0,100881.5,36.989032,0
7962.0,100880.5,37.072583,0
7963.0,100881.75,36.968144,0
7964.0,100884.25,36.759269,0
7965.0,100890.5,36.237101,0
7966.0,100901.0,35.359917,0
7967.0,100916.25,34.086044,0
7968.0,100931.0,32.854085,0
7969.0,100947.0,31.517888,0
7970.0,100962.75,30.202736,0
7971.0,100976.5,29.054724,0
7972.0,100986.5,28.219885,0
7973.0,100993.75,27.614669,0
7974.0,101000.0,27.092959,0
7975.0,101004.0,26.759079,0
7976.0,101007.75,26.446075,0
7977.0,101011.25,26.153948,0
7978.0,101013.0,26.007887,0
7979.0,101015.5,25.799232,0
7980.0,101016.75,25.694906,0
7981.0,101016.75,25.694906,0
7982.0,101018.25,25.569716,0
7983.0,101017.75,25.611446,0
7984.0,101019.5,25.465393,0
7985.0,101020.5,25.381935,0
7986.0,101020.5,25.381935,0
7987.0,101020.25,25.402799,0
7988.0,101020.75,25.36107,0
7989.0,101021.75,25.277613,0
7990.0,101021.25,25.319341,0
7991.0,101020.75,25.36107,0
7992.0,101020.75,25.36107,0
7993.0,101021.5,25.298477,0
7994.0,101023.25,25.152428,0
7995.0,101023.75,25.1107,0
7996.0,101024.25,25.068973,0
7997.0,101024.25,25.068973,0
7998.0,101024.5,25.048109,0
7999.0,101023.75,25.1107,0
8000.0,101022.75,25.194156,0
8001.0,101021.5,25.298477,0
8002.0,101021.25,25.319341,0
8003.0,101021.75,25.277613,0
8004.0,101021.25,25.319341,0
8005.0,101020.25,25.402799,0
8006.0,101020.25,25.402799,0
8007.0,101021.5,25.298477,0
8008.0,101020.25,25.402799,0
8009.0,101017.0,25.674041,0
8010.0,101010.0,26.258278,0
8011.0,100998.5,27.218167,0
8012.0,100986.5,28.219885,0
8013.0,100973.0,29.346933,0
8014.0,100958.75,30.536727,0
8015.0,100942.0,31.935431,0
8016.0,100924.0,33.438726,0
8017.0,100905.5,34.984004,0
8018.0,100886.5,36.571286,0
8019.0,100868.75,38.05436,0
8020.0,100850.75,39.558538,0
8021.0,100831.75,41.146518,0
8022.0,100814.0,42.630244,0
8023.0,100798.25,43.946966,0
8024.0,100785.25,45.033911,0
8025.0,100774.75,45.91191,0
8026.0,100766.75,46.580912,0
8027.0,100761.5,47.019967,0
8028.0,100757.75,47.33359,0
8029.0,100755.5,47.521768,0
8030.0,100753.25,47.70995,0
8031.0,100750.75,47.919044,0
8032.0,100748.0,48.149053,0
8033.0,100747.5,48.190873,0
8034.0,100747.5,48.190873,0
8035.0,100748.25,48.128143,0
8036.0,100746.5,48.274514,0
8037.0,100746.0,48.316335,0
8038.0,100746.25,48.295425,0
8039.0,100747.75,48.169963,0
8040.0,100752.0,47.814496,0
8041.0,100758.25,47.291773,0
8042.0,100769.75,46.330031,0
8043.0,100779.75,45.493806,0
8044.0,100787.5,44.845778,0
8045.0,100794.75,44.239594,0
8046.0,100799.25,43.86336,0
8047.0,100802.5,43.591644,0
8048.0,100805.0,43.382636,0
8049.0,100806.5,43.257234,0
8050.0,100806.25,43.278134,0
8051.0,100806.75,43.236333,0
8052.0,100808.25,43.110933,0
8053.0,100808.25,43.110933,0
8054.0,100809.75,42.985533,0
8055.0,100810.25,42.943734,0
8056.0,100811.5,42.839236,0
8057.0,100813.0,42.71384,0
8058.0,100814.25,42.609345,0
8059.0,100817.75,42.316763,0
8060.0,100826.5,41.585344,0
8061.0,100837.25,40.686814,0
8062.0,100851.0,39.537645,0
8063.0,100864.5,38.409493,0
8064.0,100883.0,36.863706,0
8065.0,100900.0,35.443456,0
8066.0,100912.0,34.441042,0
8067.0,100922.25,33.584891,0
8068.0,100930.25,32.916724,0
8069.0,100937.75,32.290356,0
8070.0,100943.0,31.851921,0
8071.0,100946.25,31.580519,0
8072.0,100949.25,31.329999,0
8073.0,100951.0,31.183866,0
8074.0,100952.25,31.079486,0
8075.0,100954.25,30.91248,0
8076.0,100955.0,30.849854,0
8077.0,100955.25,30.828978,0
8078.0,100954.5,30.891605,0
8079.0,100953.5,30.975107,0
8080.0,100953.25,30.995983,0
8081.0,100955.75,30.787228,0
8082.0,100962.0,30.265359,0
8083.0,100972.25,29.409551,0
8084.0,100983.0,28.512071,0
8085.0,100993.75,27.614669,0
8086.0,101001.75,26.946885,0
8087.0,101007.0,26.508675,0
8088.0,101011.5,26.133082,0
8089.0,101014.75,25.861828,0
8090.0,101017.5,25.632311,0
8091.0,101018.5,25.548851,0
8092.0,101020.25,25.402799,0
8093.0,101021.75,25.277613,0
8094.0,101022.75,25.194156,0
8095.0,101023.0,25.173292,0
8096.0,101023.0,25.173292,0
8097.0,101025.0,25.006381,0
8098.0,101025.5,24.964654,0
8099.0,101025.5,24.964654,0
8100.0,101025.25,24.985518,0
8101.0,101024.0,25.089836,0
8102.0,101024.75,25.027245,0
8103.0,101024.5,25.048109,0
8104.0,101021.5,25.298477,0
8105.0,101014.5,25.882693,0
8106.0,101004.5,26.717344,0
8107.0,100993.0,27.677276,0
8108.0,100979.25,28.825137,0
8109.0,100963.5,30.140114,0
8110.0,100947.75,31.455258,0
8111.0,100932.5,32.72881,0
8112.0,100920.5,33.731058,0
8113.0,100911.5,34.482808,0
8114.0,100905.25,35.004888,0
8115.0,100900.0,35.443456,0
8116.0,100896.75,35.714959,0
8117.0,100894.5,35.902927,0
8118.0,100892.5,36.070013,0
8119.0,100891.5,36.153557,0
8120.0,100890.0,36.278874,0
8121.0,100888.75,36.383306,0
8122.0,100888.25,36.425079,0
8123.0,100887.25,36.508625,0
8124.0,100886.0,36.61306,0
8125.0,100885.75,36.633947,0
8126.0,100881.75,36.968144,0
8127.0,100873.25,37.678349,0
8128.0,100862.75,38.555728,0
8129.0,100852.0,39.454074,0
8130.0,100842.0,40.289814,0
8131.0,100834.75,40.895768,0
8132.0,100829.25,41.35548,0
8133.0,100825.5,41.668932,0
8134.0,100822.75,41.898803,0
8135.0,100820.5,42.086883,0
8136.0,100818.25,42.274966,0
8137.0,100817.75,42.316763,0
8138.0,100817.25,42.35856,0
8139.0,100817.0,42.379458,0
8140.0,100816.5,42.421255,0
8141.0,100815.75,42.483951,0
8142.0,100815.75,42.483951,0
8143.0,100815.25,42.525749,0
8144.0,100815.5,42.50485,0
8145.0,100814.25,42.609345,0
8146.0,100814.25,42.609345,0
8147.0,100813.5,42.672042,0
8148.0,100814.0,42.630244,0
8149.0,100814.0,42.630244,0
8150.0,100816.25,42.442154,0
8151.0,100821.75,41.982394,0
8152.0,100828.5,41.41817,0
8153.0,100833.75,40.97935,0
8154.0,100837.5,40.665919,0
8155.0,100841.0,40.373392,0
8156.0,100843.75,40.143555,0
8157.0,100845.5,39.997298,0
8158.0,100846.5,39.913723,0
8159.0,100847.25,39.851042,0
8160.0,100848.5,39.746576,0
8161.0,100849.75,39.64211,0
8162.0,100851.5,39.49586,0
8163.0,100852.25,39.433182,0
8164.0,100853.0,39.370504,0
8165.0,100852.5,39.412289,0
8166.0,100852.25,39.433182,0
8167.0,100849.5,39.663003,0
8168.0,100842.0,40.289814,0
8169.0,100832.5,41.08383,0
8170.0,100821.75,41.982394,0
8171.0,100811.0,42.881035,0
8172.0,100803.0,43.549842,0
8173.0,100798.25,43.946966,0
8174.0,100792.75,44.406814,0
8175.0,100789.5,44.678551,0
8176.0,100787.25,44.866681,0
8177.0,100785.5,45.013007,0
8178.0,100784.5,45.096622,0
8179.0,100783.75,45.159335,0
8180.0,100781.1136,45.37978,1
8181.0,100778.4773,45.600231,1
8182.0,100775.8409,45.820686,1
8183.0,100773.2045,46.041146,1
8184.0,100770.5682,46.26161,1
8185.0,100767.9318,46.482079,1
8186.0,100765.2955,46.702553,1
8187.0,100762.6591,46.923032,1
8188.0,100760.0227,47.143515,1
8189.0,100757.3864,47.364002,1
8190.0,100754.75,47.584495,0
8191.0,100753.0,47.730859,0
8192.0,100751.25,47.877225,0
8193.0,100750.5,47.939954,0
8194.0,100750.0,47.981773,0
8195.0,100750.25,47.960864,0
8196.0,100751.0,47.898135,0
8197.0,100750.25,47.960864,0
8198.0,100750.75,47.919044,0
8199.0,100750.0,47.981773,0
8200.0,100748.0,48.149053,0
8201.0,100747.0,48.232694,0
8202.0,100747.75,48.169963,0
8203.0,100747.0,48.232694,0
8204.0,100747.0,48.232694,0
8205.0,100747.5,48.190873,0
8206.0,100747.25,48.211784,0
8207.0,100746.5,48.274514,0
8208.0,100746.25,48.295425,0
8209.0,100746.5,48.274514,0
8210.0,100745.25,48.379067,0
8211.0,100744.0,48.48362,0
8212.0,100744.75,48.420888,0
8213.0,100745.25,48.379067,0
8214.0,100744.75,48.420888,0
8215.0,100745.25,48.379067,0
8216.0,100744.5,48.441799,0
8217.0,100743.75,48.504531,0
8218.0,100744.5,48.441799,0
8219.0,100744.5,48.441799,0
8220.0,100744.5,48.441799,0
8221.0,100744.25,48.46271,0
8222.0,100745.5,48.358156,0
8223.0,100745.75,48.337246,0
8224.0,100746.0,48.316335,0
8225.0,100747.0,48.232694,0
8226.0,100746.25,48.295425,0
8227.0,100746.25,48.295425,0
8228.0,100746.75,48.253604,0
8229.0,100747.5,48.190873,0
8230.0,100747.25,48.211784,0
8231.0,100747.0,48.232694,0
8232.0,100747.75,48.169963,0
8233.0,100747.5,48.190873,0
8234.0,100747.5,48.190873,0
8235.0,100747.75,48.169963,0
8236.0,100747.75,48.169963,0
8237.0,100748.25,48.128143,0
8238.0,100748.0,48.149053,0
8239.0,100747.75,48.169963,0
8240.0,100748.25,48.128143,0
8241.0,100746.5,48.274514,0
8242.0,100746.75,48.253604,0
8243.0,100747.0,48.232694,0
8244.0,100746.5,48.274514,0
8245.0,100745.5,48.358156,0
8246.0,100746.0,48.316335,0
8247.0,100745.5,48.358156,0
8248.0,100745.25,48.379067,0
8249.0,100745.0,48.399977,0
8250.0,100744.75,48.420888,0
8251.0,100744.0,48.48362,0
8252.0,100745.25,48.379067,0
8253.0,100745.0,48.399977,0
8254.0,100744.5,48.441799,0
8255.0,100744.0,48.48362,0
8256.0,100744.0,48.48362,0
8257.0,100744.25,48.46271,0
8258.0,100744.25,48.46271,0
8259.0,100744.25,48.46271,0
8260.0,100743.5,48.525442,0
8261.0,100743.75,48.504531,0
8262.0,100744.0,48.48362,0
8263.0,100744.0,48.48362,0
8264.0,100743.75,48.504531,0
8265.0,100743.5,48.525442,0
8266.0,100743.75,48.504531,0
8267.0,100743.75,48.504531,0
8268.0,100744.0,48.48362,0
8269.0,100743.75,48.504531,0
8270.0,100744.75,48.420888,0
8271.0,100745.0,48.399977,0
8272.0,100745.75,48.337246,0
8273.0,100746.75,48.253604,0
8274.0,100746.75,48.253604,0
8275.0,100748.25,48.128143,0
8276.0,100748.0,48.149053,0
8277.0,100747.75,48.169963,0
8278.0,100748.5,48.107233,0
8279.0,100748.25,48.128143,0
8280.0,100748.75,48.086323,0
8281.0,100748.5,48.107233,0
8282.0,100748.75,48.086323,0
8283.0,100748.75,48.086323,0
8284.0,100748.5,48.107233,0
8285.0,100747.75,48.169963,0
8286.0,100747.75,48.169963,0
8287.0,100748.0,48.149053,0
8288.0,100751.5,47.856315,0
8289.0,100759.25,47.20814,0
8290.0,100770.0,46.309125,0
8291.0,100783.25,45.201143,0
8292.0,100798.0,43.967868,0
8293.0,100810.5,42.922834,0
8294.0,100819.75,42.149577,0
8295.0,100826.75,41.564447,0
8296.0,100832.75,41.062934,0
8297.0,100837.25,40.686814,0
8298.0,100841.5,40.331603,0
8299.0,100842.75,40.227131,0
8300.0,100844.25,40.101767,0
8301.0,100845.5,39.997298,0
8302.0,100846.25,39.934617,0
8303.0,100847.75,39.809256,0
8304.0,100849.25,39.683896,0
8305.0,100850.0,39.621217,0
8306.0,100849.5,39.663003,0
8307.0,100850.0,39.621217,0
8308.0,100851.5,39.49586,0
8309.0,100857.25,39.015338,0
8310.0,100865.25,38.346822,0
8311.0,100875.0,37.532127,0
8312.0,100890.25,36.257987,0
8313.0,100907.25,34.837819,0
8314.0,100924.5,33.396964,0
8315.0,100942.75,31.872799,0
8316.0,100961.5,30.307108,0
8317.0,100977.5,28.971237,0
8318.0,100990.5,27.885969,0
8319.0,100999.5,27.134695,0
8320.0,101006.5,26.550409,0
8321.0,101010.75,26.19568,0
8322.0,101014.75,25.861828,0
8323.0,101017.75,25.611446,0
8324.0,101020.0,25.423664,0
8325.0,101022.75,25.194156,0
8326.0,101024.25,25.068973,0
8327.0,101025.75,24.94379,0
8328.0,101027.0,24.839473,0
8329.0,101028.5,24.714294,0
8330.0,101028.5,24.714294,0
8331.0,101028.0,24.75602,0
8332.0,101028.5,24.714294,0
8333.0,101029.0,24.672568,0
8334.0,101029.5,24.630842,0
8335.0,101030.0,24.589116,0
8336.0,101030.25,24.568253,0
8337.0,101031.25,24.484802,0
8338.0,101031.25,24.484802,0
8339.0,101030.75,24.526528,0
8340.0,101030.75,24.526528,0
8341.0,101030.5,24.54739,0
8342.0,101030.0,24.589116,0
8343.0,101029.75,24.609979,0
8344.0,101028.5,24.714294,0
8345.0,101028.5,24.714294,0
8346.0,101028.25,24.735157,0
8347.0,101028.75,24.693431,0
8348.0,101028.75,24.693431,0
8349.0,101029.0,24.672568,0
8350.0,101029.25,24.651705,0
8351.0,101028.25,24.735157,0
8352.0,101029.0,24.672568,0
8353.0,101028.25,24.735157,0
8354.0,101028.25,24.735157,0
8355.0,101028.75,24.693431,0
8356.0,101028.75,24.693431,0
8357.0,101028.5,24.714294,0
8358.0,101029.25,24.651705,0
8359.0,101029.25,24.651705,0
8360.0,101029.0,24.672568,0
8361.0,101028.25,24.735157,0
8362.0,101030.0,24.589116,0
8363.0,101029.25,24.651705,0
8364.0,101030.0,24.589116,0
8365.0,101029.5,24.630842,0
8366.0,101030.25,24.568253,0
8367.0,101029.5,24.630842,0
8368.0,101029.0,24.672568,0
8369.0,101028.0,24.75602,0
8370.0,101028.0455,24.752227,1
8371.0,101028.0909,24.748433,1
8372.0,101028.1364,24.74464,1
8373.0,101028.1818,24.740847,1
8374.0,101028.2273,24.737054,1
8375.0,101028.2727,24.73326,1
8376.0,101028.3182,24.729467,1
8377.0,101028.3636,24.725674,1
8378.0,101028.4091,24.72188,1
8379.0,101028.4545,24.718087,1
8380.0,101028.5,24.714294,0
8381.0,101027.25,24.81861,0
8382.0,101024.25,25.068973,0
8383.0,101016.25,25.736636,0
8384.0,101006.25,26.571276,0
8385.0,100994.25,27.572931,0
8386.0,100980.5,28.720781,0
8387.0,100966.25,29.910503,0
8388.0,100949.5,31.309123,0
8389.0,100932.75,32.70793,0
8390.0,100916.0,34.106926,0
8391.0,100901.5,35.318149,0
8392.0,100890.5,36.237101,0
8393.0,100881.0,37.030807,0
8394.0,100875.25,37.511238,0
8395.0,100870.75,37.887242,0
8396.0,100867.25,38.1797,0
8397.0,100864.75,38.388603,0
8398.0,100861.75,38.639292,0
8399.0,100861.75,38.639292,0
8400.0,100861.0,38.701966,0
8401.0,100860.25,38.764639,0
8402.0,100859.25,38.848205,0
8403.0,100858.25,38.931771,0
8404.0,100858.0,38.952662,0
8405.0,100857.0,39.036229,0
8406.0,100852.25,39.433182,0
8407.0,100846.0,39.95551,0
8408.0,100840.0,40.45697,0
8409.0,100834.75,40.895768,0
8410.0,100830.75,41.230102,0
8411.0,100827.75,41.48086,0
8412.0,100825.5,41.668932,0
8413.0,100825.0,41.710726,0
8414.0,100823.75,41.815213,0
8415.0,100822.75,41.898803,0
8416.0,100821.5,42.003291,0
8417.0,100821.0,42.045087,0
8418.0,100821.25,42.024189,0
8419.0,100821.0,42.045087,0
8420.0,100821.0,42.045087,0
8421.0,100821.25,42.024189,0
8422.0,100822.75,41.898803,0
8423.0,100822.25,41.940598,0
8424.0,100821.0,42.045087,0
8425.0,100816.25,42.442154,0
8426.0,100807.5,43.173633,0
8427.0,100797.75,43.98877,0
8428.0,100788.0,44.803971,0
8429.0,100780.75,45.410187,0
8430.0,100774.0,45.974627,0
8431.0,100769.0,46.392751,0
8432.0,100766.25,46.622726,0
8433.0,100764.0,46.810891,0
8434.0,100761.5,47.019967,0
8435.0,100759.75,47.166324,0
8436.0,100758.75,47.249956,0
8437.0,100757.75,47.33359,0
8438.0,100757.5,47.354499,0
8439.0,100756.5,47.438133,0
8440.0,100755.0,47.563586,0
8441.0,100754.5,47.605404,0
8442.0,100755.0,47.563586,0
8443.0,100755.0,47.563586,0
8444.0,100756.5,47.438133,0
8445.0,100762.25,46.957244,0
8446.0,100771.75,46.162781,0
8447.0,100782.75,45.242951,0
8448.0,100792.0,44.469522,0
8449.0,100800.0,43.800656,0
8450.0,100805.25,43.361736,0
8451.0,100809.5,43.006433,0
8452.0,100812.5,42.755639,0
8453.0,100814.75,42.567547,0
8454.0,100816.25,42.442154,0
8455.0,100818.0,42.295864,0
8456.0,100819.25,42.191373,0
8457.0,100819.5,42.170475,0
8458.0,100819.75,42.149577,0
8459.0,100820.25,42.107781,0
8460.0,100820.0,42.128679,0
8461.0,100819.0,42.212271,0
8462.0,100821.0,42.045087,0
8463.0,100822.0,41.961496,0
8464.0,100827.75,41.48086,0
8465.0,100833.5,41.000246,0
8466.0,100839.0,40.540549,0
8467.0,100843.75,40.143555,0
8468.0,100845.25,40.018191,0
8469.0,100847.25,39.851042,0
8470.0,100848.75,39.725682,0
8471.0,100849.25,39.683896,0
8472.0,100849.75,39.64211,0
8473.0,100849.75,39.64211,0
8474.0,100851.25,39.516752,0
8475.0,100852.5,39.412289,0
8476.0,100852.0,39.454074,0
8477.0,100852.5,39.412289,0
8478.0,100852.0,39.454074,0
8479.0,100853.0,39.370504,0
8480.0,100856.0,39.119797,0
8481.0,100863.25,38.513947,0
8482.0,100874.75,37.553015,0
8483.0,100886.0,36.61306,0
8484.0,100895.5,35.819385,0
8485.0,100902.5,35.234612,0
8486.0,100907.75,34.796053,0
8487.0,100910.75,34.545456,0
8488.0,100914.25,34.253101,0
8489.0,100916.25,34.086044,0
8490.0,100918.5,33.898109,0
8491.0,100919.75,33.793702,0
8492.0,100920.5,33.731058,0
8493.0,100921.25,33.668415,0
8494.0,100921.5,33.647534,0
8495.0,100922.5,33.56401,0
8496.0,100922.75,33.543129,0
8497.0,100923.0,33.522248,0
8498.0,100923.25,33.501368,0
8499.0,100926.75,33.209042,0
8500.0,100933.75,32.624414,0
8501.0,100945.75,31.622272,0
8502.0,100959.25,30.494978,0
8503.0,100974.0,29.263444,0
8504.0,100987.0,28.178145,0
8505.0,100997.75,27.280772,0
8506.0,101006.0,26.592142,0
8507.0,101012.75,26.028752,0
8508.0,101016.75,25.694906,0
8509.0,101020.0,25.423664,0
8510.0,101023.5,25.131564,0
8511.0,101025.25,24.985518,0
8512.0,101027.25,24.81861,0
8513.0,101028.5,24.714294,0
8514.0,101029.5,24.630842,0
8515.0,101030.25,24.568253,0
8516.0,101031.5,24.46394,0
8517.0,101031.25,24.484802,0
8518.0,101031.5,24.46394,0
8519.0,101032.5,24.380489,0
8520.0,101031.75,24.443077,0
8521.0,101030.5,24.54739,0
8522.0,101031.25,24.484802,0
8523.0,101031.75,24.443077,0
8524.0,101032.0,24.422214,0
8525.0,101032.25,24.401352,0
8526.0,101030.75,24.526528,0
8527.0,101024.25,25.068973,0
8528.0,101014.75,25.861828,0
8529.0,101003.5,26.800813,0
8530.0,100989.5,27.969447,0
8531.0,100974.0,29.263444,0
8532.0,100957.25,30.661977,0
8533.0,100941.75,31.956309,0
8534.0,100923.75,33.459606,0
8535.0,100907.25,34.837819,0
8536.0,100894.5,35.902927,0
8537.0,100884.75,36.717495,0
8538.0,100877.25,37.344129,0
8539.0,100870.75,37.887242,0
8540.0,100866.5,38.24237,0
8541.0,100862.25,38.59751,0
8542.0,100859.0,38.869096,0
8543.0,100856.75,39.057121,0
8544.0,100855.0,39.203365,0
8545.0,100855.0,39.203365,0
8546.0,100854.0,39.286934,0
8547.0,100853.5,39.328719,0
8548.0,100852.5,39.412289,0
8549.0,100852.25,39.433182,0
8550.0,100843.8864,40.132158,1
8551.0,100835.5227,40.831182,1
8552.0,100827.1591,41.530252,1
8553.0,100818.7955,42.22937,1
8554.0,100810.4318,42.928534,1
8555.0,100802.0682,43.627746,1
8556.0,100793.7045,44.327004,1
8557.0,100785.3409,45.026309,1
8558.0,100776.9773,45.725662,1
8559.0,100768.6136,46.425061,1
8560.0,100760.25,47.124507,0
8561.0,100758.0,47.312682,0
8562.0,100755.75,47.500859,0
8563.0,100755.0,47.563586,0
8564.0,100753.5,47.68904,0
8565.0,100752.0,47.814496,0
8566.0,100751.25,47.877225,0
8567.0,100750.25,47.960864,0
8568.0,100749.75,48.002683,0
8569.0,100749.5,48.023593,0
8570.0,100748.75,48.086323,0
8571.0,100751.0,47.898135,0
8572.0,100757.25,47.375407,0
8573.0,100767.0,46.560005,0
8574.0,100779.0,45.55652,0
8575.0,100794.25,44.281399,0
8576.0,100810.0,42.964634,0
8577.0,100827.25,41.522653,0
8578.0,100846.0,39.95551,0
8579.0,100865.25,38.346822,0
8580.0,100883.75,36.801044,0
8581.0,100903.75,35.130191,0
8582.0,100925.25,33.334323,0
8583.0,100946.25,31.580519,0
8584.0,100965.25,29.993998,0
8585.0,100981.0,28.679038,0
8586.0,100993.25,27.656407,0
8587.0,101002.25,26.90515,0
8588.0,101009.0,26.341743,0
8589.0,101013.75,25.94529,0
8590.0,101017.0,25.674041,0
8591.0,101019.0,25.507122,0
8592.0,101021.0,25.340206,0
8593.0,101022.75,25.194156,0
8594.0,101024.25,25.068973,0
8595.0,101025.25,24.985518,0
8596.0,101026.75,24.860337,0
8597.0,101026.75,24.860337,0
8598.0,101026.5,24.8812,0
8599.0,101025.5,24.964654,0
8600.0,101026.25,24.902063,0
8601.0,101026.0,24.922927,0
8602.0,101024.0,25.089836,0
8603.0,101017.75,25.611446,0
8604.0,101008.25,26.404342,0
8605.0,100997.0,27.343377,0
8606.0,100983.0,28.512071,0
8607.0,100967.5,29.806136,0
8608.0,100951.5,31.142114,0
8609.0,100934.25,32.582656,0
8610.0,100916.5,34.065162,0
8611.0,100897.25,35.673189,0
8612.0,100879.0,37.197911,0
8613.0,100859.75,38.806422,0
8614.0,100841.25,40.352498,0
8615.0,100825.5,41.668932,0
8616.0,100814.5,42.588446,0
8617.0,100805.0,43.382636,0
8618.0,100798.5,43.926065,0
8619.0,100793.5,44.344106,0
8620.0,100789.0,44.720357,0
8621.0,100786.0,44.971199,0
8622.0,100783.5,45.180239,0
8623.0,100781.5,45.347473,0
8624.0,100781.0,45.389282,0
8625.0,100780.5,45.431092,0
8626.0,100779.5,45.514711,0
8627.0,100779.0,45.55652,0
8628.0,100779.25,45.535616,0
8629.0,100779.0,45.55652,0
8630.0,100778.5,45.59833,0
8631.0,100778.0,45.64014,0
8632.0,100778.5,45.59833,0
8633.0,100778.25,45.619235,0
8634.0,100778.0,45.64014,0
8635.0,100778.0,45.64014,0
8636.0,100777.75,45.661046,0
8637.0,100779.5,45.514711,0
8638.0,100784.5,45.096622,0
8639.0,100795.0,44.218692,0
8640.0,100808.25,43.110933,0
8641.0,100823.0,41.877905,0
8642.0,100839.5,40.49876,0
8643.0,100856.0,39.119797,0
8644.0,100872.75,37.720128,0
8645.0,100890.75,36.216215,0
8646.0,100911.25,34.50369,0
8647.0,100931.0,32.854085,0
8648.0,100949.75,31.288246,0
8649.0,100966.5,29.88963,0
8650.0,100980.0,28.762523,0
8651.0,100989.75,27.948577,0
8652.0,100997.0,27.343377,0
8653.0,101003.75,26.779946,0
8654.0,101009.25,26.320877,0
8655.0,101013.0,26.007887,0
8656.0,101015.0,25.840962,0
8657.0,101017.75,25.611446,0
8658.0,101019.25,25.486257,0
8659.0,101020.5,25.381935,0
8660.0,101021.0,25.340206,0
8661.0,101020.75,25.36107,0
8662.0,101020.75,25.36107,0
8663.0,101022.5,25.21502,0
8664.0,101021.75,25.277613,0
8665.0,101017.5,25.632311,0
8666.0,101009.5,26.30001,0
8667.0,100998.5,27.218167,0
8668.0,100986.25,28.240756,0
8669.0,100971.25,29.493041,0
8670.0,100953.75,30.954231,0
8671.0,100937.0,32.352991,0
8672.0,100919.5,33.814583,0
8673.0,100903.0,35.192843,0
8674.0,100888.75,36.383306,0
8675.0,100878.5,37.239687,0
8676.0,100870.75,37.887242,0
8677.0,100865.0,38.367712,0
8678.0,100860.0,38.78553,0
8679.0,100857.25,39.015338,0
8680.0,100855.25,39.182473,0
8681.0,100852.25,39.433182,0
8682.0,100851.0,39.537645,0
8683.0,100850.5,39.579431,0
8684.0,100850.75,39.558538,0
8685.0,100851.25,39.516752,0
8686.0,100851.0,39.537645,0
8687.0,100848.75,39.725682,0
8688.0,100848.25,39.767469,0
8689.0,100846.5,39.913723,0
8690.0,100841.75,40.310709,0
8691.0,100834.75,40.895768,0
8692.0,100829.75,41.313687,0
8693.0,100825.5,41.668932,0
8694.0,100822.25,41.940598,0
8695.0,100820.5,42.086883,0
8696.0,100819.0,42.212271,0
8697.0,100817.25,42.35856,0
8698.0,100815.0,42.546648,0
8699.0,100815.0,42.546648,0
8700.0,100814.0,42.630244,0
8701.0,100812.5,42.755639,0
8702.0,100813.25,42.692941,0
8703.0,100812.5,42.755639,0
8704.0,100813.0,42.71384,0
8705.0,100812.25,42.776538,0
8706.0,100808.75,43.069133,0
8707.0,100801.25,43.696149,0
8708.0,100791.0,44.553133,0
8709.0,100780.25,45.451996,0
8710.0,100770.75,46.246406,0
8711.0,100763.5,46.852706,0
8712.0,100758.25,47.291773,0
8713.0,100755.0,47.563586,0
8714.0,100752.75,47.751768,0
8715.0,100749.75,48.002683,0
8716.0,100747.75,48.169963,0
8717.0,100747.25,48.211784,0
8718.0,100746.5,48.274514,0
8719.0,100745.25,48.379067,0
8720.0,100744.25,48.46271,0
8721.0,100744.25,48.46271,0
8722.0,100744.75,48.420888,0
8723.0,100744.25,48.46271,0
8724.0,100744.5,48.441799,0
8725.0,100744.75,48.420888,0
8726.0,100745.25,48.379067,0
8727.0,100748.75,48.086323,0
8728.0,100756.0,47.47995,0
8729.0,100766.5,46.601819,0
8730.0,100780.25,45.451996,0
8731.0,100794.5,44.260496,0
8732.0,100807.5,43.173633,0
8733.0,100817.75,42.316763,0
8734.0,100824.5,41.752521,0
8735.0,100830.0,41.292791,0
8736.0,100835.5,40.833081,0
8737.0,100838.5,40.582339,0
8738.0,100840.25,40.436076,0
8739.0,100841.75,40.310709,0
8740.0,100843.75,40.143555,0
8741.0,100843.5,40.164449,0
8742.0,100845.0,40.039085,0
8743.0,100844.75,40.059979,0
8744.0,100845.75,39.976404,0
8745.0,100845.0,40.039085,0
8746.0,100845.0,40.039085,0
8747.0,100846.75,39.892829,0
8748.0,100847.5,39.830149,0
8749.0,100850.75,39.558538,0
8750.0,100858.75,38.889988,0
8751.0,100870.25,37.929022,0
8752.0,100881.75,36.968144,0
8753.0,100890.5,36.237101,0
8754.0,100897.25,35.673189,0
8755.0,100903.0,35.192843,0
8756.0,100906.75,34.879586,0
8757.0,100909.75,34.628987,0
8758.0,100912.25,34.42016,0
8759.0,100914.0,34.273983,0
8760.0,100914.75,34.211336,0
8761.0,100915.5,34.14869,0
8762.0,100916.75,34.04428,0
8763.0,100916.75,34.04428,0
8764.0,100916.5,34.065162,0
8765.0,100916.75,34.04428,0
8766.0,100917.75,33.960753,0
8767.0,100918.75,33.877227,0
8768.0,100924.25,33.417845,0
8769.0,100934.25,32.582656,0
8770.0,100946.75,31.538765,0
8771.0,100960.0,30.432354,0
8772.0,100975.0,29.179956,0
8773.0,100987.25,28.157275,0
8774.0,100996.5,27.385114,0
8775.0,101003.75,26.779946,0
8776.0,101009.0,26.341743,0
8777.0,101013.5,25.966155,0
8778.0,101017.0,25.674041,0
8779.0,101019.25,25.486257,0
8780.0,101020.0,25.423664,0
8781.0,101020.25,25.402799,0
8782.0,101020.75,25.36107,0
8783.0,101022.25,25.235884,0
8784.0,101023.25,25.152428,0
8785.0,101024.25,25.068973,0
8786.0,101024.0,25.089836,0
8787.0,101024.5,25.048109,0
8788.0,101024.5,25.048109,0
8789.0,101022.0,25.256749,0
8790.0,101016.5,25.715771,0
8791.0,101010.0,26.258278,0
8792.0,101004.25,26.738212,0
8793.0,101000.0,27.092959,0
8794.0,100996.25,27.405982,0
8795.0,100994.5,27.552063,0
8796.0,100992.25,27.739883,0
8797.0,100991.0,27.84423,0
8798.0,100989.75,27.948577,0
8799.0,100990.0,27.927708,0
8800.0,100990.0,27.927708,0
8801.0,100988.0,28.094665,0
8802.0,100988.25,28.073795,0
8803.0,100988.5,28.052926,0
8804.0,100988.25,28.073795,0
8805.0,100987.5,28.136405,0
8806.0,100987.75,28.115535,0
8807.0,100987.75,28.115535,0
8808.0,100988.25,28.073795,0
8809.0,100988.5,28.052926,0
8810.0,100984.25,28.407718,0
8811.0,100977.75,28.950366,0
8812.0,100967.5,29.806136,0
8813.0,100957.5,30.641102,0
8814.0,100948.75,31.371752,0
8815.0,100941.5,31.977187,0
8816.0,100937.25,32.332113,0
8817.0,100932.75,32.70793,0
8818.0,100929.75,32.958483,0
8819.0,100926.75,33.209042,0
8820.0,100924.75,33.376084,0
8821.0,100922.75,33.543129,0
8822.0,100923.25,33.501368,0
8823.0,100924.25,33.417845,0
8824.0,100924.75,33.376084,0
8825.0,100923.5,33.480487,0
8826.0,100922.0,33.605772,0
8827.0,100921.5,33.647534,0
8828.0,100919.5,33.814583,0
8829.0,100912.25,34.42016,0
8830.0,100901.5,35.318149,0
8831.0,100891.0,36.195329,0
8832.0,100881.75,36.968144,0
8833.0,100874.75,37.553015,0
8834.0,100868.0,38.11703,0
8835.0,100864.0,38.451275,0
8836.0,100860.5,38.743748,0
8837.0,100858.0,38.952662,0
8838.0,100857.25,39.015338,0
8839.0,100855.25,39.182473,0
8840.0,100853.75,39.307827,0
8841.0,100852.25,39.433182,0
8842.0,100851.5,39.49586,0
8843.0,100851.75,39.474967,0
8844.0,100851.25,39.516752,0
8845.0,100851.25,39.516752,0
8846.0,100851.25,39.516752,0
8847.0,100851.25,39.516752,0
8848.0,100852.0,39.454074,0
8849.0,100852.25,39.433182,0
8850.0,100851.0,39.537645,0
8851.0,100850.0,39.621217,0
8852.0,100850.0,39.621217,0
8853.0,100850.75,39.558538,0
8854.0,100850.5,39.579431,0
8855.0,100850.75,39.558538,0
8856.0,100850.5,39.579431,0
8857.0,100851.0,39.537645,0
8858.0,100851.75,39.474967,0
8859.0,100851.75,39.474967,0
8860.0,100852.5,39.412289,0
8861.0,100851.5,39.49586,0
8862.0,100851.75,39.474967,0
8863.0,100854.75,39.224257,0
8864.0,100861.0,38.701966,0
8865.0,100870.5,37.908132,0
8866.0,100883.5,36.821931,0
8867.0,100899.0,35.526994,0
8868.0,100915.25,34.169572,0
8869.0,100932.0,32.770568,0
8870.0,100949.5,31.309123,0
8871.0,100967.0,29.847883,0
8872.0,100982.25,28.574684,0
8873.0,100992.75,27.698145,0
8874.0,101002.0,26.926018,0
8875.0,101008.5,26.383476,0
8876.0,101013.5,25.966155,0
8877.0,101017.25,25.653176,0
8878.0,101019.75,25.444528,0
8879.0,101022.0,25.256749,0
8880.0,101023.0,25.173292,0
8881.0,101023.5,25.131564,0
8882.0,101025.5,24.964654,0
8883.0,101027.5,24.797747,0
8884.0,101028.25,24.735157,0
8885.0,101028.25,24.735157,0
8886.0,101028.0,24.75602,0
8887.0,101028.25,24.735157,0
8888.0,101028.25,24.735157,0
8889.0,101028.5,24.714294,0
8890.0,101028.5,24.714294,0
8891.0,101027.25,24.81861,0
8892.0,101027.0,24.839473,0
8893.0,101026.25,24.902063,0
8894.0,101026.25,24.902063,0
8895.0,101026.0,24.922927,0
8896.0,101026.25,24.902063,0
8897.0,101026.25,24.902063,0
8898.0,101026.0,24.922927,0
8899.0,101026.75,24.860337,0
8900.0,101026.25,24.902063,0
8901.0,101026.5,24.8812,0
8902.0,101026.25,24.902063,0
8903.0,101026.25,24.902063,0
8904.0,101026.75,24.860337,0
8905.0,101027.25,24.81861,0
8906.0,101027.5,24.797747,0
8907.0,101027.75,24.776883,0
8908.0,101027.75,24.776883,0
8909.0,101029.0,24.672568,0
8910.0,101028.5,24.714294,0
8911.0,101028.75,24.693431,0
8912.0,101028.5,24.714294,0
8913.0,101028.75,24.693431,0
8914.0,101029.0,24.672568,0
8915.0,101028.5,24.714294,0
8916.0,101028.25,24.735157,0
8917.0,101028.0,24.75602,0
8918.0,101028.25,24.735157,0
8919.0,101029.0,24.672568,0
8920.0,101028.25,24.735157,0
8921.0,101027.5,24.797747,0
8922.0,101028.25,24.735157,0
8923.0,101029.0,24.672568,0
8924.0,101029.75,24.609979,0
8925.0,101029.25,24.651705,0
8926.0,101030.0,24.589116,0
8927.0,101030.25,24.568253,0
8928.0,101031.0,24.505665,0
8929.0,101031.5,24.46394,0
8930.0,101030.75,24.526528,0
8931.0,101031.5,24.46394,0
8932.0,101031.5,24.46394,0
8933.0,101031.5,24.46394,0
8934.0,101030.75,24.526528,0
8935.0,101030.5,24.54739,0
8936.0,101031.0,24.505665,0
8937.0,101029.5,24.630842,0
8938.0,101030.5,24.54739,0
8939.0,101029.5,24.630842,0
8940.0,101029.5909,24.623255,1
8941.0,101029.6818,24.615669,1
8942.0,101029.7727,24.608082,1
8943.0,101029.8636,24.600496,1
8944.0,101029.9545,24.592909,1
8945.0,101030.0455,24.585323,1
8946.0,101030.1364,24.577736,1
8947.0,101030.2273,24.57015,1
8948.0,101030.3182,24.562563,1
8949.0,101030.4091,24.554977,1
8950.0,101030.5,24.54739,0
8951.0,101030.5,24.54739,0
8952.0,101031.0,24.505665,0
8953.0,101031.25,24.484802,0
8954.0,101031.0,24.505665,0
8955.0,101030.0,24.589116,0
8956.0,101030.25,24.568253,0
8957.0,101030.25,24.568253,0
8958.0,101029.75,24.609979,0
8959.0,101029.25,24.651705,0
8960.0,101029.0,24.672568,0
8961.0,101029.0,24.672568,0
8962.0,101029.75,24.609979,0
8963.0,101030.0,24.589116,0
8964.0,101030.5,24.54739,0
8965.0,101030.25,24.568253,0
8966.0,101030.5,24.54739,0
8967.0,101030.25,24.568253,0
8968.0,101029.75,24.609979,0
8969.0,101029.25,24.651705,0
8970.0,101029.25,24.651705,0
8971.0,101028.5,24.714294,0
8972.0,101028.5,24.714294,0
8973.0,101029.25,24.651705,0
8974.0,101029.25,24.651705,0
8975.0,101030.25,24.568253,0
8976.0,101030.75,24.526528,0
8977.0,101029.75,24.609979,0
8978.0,101028.75,24.693431,0
8979.0,101029.0,24.672568,0
8980.0,101029.0,24.672568,0
8981.0,101028.25,24.735157,0
8982.0,101028.25,24.735157,0
8983.0,101026.5,24.8812,0
8984.0,101019.5,25.465393,0
8985.0,101010.5,26.216546,0
8986.0,100998.75,27.197299,0
8987.0,100984.75,28.365977,0
8988.0,100971.0,29.513914,0
8989.0,100956.0,30.766353,0
8990.0,100937.25,32.332113,0
8991.0,100919.0,33.856346,0
8992.0,100901.25,35.339033,0
8993.0,100882.0,36.947256,0
8994.0,100864.0,38.451275,0
8995.0,100846.75,39.892829,0
8996.0,100827.75,41.48086,0
8997.0,100808.75,43.069133,0
8998.0,100790.5,44.594939,0
8999.0,100773.5,46.016439,0
9000.0,100759.25,47.20814,0
9001.0,100748.5,48.107233,0
9002.0,100741.5,48.69273,0
9003.0,100736.0,49.152787,0
9004.0,100731.25,49.550126,0
9005.0,100728.25,49.801084,0
9006.0,100725.5,50.031134,0
9007.0,100723.75,50.177533,0
9008.0,100722.5,50.282104,0
9009.0,100720.75,50.428506,0
9010.0,100720.0,50.49125,0
9011.0,100720.25,50.470336,0
9012.0,100719.5,50.53308,0
9013.0,100718.25,50.637655,0
9014.0,100718.25,50.637655,0
9015.0,100719.5,50.53308,0
9016.0,100723.5,50.198447,0
9017.0,100730.75,49.591952,0
9018.0,100740.25,48.797287,0
9019.0,100752.75,47.751768,0
9020.0,100766.5,46.601819,0
9021.0,100781.5,45.347473,0
9022.0,100797.25,44.030573,0
9023.0,100815.75,42.483951,0
9024.0,100834.5,40.916663,0
9025.0,100853.5,39.328719,0
9026.0,100872.75,37.720128,0
9027.0,100893.5,35.98647,0
9028.0,100913.75,34.294865,0
9029.0,100931.5,32.812327,0
9030.0,100945.5,31.643149,0
9031.0,100956.0,30.766353,0
9032.0,100964.75,30.035745,0
9033.0,100971.0,29.513914,0
9034.0,100976.5,29.054724,0
9035.0,100980.0,28.762523,0
9036.0,100983.5,28.47033,0
9037.0,100984.5,28.386848,0
9038.0,100986.25,28.240756,0
9039.0,100988.25,28.073795,0
9040.0,100988.5,28.052926,0
9041.0,100989.25,27.990316,0
9042.0,100989.5,27.969447,0
9043.0,100988.75,28.032056,0
9044.0,100987.75,28.115535,0
9045.0,100983.5,28.47033,0
9046.0,100975.75,29.11734,0
9047.0,100965.5,29.973124,0
9048.0,100954.5,30.891605,0
9049.0,100945.5,31.643149,0
9050.0,100939.5,32.144209,0
9051.0,100933.75,32.624414,0
9052.0,100931.25,32.833206,0
9053.0,100929.0,33.021122,0
9054.0,100927.5,33.146401,0
9055.0,100926.0,33.271682,0
9056.0,100925.25,33.334323,0
9057.0,100925.75,33.292562,0
9058.0,100926.0,33.271682,0
9059.0,100924.75,33.376084,0
9060.0,100924.25,33.417845,0
9061.0,100923.0,33.522248,0
9062.0,100923.25,33.501368,0
9063.0,100923.5,33.480487,0
9064.0,100923.5,33.480487,0
9065.0,100922.0,33.605772,0
9066.0,100921.75,33.626653,0
9067.0,100921.25,33.668415,0
9068.0,100921.5,33.647534,0
9069.0,100920.75,33.710177,0
9070.0,100920.0,33.77282,0
9071.0,100919.75,33.793702,0
9072.0,100919.75,33.793702,0
9073.0,100919.75,33.793702,0
9074.0,100919.75,33.793702,0
9075.0,100919.25,33.835464,0
9076.0,100918.75,33.877227,0
9077.0,100918.25,33.91899,0
9078.0,100918.0,33.939872,0
9079.0,100918.5,33.898109,0
9080.0,100919.5,33.814583,0
9081.0,100918.0,33.939872,0
9082.0,100917.75,33.960753,0
9083.0,100918.5,33.898109,0
9084.0,100919.0,33.856346,0
9085.0,100919.5,33.814583,0
9086.0,100918.75,33.877227,0
9087.0,100913.0,34.357512,0
9088.0,100906.5,34.90047,0
9089.0,100901.0,35.359917,0
9090.0,100896.25,35.75673,0
9091.0,100893.75,35.965584,0
9092.0,100891.25,36.174443,0
9093.0,100890.75,36.216215,0
9094.0,100889.5,36.320646,0
9095.0,100889.0,36.362419,0
9096.0,100888.75,36.383306,0
9097.0,100888.25,36.425079,0
9098.0,100888.25,36.425079,0
9099.0,100888.75,36.383306,0
9100.0,100888.0,36.445965,0
9101.0,100887.25,36.508625,0
9102.0,100887.25,36.508625,0
9103.0,100888.75,36.383306,0
9104.0,100889.75,36.29976,0
9105.0,100893.75,35.965584,0
9106.0,100902.5,35.234612,0
9107.0,100914.25,34.253101,0
9108.0,100929.0,33.021122,0
9109.0,100944.5,31.726658,0
9110.0,100961.5,30.307108,0
9111.0,100975.5,29.138212,0
9112.0,100987.5,28.136405,0
9113.0,100997.25,27.322508,0
9114.0,101005.0,26.67561,0
9115.0,101009.75,26.279144,0
9116.0,101014.0,25.924424,0
9117.0,101017.25,25.653176,0
9118.0,101018.75,25.527987,0
9119.0,101021.25,25.319341,0
9120.0,101022.5,25.21502,0
9121.0,101022.25,25.235884,0
9122.0,101023.0,25.173292,0
9123.0,101023.75,25.1107,0
9124.0,101025.0,25.006381,0
9125.0,101025.0,25.006381,0
9126.0,101023.75,25.1107,0
9127.0,101018.5,25.548851,0
9128.0,101009.75,26.279144,0
9129.0,100998.25,27.239035,0
9130.0,100985.0,28.345107,0
9131.0,100969.25,29.660024,0
9132.0,100952.75,31.037734,0
9133.0,100936.75,32.37387,0
9134.0,100923.5,33.480487,0
9135.0,100913.5,34.315747,0
9136.0,100907.0,34.858703,0
9137.0,100900.0,35.443456,0
9138.0,100895.75,35.7985,0
9139.0,100892.75,36.049127,0
9140.0,100890.0,36.278874,0
9141.0,100887.75,36.466852,0
9142.0,100886.5,36.571286,0
9143.0,100885.25,36.675721,0
9144.0,100884.5,36.738382,0
9145.0,100884.5,36.738382,0
9146.0,100882.75,36.884594,0
9147.0,100881.0,37.030807,0
9148.0,100877.75,37.302352,0
9149.0,100873.0,37.699238,0
9150.0,100867.0,38.20059,0
9151.0,100861.5,38.660183,0
9152.0,100858.25,38.931771,0
9153.0,100855.0,39.203365,0
9154.0,100853.5,39.328719,0
9155.0,100851.75,39.474967,0
9156.0,100850.75,39.558538,0
9157.0,100850.0,39.621217,0
9158.0,100849.0,39.704789,0
9159.0,100848.75,39.725682,0
9160.0,100848.0,39.788362,0
9161.0,100847.0,39.871936,0
9162.0,100846.5,39.913723,0
9163.0,100846.25,39.934617,0
9164.0,100845.75,39.976404,0
9165.0,100845.75,39.976404,0
9166.0,100845.25,40.018191,0
9167.0,100846.75,39.892829,0
9168.0,100851.0,39.537645,0
9169.0,100859.75,38.806422,0
9170.0,100870.5,37.908132,0
9171.0,100883.75,36.801044,0
9172.0,100899.75,35.46434,0
9173.0,100916.5,34.065162,0
9174.0,100932.5,32.72881,0
9175.0,100945.5,31.643149,0
9176.0,100956.25,30.745477,0
9177.0,100962.25,30.244485,0
9178.0,100968.5,29.722643,0
9179.0,100972.25,29.409551,0
9180.0,100975.75,29.11734,0
9181.0,100977.25,28.992109,0
9182.0,100979.25,28.825137,0
9183.0,100980.25,28.741652,0
9184.0,100981.0,28.679038,0
9185.0,100982.25,28.574684,0
9186.0,100983.75,28.449459,0
9187.0,100984.5,28.386848,0
9188.0,100985.25,28.324237,0
9189.0,100985.0,28.345107,0
9190.0,100985.0,28.345107,0
9191.0,100984.25,28.407718,0
9192.0,100985.5,28.303366,0
9193.0,100986.0,28.261626,0
9194.0,100986.5,28.219885,0
9195.0,100986.5,28.219885,0
9196.0,100986.75,28.199015,0
9197.0,100986.5,28.219885,0
9198.0,100982.25,28.574684,0
9199.0,100974.25,29.242572,0
9200.0,100964.0,30.098366,0
9201.0,100949.75,31.288246,0
9202.0,100934.25,32.582656,0
9203.0,100918.0,33.939872,0
9204.0,100902.0,35.27638,0
9205.0,100884.5,36.738382,0
9206.0,100868.0,38.11703,0
9207.0,100853.0,39.370504,0
9208.0,100842.25,40.26892,0
9209.0,100834.25,40.937559,0
9210.0,100828.0,41.459963,0
9211.0,100824.0,41.794316,0
9212.0,100821.5,42.003291,0
9213.0,100818.75,42.233169,0
9214.0,100817.5,42.337661,0
9215.0,100815.5,42.50485,0
9216.0,100814.5,42.588446,0
9217.0,100814.0,42.630244,0
9218.0,100812.75,42.734739,0
9219.0,100813.0,42.71384,0
9220.0,100825.0,41.710726,1
9221.0,100837.0,40.70771,1
9222.0,100849.0,39.704789,1
9223.0,100861.0,38.701966,1
9224.0,100873.0,37.699238,1
9225.0,100885.0,36.696608,1
9226.0,100897.0,35.694074,1
9227.0,100909.0,34.691637,1
9228.0,100921.0,33.689296,1
9229.0,100933.0,32.687051,1
9230.0,100945.0,31.684903,0
9231.0,100962.5,30.223611,0
9232.0,100977.5,28.971237,0
9233.0,100989.25,27.990316,0
9234.0,100997.5,27.30164,0
9235.0,101003.75,26.779946,0
9236.0,101008.5,26.383476,0
9237.0,101012.5,26.049618,0
9238.0,101015.0,25.840962,0
9239.0,101017.0,25.674041,0
9240.0,101018.5,25.548851,0
9241.0,101018.5,25.548851,0
9242.0,101019.75,25.444528,0
9243.0,101020.75,25.36107,0
9244.0,101021.75,25.277613,0
9245.0,101021.25,25.319341,0
9246.0,101021.75,25.277613,0
9247.0,101022.5,25.21502,0
9248.0,101023.0,25.173292,0
9249.0,101023.5,25.131564,0
9250.0,101023.0,25.173292,0
9251.0,101022.0,25.256749,0
9252.0,101022.75,25.194156,0
9253.0,101023.75,25.1107,0
9254.0,101023.75,25.1107,0
9255.0,101023.25,25.152428,0
9256.0,101022.75,25.194156,0
9257.0,101023.75,25.1107,0
9258.0,101023.25,25.152428,0
9259.0,101022.5,25.21502,0
9260.0,101017.75,25.611446,0
9261.0,101012.0,26.09135,0
9262.0,101005.5,26.633876,0
9263.0,101000.25,27.072091,0
9264.0,100995.5,27.468588,0
9265.0,100992.25,27.739883,0
9266.0,100990.25,27.906838,0
9267.0,100988.75,28.032056,0
9268.0,100987.5,28.136405,0
9269.0,100987.5,28.136405,0
9270.0,100986.75,28.199015,0
9271.0,100985.0,28.345107,0
9272.0,100984.5,28.386848,0
9273.0,100984.5,28.386848,0
9274.0,100985.0,28.345107,0
9275.0,100984.75,28.365977,0
9276.0,100984.25,28.407718,0
9277.0,100982.5,28.553813,0
9278.0,100977.75,28.950366,0
9279.0,100969.25,29.660024,0
9280.0,100952.3409,31.071895,1
9281.0,100935.4318,32.483957,1
9282.0,100918.5227,33.89621,1
9283.0,100901.6136,35.308656,1
9284.0,100884.7045,36.721293,1
9285.0,100867.7955,38.134121,1
9286.0,100850.8864,39.547142,1
9287.0,100833.9773,40.960354,1
9288.0,100817.0682,42.373759,1
9289.0,100800.1591,43.787355,1
9290.0,100783.25,45.201143,0
9291.0,100767.25,46.539098,0
9292.0,100752.5,47.772678,0
9293.0,100742.25,48.629997,0
9294.0,100733.25,49.382823,0
9295.0,100727.25,49.884738,0
9296.0,100722.25,50.303019,0
9297.0,100720.0,50.49125,0
9298.0,100718.0,50.65857,0
9299.0,100715.5,50.867724,0
9300.0,100715.439,50.872826,1
9301.0,100715.378,50.877927,1
9302.0,100715.3171,50.883028,1
9303.0,100715.2561,50.88813,1
9304.0,100715.1951,50.893231,1
9305.0,100715.1341,50.898332,1
9306.0,100715.0732,50.903434,1
9307.0,100715.0122,50.908535,1
9308.0,100714.9512,50.913637,1
9309.0,100714.8902,50.918738,1
9310.0,100714.8293,50.923839,1
9311.0,100714.7683,50.928941,1
9312.0,100714.7073,50.934042,1
9313.0,100714.6463,50.939144,1
9314.0,100714.5854,50.944245,1
9315.0,100714.5244,50.949346,1
9316.0,100714.4634,50.954448,1
9317.0,100714.4024,50.959549,1
9318.0,100714.3415,50.964651,1
9319.0,100714.2805,50.969752,1
9320.0,100714.2195,50.974853,1
9321.0,100714.1585,50.979955,1
9322.0,100714.0976,50.985056,1
9323.0,100714.0366,50.990158,1
9324.0,100713.9756,50.995259,1
9325.0,100713.9146,51.000361,1
9326.0,100713.8537,51.005462,1
9327.0,100713.7927,51.010563,1
9328.0,100713.7317,51.015665,1
9329.0,100713.6707,51.020766,1
9330.0,100713.6098,51.025868,1
9331.0,100713.5488,51.030969,1
9332.0,100713.4878,51.036071,1
9333.0,100713.4268,51.041172,1
9334.0,100713.3659,51.046273,1
9335.0,100713.3049,51.051375,1
9336.0,100713.2439,51.056476,1
9337.0,100713.1829,51.061578,1
9338.0,100713.122,51.066679,1
9339.0,100713.061,51.071781,1
9340.0,100713.0,51.076882,0
9341.0,100712.75,51.097798,0
9342.0,100712.5,51.118714,0
9343.0,100713.25,51.055966,0
9344.0,100713.25,51.055966,0
9345.0,100713.25,51.055966,0
9346.0,100713.25,51.055966,0
9347.0,100714.5,50.951387,0
9348.0,100721.0,50.407591,0
9349.0,100730.5,49.612865,0
9350.0,100741.0,48.734553,0
9351.0,100754.25,47.626313,0
9352.0,100770.0,46.309125,0
9353.0,100787.0,44.887585,0
9354.0,100801.75,43.654347,0
9355.0,100813.75,42.651143,0
9356.0,100822.25,41.940598,0
9357.0,100829.25,41.35548,0
9358.0,100834.75,40.895768,0
9359.0,100838.75,40.561444,0
9360.0,100841.25,40.352498,0
9361.0,100842.75,40.227131,0
9362.0,100843.5,40.164449,0
9363.0,100844.75,40.059979,0
9364.0,100845.75,39.976404,0
9365.0,100845.5,39.997298,0
9366.0,100845.5,39.997298,0
9367.0,100846.5,39.913723,0
9368.0,100849.5,39.663003,0
9369.0,100857.0,39.036229,0
9370.0,100862.75,38.555728,0
9371.0,100866.75,38.22148,0
9372.0,100870.5,37.908132,0
9373.0,100874.0,37.615682,0
9374.0,100876.0,37.448572,0
9375.0,100879.25,37.177023,0
9376.0,100880.25,37.093471,0
9377.0,100881.25,37.00992,0
9378.0,100882.25,36.926369,0
9379.0,100883.0,36.863706,0
9380.0,100882.5,36.905481,0
9381.0,100882.5,36.905481,0
9382.0,100883.0,36.863706,0
9383.0,100883.75,36.801044,0
9384.0,100884.0,36.780157,0
9385.0,100884.5,36.738382,0
9386.0,100884.25,36.759269,0
9387.0,100883.75,36.801044,0
9388.0,100883.75,36.801044,0
9389.0,100884.75,36.717495,0
9390.0,100887.5,36.487739,0
9391.0,100892.75,36.049127,0
9392.0,100898.75,35.547879,0
9393.0,100904.0,35.109307,0
9394.0,100907.0,34.858703,0
9395.0,100910.0,34.608104,0
9396.0,100913.5,34.315747,0
9397.0,100914.75,34.211336,0
9398.0,100916.75,34.04428,0
9399.0,100917.75,33.960753,0
9400.0,100920.5,33.731058,1
9401.0,100923.25,33.501368,1
9402.0,100926.0,33.271682,1
9403.0,100928.75,33.042002,1
9404.0,100931.5,32.812327,1
9405.0,100934.25,32.582656,1
9406.0,100937.0,32.352991,1
9407.0,100939.75,32.123331,1
9408.0,100942.5,31.893676,1
9409.0,100945.25,31.664026,1
9410.0,100948.0,31.434381,0
9411.0,100961.0,30.348856,0
9412.0,100974.75,29.200828,0
9413.0,100987.0,28.178145,0
9414.0,100997.25,27.322508,0
9415.0,101004.5,26.717344,0
9416.0,101010.0,26.258278,0
9417.0,101013.5,25.966155,0
9418.0,101017.25,25.653176,0
9419.0,101019.75,25.444528,0
9420.0,101020.25,25.402799,0
9421.0,101021.75,25.277613,0
9422.0,101022.0,25.256749,0
9423.0,101022.75,25.194156,0
9424.0,101023.5,25.131564,0
9425.0,101025.0,25.006381,0
9426.0,101024.75,25.027245,0
9427.0,101020.5,25.381935,0
9428.0,101012.25,26.070484,0
9429.0,101001.5,26.967753,0
9430.0,100989.25,27.990316,0
9431.0,100975.25,29.159084,0
9432.0,100959.75,30.453229,0
9433.0,100942.5,31.893676,0
9434.0,100926.0,33.271682,0
9435.0,100907.75,34.796053,0
9436.0,100889.75,36.29976,0
9437.0,100871.5,37.824574,0
9438.0,100853.5,39.328719,0
9439.0,100834.75,40.895768,0
9440.0,100815.0,42.546648,0
9441.0,100795.75,44.155985,0
9442.0,100777.5,45.681951,0
9443.0,100760.75,47.082691,0
9444.0,100748.25,48.128143,0
9445.0,100738.25,48.96458,0
9446.0,100731.75,49.5083,0
9447.0,100726.75,49.926565,0
9448.0,100722.5,50.282104,0
9449.0,100719.5,50.53308,0
9450.0,100716.75,50.763147,0
9451.0,100715.0,50.909556,0
9452.0,100714.25,50.972303,0
9453.0,100713.0,51.076882,0
9454.0,100713.5,51.03505,0
9455.0,100713.75,51.014134,0
9456.0,100713.5,51.03505,0
9457.0,100712.75,51.097798,0
9458.0,100713.25,51.055966,0
9459.0,100715.0,50.909556,0
9460.0,100719.25,50.553995,0
9461.0,100727.75,49.842911,0
9462.0,100740.0,48.818198,0
9463.0,100755.25,47.542677,0
9464.0,100769.75,46.330031,0
9465.0,100786.5,44.929392,0
9466.0,100804.75,43.403537,0
9467.0,100823.5,41.83611,0
9468.0,100842.5,40.248026,0
9469.0,100862.0,38.618401,0
9470.0,100881.5,36.989032,0
9471.0,100901.25,35.339033,0
9472.0,100919.25,33.835464,0
9473.0,100936.25,32.415627,0
9474.0,100949.5,31.309123,0
9475.0,100958.75,30.536727,0
9476.0,100966.25,29.910503,0
9477.0,100971.25,29.493041,0
9478.0,100976.0,29.096468,0
9479.0,100979.25,28.825137,0
9480.0,100980.25,28.741652,0
9481.0,100980.5,28.720781,0
9482.0,100981.5,28.637296,0
9483.0,100983.25,28.491201,0
9484.0,100984.25,28.407718,0
9485.0,100985.25,28.324237,0
9486.0,100985.25,28.324237,0
9487.0,100985.5,28.303366,0
9488.0,100985.5,28.303366,0
9489.0,100985.0,28.345107,0
9490.0,100985.0,28.345107,0
9491.0,100984.5,28.386848,0
9492.0,100984.5,28.386848,0
9493.0,100985.25,28.324237,0
9494.0,100985.5,28.303366,0
9495.0,100989.0,28.011186,0
9496.0,100995.0,27.510325,0
9497.0,101001.5,26.967753,0
9498.0,101006.25,26.571276,0
9499.0,101009.5,26.30001,0
9500.0,101012.0,26.09135,0
9501.0,101013.75,25.94529,0
9502.0,101016.5,25.715771,0
9503.0,101018.25,25.569716,0
9504.0,101019.75,25.444528,0
9505.0,101020.0,25.423664,0
9506.0,101020.5,25.381935,0
9507.0,101020.75,25.36107,0
9508.0,101022.0,25.256749,0
9509.0,101022.25,25.235884,0
9510.0,101022.75,25.194156,0
9511.0,101022.0,25.256749,0
9512.0,101020.5,25.381935,0
9513.0,101014.5,25.882693,0
9514.0,101004.5,26.717344,0
9515.0,100992.0,27.760753,0
9516.0,100978.5,28.887751,0
9517.0,100966.5,29.88963,0
9518.0,100955.25,30.828978,0
9519.0,100946.5,31.559642,0
9520.0,100939.5,32.144209,0
9521.0,100933.5,32.645293,0
9522.0,100930.0,32.937603,0
9523.0,100927.0,33.188161,0
9524.0,100925.0,33.355204,0
9525.0,100923.75,33.459606,0
9526.0,100921.5,33.647534,0
9527.0,100921.75,33.626653,0
9528.0,100921.75,33.626653,0
9529.0,100920.25,33.751939,0
9530.0,100919.75,33.793702,0
9531.0,100919.0,33.856346,0
9532.0,100918.5,33.898109,0
9533.0,100918.25,33.91899,0
9534.0,100918.0,33.939872,0
9535.0,100917.75,33.960753,0
9536.0,100918.0,33.939872,0
9537.0,100917.5,33.981635,0
9538.0,100917.0,34.023399,0
9539.0,100917.5,33.981635,0
9540.0,100917.25,34.002517,0
9541.0,100915.5,34.14869,0
9542.0,100916.0,34.106926,0
9543.0,100916.25,34.086044,0
9544.0,100916.5,34.065162,0
9545.0,100916.25,34.086044,0
9546.0,100916.25,34.086044,0
9547.0,100916.0,34.106926,0
9548.0,100915.75,34.127808,0
9549.0,100916.0,34.106926,0
9550.0,100916.0,34.106926,0
9551.0,100916.5,34.065162,0
9552.0,100916.75,34.04428,0
9553.0,100916.75,34.04428,0
9554.0,100917.25,34.002517,0
9555.0,100916.75,34.04428,0
9556.0,100916.75,34.04428,0
9557.0,100916.5,34.065162,0
9558.0,100917.0,34.023399,0
9559.0,100916.5,34.065162,0
9560.0,100916.0,34.106926,0
9561.0,100915.75,34.127808,0
9562.0,100915.5,34.14869,0
9563.0,100915.0,34.190454,0
9564.0,100916.0,34.106926,0
9565.0,100916.0,34.106926,0
9566.0,100916.0,34.106926,0
9567.0,100916.75,34.04428,0
9568.0,100916.0,34.106926,0
9569.0,100915.25,34.169572,0
9570.0,100914.75,34.211336,0
9571.0,100914.0,34.273983,0
9572.0,100914.75,34.211336,0
9573.0,100915.75,34.127808,0
9574.0,100915.75,34.127808,0
9575.0,100916.0,34.106926,0
9576.0,100916.0,34.106926,0
9577.0,100916.0,34.106926,0
9578.0,100916.25,34.086044,0
9579.0,100916.75,34.04428,0
9580.0,100917.0,34.023399,0
9581.0,100915.75,34.127808,0
9582.0,100916.5,34.065162,0
9583.0,100917.25,34.002517,0
9584.0,100916.25,34.086044,0
9585.0,100916.75,34.04428,0
9586.0,100917.75,33.960753,0
9587.0,100917.5,33.981635,0
9588.0,100917.75,33.960753,0
9589.0,100918.5,33.898109,0
9590.0,100917.5,33.981635,0
9591.0,100916.75,34.04428,0
9592.0,100916.0,34.106926,0
9593.0,100915.75,34.127808,0
9594.0,100915.75,34.127808,0
9595.0,100915.0,34.190454,0
9596.0,100915.0,34.190454,0
9597.0,100914.5,34.232218,0
9598.0,100914.5,34.232218,0
9599.0,100915.25,34.169572,0
9600.0,100915.25,34.169572,0
9601.0,100915.5,34.14869,0
9602.0,100915.75,34.127808,0
9603.0,100916.0,34.106926,0
9604.0,100916.75,34.04428,0
9605.0,100916.75,34.04428,0
9606.0,100917.0,34.023399,0
9607.0,100917.5,33.981635,0
9608.0,100918.0,33.939872,0
9609.0,100914.75,34.211336,0
9610.0,100906.25,34.921353,0
9611.0,100894.5,35.902927,0
9612.0,100882.75,36.884594,0
9613.0,100868.5,38.07525,0
9614.0,100853.75,39.307827,0
9615.0,100842.5,40.248026,0
9616.0,100834.0,40.958455,0
9617.0,100827.25,41.522653,0
9618.0,100822.5,41.9197,0
9619.0,100819.25,42.191373,0
9620.0,100816.25,42.442154,0
9621.0,100815.0,42.546648,0
9622.0,100814.0,42.630244,0
9623.0,100813.25,42.692941,0
9624.0,100812.25,42.776538,0
9625.0,100811.75,42.818337,0
9626.0,100811.0,42.881035,0
9627.0,100810.75,42.901935,0
9628.0,100810.5,42.922834,0
9629.0,100812.0,42.797437,0
9630.0,100817.0,42.379458,0
9631.0,100825.5,41.668932,0
9632.0,100836.0,40.791291,0
9633.0,100850.5,39.579431,0
9634.0,100865.75,38.305041,0
9635.0,100882.75,36.884594,0
9636.0,100900.25,35.422571,0
9637.0,100919.25,33.835464,0
9638.0,100938.5,32.227722,0
9639.0,100957.25,30.661977,0
9640.0,100972.5,29.388678,0
9641.0,100983.25,28.491201,0
9642.0,100992.25,27.739883,0
9643.0,101000.0,27.092959,0
9644.0,101005.25,26.654743,0
9645.0,101009.5,26.30001,0
9646.0,101012.5,26.049618,0
9647.0,101015.25,25.820097,0
9648.0,101016.75,25.694906,0
9649.0,101017.25,25.653176,0
9650.0,101018.75,25.527987,0
9651.0,101019.0,25.507122,0
9652.0,101019.25,25.486257,0
9653.0,101019.75,25.444528,0
9654.0,101020.0,25.423664,0
9655.0,101019.0,25.507122,0
9656.0,101019.75,25.444528,0
9657.0,101020.25,25.402799,0
9658.0,101021.75,25.277613,0
9659.0,101022.0,25.256749,0
9660.0,101022.0,25.256749,0
9661.0,101022.25,25.235884,0
9662.0,101022.25,25.235884,0
9663.0,101022.25,25.235884,0
9664.0,101022.25,25.235884,0
9665.0,101022.25,25.235884,0
9666.0,101021.75,25.277613,0
9667.0,101021.0,25.340206,0
9668.0,101021.5,25.298477,0
9669.0,101021.5,25.298477,0
9670.0,101020.75,25.36107,0
9671.0,101021.0,25.340206,0
9672.0,101020.75,25.36107,0
9673.0,101021.0,25.340206,0
9674.0,101020.75,25.36107,0
9675.0,101021.0,25.340206,0
9676.0,101021.5,25.298477,0
9677.0,101021.5,25.298477,0
9678.0,101021.5,25.298477,0
9679.0,101021.75,25.277613,0
9680.0,101020.75,25.36107,0
9681.0,101020.5,25.381935,0
9682.0,101020.5,25.381935,0
9683.0,101020.25,25.402799,0
9684.0,101020.75,25.36107,0
9685.0,101020.5,25.381935,0
9686.0,101019.75,25.444528,0
9687.0,101019.25,25.486257,0
9688.0,101020.25,25.402799,0
9689.0,101020.75,25.36107,0
9690.0,101020.75,25.36107,0
9691.0,101020.0,25.423664,0
9692.0,101019.75,25.444528,0
9693.0,101020.5,25.381935,0
9694.0,101021.5,25.298477,0
9695.0,101020.75,25.36107,0
9696.0,101020.75,25.36107,0
9697.0,101021.75,25.277613,0
9698.0,101020.5,25.381935,0
9699.0,101021.0,25.340206,0
9700.0,101020.0,25.423664,0
9701.0,101020.0,25.423664,0
9702.0,101020.5,25.381935,0
9703.0,101020.5,25.381935,0
9704.0,101020.5,25.381935,0
9705.0,101021.25,25.319341,0
9706.0,101021.25,25.319341,0
9707.0,101019.25,25.486257,0
9708.0,101012.0,26.09135,0
9709.0,101002.5,26.884283,0
9710.0,100990.5,27.885969,0
9711.0,100976.5,29.054724,0
9712.0,100962.75,30.202736,0
9713.0,100947.0,31.517888,0
9714.0,100930.0,32.937603,0
9715.0,100911.25,34.50369,0
9716.0,100896.25,35.75673,0
9717.0,100884.0,36.780157,0
9718.0,100875.0,37.532127,0
9719.0,100867.5,38.15881,0
9720.0,100861.75,38.639292,0
9721.0,100856.5,39.078013,0
9722.0,100855.0,39.203365,0
9723.0,100853.25,39.349611,0
9724.0,100851.5,39.49586,0
9725.0,100850.25,39.600324,0
9726.0,100849.75,39.64211,0
9727.0,100848.5,39.746576,0
9728.0,100848.75,39.725682,0
9729.0,100847.75,39.809256,0
9730.0,100847.0,39.871936,0
9731.0,100844.75,40.059979,0
9732.0,100846.25,39.934617,0
9733.0,100850.75,39.558538,0
9734.0,100858.25,38.931771,0
9735.0,100868.25,38.09614,0
9736.0,100879.0,37.197911,0
9737.0,100888.75,36.383306,0
9738.0,100895.25,35.840271,0
9739.0,100901.0,35.359917,0
9740.0,100904.75,35.046655,0
9741.0,100906.5,34.90047,0
9742.0,100909.75,34.628987,0
9743.0,100912.0,34.441042,0
9744.0,100913.5,34.315747,0
9745.0,100915.0,34.190454,0
9746.0,100915.25,34.169572,0
9747.0,100915.5,34.14869,0
9748.0,100916.25,34.086044,0
9749.0,100916.5,34.065162,0
9750.0,100917.5,33.981635,0
9751.0,100920.25,33.751939,0
9752.0,100927.5,33.146401,0
9753.0,100939.5,32.144209,0
9754.0,100952.25,31.079486,0
9755.0,100967.0,29.847883,0
9756.0,100979.5,28.804265,0
9757.0,100989.75,27.948577,0
9758.0,100997.0,27.343377,0
9759.0,101003.25,26.821681,0
9760.0,101006.75,26.529542,0
9761.0,101009.5,26.30001,0
9762.0,101012.5,26.049618,0
9763.0,101014.75,25.861828,0
9764.0,101016.75,25.694906,0
9765.0,101018.0,25.590581,0
9766.0,101019.0,25.507122,0
9767.0,101019.5,25.465393,0
9768.0,101019.5,25.465393,0
9769.0,101020.75,25.36107,0
9770.0,101021.5,25.298477,0
9771.0,101018.75,25.527987,0
9772.0,101013.5,25.966155,0
9773.0,101007.5,26.466942,0
9774.0,101003.25,26.821681,0
9775.0,100999.0,27.176431,0
9776.0,100996.5,27.385114,0
9777.0,100993.0,27.677276,0
9778.0,100991.5,27.802491,0
9779.0,100990.0,27.927708,0
9780.0,100988.25,28.073795,0
9781.0,100986.75,28.199015,0
9782.0,100987.5,28.136405,0
9783.0,100987.25,28.157275,0
9784.0,100987.5,28.136405,0
9785.0,100987.0,28.178145,0
9786.0,100987.75,28.115535,0
9787.0,100987.75,28.115535,0
9788.0,100987.75,28.115535,0
9789.0,100983.75,28.449459,0
9790.0,100975.75,29.11734,0
9791.0,100965.0,30.014871,0
9792.0,100954.5,30.891605,0
9793.0,100945.5,31.643149,0
9794.0,100939.5,32.144209,0
9795.0,100934.75,32.540899,0
9796.0,100931.0,32.854085,0
9797.0,100928.25,33.083761,0
9798.0,100926.5,33.229922,0
9799.0,100925.25,33.334323,0
9800.0,100923.25,33.501368,0
9801.0,100921.5,33.647534,0
9802.0,100920.25,33.751939,0
9803.0,100920.75,33.710177,0
9804.0,100920.0,33.77282,0
9805.0,100920.25,33.751939,0
9806.0,100919.5,33.814583,0
9807.0,100916.75,34.04428,0
9808.0,100909.75,34.628987,0
9809.0,100899.0,35.526994,0
9810.0,100886.0,36.61306,0
9811.0,100872.5,37.741017,0
9812.0,100857.25,39.015338,0
9813.0,100839.75,40.477865,0
9814.0,100822.0,41.961496,0
9815.0,100804.0,43.466239,0
9816.0,100785.0,45.054815,0
9817.0,100768.0,46.476377,0
9818.0,100753.5,47.68904,0
9819.0,100741.5,48.69273,0
9820.0,100732.0,49.487387,0
9821.0,100725.75,50.01022,0
9822.0,100721.0,50.407591,0
9823.0,100717.25,50.721316,0
9824.0,100715.0,50.909556,0
9825.0,100713.0,51.076882,0
9826.0,100712.25,51.13963,0
9827.0,100711.0,51.244212,0
9828.0,100711.0,51.244212,0
9829.0,100709.5,51.36971,0
9830.0,100707.5,51.537045,0
9831.0,100706.0,51.662547,0
9832.0,100706.0,51.662547,0
9833.0,100709.0,51.411544,0
9834.0,100716.5,50.784062,0
9835.0,100726.5,49.947479,0
9836.0,100739.75,48.83911,0
9837.0,100753.75,47.668131,0
9838.0,100770.75,46.246406,0
9839.0,100789.25,44.699454,0
9840.0,100806.5,43.257234,0
9841.0,100826.0,41.627138,0
9842.0,100846.25,39.934617,0
9843.0,100866.75,38.22148,0
9844.0,100887.25,36.508625,0
9845.0,100907.75,34.796053,0
9846.0,100928.25,33.083761,0
9847.0,100949.25,31.329999,0
9848.0,100967.0,29.847883,0
9849.0,100981.25,28.658167,0
9850.0,100985.0,28.345107,1
9851.0,100988.75,28.032056,1
9852.0,100992.5,27.719014,1
9853.0,100996.25,27.405982,1
9854.0,101000.0,27.092959,1
9855.0,101003.75,26.779946,1
9856.0,101007.5,26.466942,1
9857.0,101011.25,26.153948,1
9858.0,101015.0,25.840962,1
9859.0,101018.75,25.527987,1
9860.0,101022.5,25.21502,0
9861.0,101021.75,25.277613,0
9862.0,101022.25,25.235884,0
9863.0,101021.5,25.298477,0
9864.0,101016.25,25.736636,0
9865.0,101009.25,26.320877,0
9866.0,100999.25,27.155563,0
9867.0,100987.5,28.136405,0
9868.0,100972.75,29.367806,0
9869.0,100957.0,30.682852,0
9870.0,100939.5,32.144209,0
9871.0,100920.0,33.77282,0
9872.0,100903.75,35.130191,0
9873.0,100885.5,36.654834,0
9874.0,100869.0,38.03347,0
9875.0,100855.5,39.161581,0
9876.0,100845.75,39.976404,0
9877.0,100837.25,40.686814,0
9878.0,100830.5,41.250998,0
9879.0,100826.25,41.606241,0
9880.0,100823.5,41.83611,0
9881.0,100819.25,42.191373,0
9882.0,100819.0,42.212271,0
9883.0,100819.25,42.191373,0
9884.0,100819.0,42.212271,0
9885.0,100818.75,42.233169,0
9886.0,100818.0,42.295864,0
9887.0,100817.0,42.379458,0
9888.0,100816.5,42.421255,0
9889.0,100817.75,42.316763,0
9890.0,100821.5,42.003291,0
9891.0,100828.5,41.41817,0
9892.0,100840.25,40.436076,0
9893.0,100851.5,39.49586,0
9894.0,100859.5,38.827313,0
9895.0,100866.5,38.24237,0
9896.0,100871.5,37.824574,0
9897.0,100874.5,37.573904,0
9898.0,100876.5,37.406795,0
9899.0,100878.75,37.218799,0
9900.0,100880.25,37.093471,0
9901.0,100880.25,37.093471,0
9902.0,100881.75,36.968144,0
9903.0,100882.25,36.926369,0
9904.0,100883.25,36.842819,0
9905.0,100882.5,36.905481,0
9906.0,100882.0,36.947256,0
9907.0,100882.25,36.926369,0
9908.0,100884.75,36.717495,0
9909.0,100889.75,36.29976,0
9910.0,100899.25,35.50611,0
9911.0,100910.25,34.587222,0
9912.0,100921.0,33.689296,0
9913.0,100929.0,33.021122,0
9914.0,100935.5,32.478263,0
9915.0,100939.5,32.144209,0
9916.0,100943.75,31.789289,0
9917.0,100946.75,31.538765,0
9918.0,100948.5,31.392628,0
9919.0,100949.75,31.288246,0
9920.0,100950.75,31.204742,0
9921.0,100951.75,31.121238,0
9922.0,100952.25,31.079486,0
9923.0,100953.0,31.016858,0
9924.0,100953.25,30.995983,0
9925.0,100952.75,31.037734,0
9926.0,100952.25,31.079486,0
9927.0,100953.75,30.954231,0
9928.0,100958.0,30.599352,0
9929.0,100966.0,29.931377,0
9930.0,100976.5,29.054724,0
9931.0,100986.25,28.240756,0
9932.0,100994.25,27.572931,0
9933.0,101001.0,27.009488,0
9934.0,101006.25,26.571276,0
9935.0,101009.75,26.279144,0
9936.0,101011.5,26.133082,0
9937.0,101013.5,25.966155,0
9938.0,101015.25,25.820097,0
9939.0,101017.25,25.653176,0
9940.0,101018.25,25.569716,0
9941.0,101018.75,25.527987,0
9942.0,101019.25,25.486257,0
9943.0,101020.25,25.402799,0
9944.0,101020.0,25.423664,0
9945.0,101018.0,25.590581,0
9946.0,101012.25,26.070484,0
9947.0,101004.0,26.759079,0
9948.0,100992.75,27.698145,0
9949.0,100978.5,28.887751,0
9950.0,100963.25,30.160988,0
9951.0,100946.75,31.538765,0
9952.0,100931.25,32.833206,0
9953.0,100918.75,33.877227,0
9954.0,100909.0,34.691637,0
9955.0,100900.5,35.401686,0
9956.0,100895.0,35.861156,0
9957.0,100891.5,36.153557,0
9958.0,100888.25,36.425079,0
9959.0,100886.25,36.592173,0
9960.0,100884.5,36.738382,0
9961.0,100882.75,36.884594,0
9962.0,100881.75,36.968144,0
9963.0,100881.5,36.989032,0
9964.0,100882.0,36.947256,0
9965.0,100882.25,36.926369,0
9966.0,100881.0,37.030807,0
9967.0,100880.25,37.093471,0
9968.0,100881.0,37.030807,0
9969.0,100883.5,36.821931,0
9970.0,100891.25,36.174443,0
9971.0,100901.25,35.339033,0
9972.0,100915.5,34.14869,0
9973.0,100931.75,32.791447,0
9974.0,100948.25,31.413505,0
9975.0,100964.0,30.098366,0
9976.0,100977.5,28.971237,0
9977.0,100988.5,28.052926,0
9978.0,100996.0,27.426851,0
9979.0,101003.25,26.821681,0
9980.0,101006.75,26.529542,0
9981.0,101009.5,26.30001,0
9982.0,101013.0,26.007887,0
9983.0,101014.75,25.861828,0
9984.0,101016.75,25.694906,0
9985.0,101017.0,25.674041,0
9986.0,101018.0,25.590581,0
9987.0,101018.5,25.548851,0
9988.0,101019.0,25.507122,0
9989.0,101019.5,25.465393,0
9990.0,101019.75,25.444528,0
9991.0,101019.25,25.486257,0
9992.0,101019.0,25.507122,0
9993.0,101019.5,25.465393,0
9994.0,101018.25,25.569716,0
9995.0,101018.25,25.569716,0
9996.0,101017.75,25.611446,0
9997.0,101017.75,25.611446,0
9998.0,101018.0,25.590581,0
9999.0,101017.5,25.632311,0
10000.0,101017.0,25.674041,0
10001.0,101016.5,25.715771,0
10002.0,101016.75,25.694906,0
10003.0,101016.5,25.715771,0
10004.0,101016.75,25.694906,0
10005.0,101017.0,25.674041,0
10006.0,101015.75,25.778366,0
10007.0,101015.5,25.799232,0
10008.0,101015.0,25.840962,0
10009.0,101015.0,25.840962,0
10010.0,101014.5,25.882693,0
10011.0,101014.25,25.903559,0
10012.0,101014.25,25.903559,0
10013.0,101014.75,25.861828,0
10014.0,101015.25,25.820097,0
10015.0,101014.0,25.924424,0
10016.0,101014.0,25.924424,0
10017.0,101013.75,25.94529,0
10018.0,101013.0,26.007887,0
10019.0,101013.5,25.966155,0
10020.0,101012.25,26.070484,0
10021.0,101010.75,26.19568,0
10022.0,101011.25,26.153948,0
10023.0,101012.0,26.09135,0
10024.0,101013.0,26.007887,0
10025.0,101013.0,26.007887,0
10026.0,101013.75,25.94529,0
10027.0,101014.5,25.882693,0
10028.0,101014.75,25.861828,0
10029.0,101014.75,25.861828,0
10030.0,101014.5227,25.880796,1
10031.0,101014.2955,25.899765,1
10032.0,101014.0682,25.918734,1
10033.0,101013.8409,25.937702,1
10034.0,101013.6136,25.956671,1
10035.0,101013.3864,25.97564,1
10036.0,101013.1591,25.994608,1
10037.0,101012.9318,26.013577,1
10038.0,101012.7045,26.032546,1
10039.0,101012.4773,26.051515,1
10040.0,101012.25,26.070484,0
10041.0,101012.5,26.049618,0
10042.0,101012.0,26.09135,0
10043.0,101011.75,26.112216,0
10044.0,101012.75,26.028752,0
10045.0,101010.75,26.19568,0
10046.0,101004.5,26.717344,0
10047.0,100994.0,27.5938,0
10048.0,100982.75,28.532942,0
10049.0,100972.75,29.367806,0
10050.0,100964.25,30.077493,0
10051.0,100957.25,30.661977,0
10052.0,100953.0,31.016858,0
10053.0,100950.0,31.26737,0
10054.0,100947.25,31.497011,0
10055.0,100946.5,31.559642,0
10056.0,100945.75,31.622272,0
10057.0,100945.75,31.622272,0
10058.0,100944.75,31.70578,0
10059.0,100945.0,31.684903,0
10060.0,100943.5,31.810167,0
10061.0,100941.5,31.977187,0
10062.0,100941.0,32.018942,0
10063.0,100941.0,32.018942,0
10064.0,100941.5,31.977187,0
10065.0,100942.25,31.914554,0
10066.0,100942.25,31.914554,0
10067.0,100942.5,31.893676,0
10068.0,100942.25,31.914554,0
10069.0,100941.0,32.018942,0
10070.0,100940.25,32.081575,0
10071.0,100937.0,32.352991,0
10072.0,100930.25,32.916724,0
10073.0,100918.0,33.939872,0
10074.0,100906.0,34.942237,0
10075.0,100892.0,36.111785,0
10076.0,100876.75,37.385906,0
10077.0,100859.25,38.848205,0
10078.0,100844.75,40.059979,0
10079.0,100832.75,41.062934,0
10080.0,100823.25,41.857008,0
10081.0,100816.0,42.463053,0
10082.0,100810.0,42.964634,0
10083.0,100806.0,43.299034,0
10084.0,100803.25,43.528941,0
10085.0,100800.0,43.800656,0
10086.0,100799.0,43.884262,0
10087.0,100798.5,43.926065,0
10088.0,100797.75,43.98877,0
10089.0,100797.0,44.051475,0
10090.0,100796.0,44.135083,0
10091.0,100794.0,44.302301,0
10092.0,100794.0,44.302301,0
10093.0,100794.0,44.302301,0
10094.0,100798.25,43.946966,0
10095.0,100808.0,43.131833,0
10096.0,100819.75,42.149577,0
10097.0,100835.25,40.853977,0
10098.0,100851.0,39.537645,0
10099.0,100869.25,38.01258,0
10100.0,100887.75,36.466852,0
10101.0,100906.0,34.942237,0
10102.0,100925.0,33.355204,0
10103.0,100944.0,31.768412,0
10104.0,100958.75,30.536727,0
10105.0,100970.25,29.576532,0
10106.0,100979.75,28.783394,0
10107.0,100985.5,28.303366,0
10108.0,100990.75,27.865099,0
10109.0,100995.0,27.510325,0
10110.0,100998.25,27.239035,0
10111.0,100999.25,27.155563,0
10112.0,101001.0,27.009488,0
10113.0,101002.25,26.90515,0
10114.0,101003.25,26.821681,0
10115.0,101004.5,26.717344,0
10116.0,101005.25,26.654743,0
10117.0,101006.0,26.592142,0
10118.0,101005.75,26.613009,0
10119.0,101006.25,26.571276,0
10120.0,101005.0,26.67561,0
10121.0,101000.5,27.051224,0
10122.0,100993.0,27.677276,0
10123.0,100981.5,28.637296,0
10124.0,100968.25,29.743516,0
10125.0,100954.25,30.91248,0
10126.0,100938.25,32.2486,0
10127.0,100920.75,33.710177,0
10128.0,100903.0,35.192843,0
10129.0,100886.5,36.571286,0
10130.0,100871.75,37.803685,0
10131.0,100860.0,38.78553,0
10132.0,100852.5,39.412289,0
10133.0,100846.5,39.913723,0
10134.0,100841.5,40.331603,0
10135.0,100838.5,40.582339,0
10136.0,100836.25,40.770395,0
10137.0,100834.75,40.895768,0
10138.0,100833.25,41.021142,0
10139.0,100832.5,41.08383,0
10140.0,100830.75,41.230102,0
10141.0,100829.5,41.334584,0
10142.0,100828.75,41.397273,0
10143.0,100828.75,41.397273,0
10144.0,100826.75,41.564447,0
10145.0,100820.0,42.128679,0
10146.0,100810.5,42.922834,0
10147.0,100799.5,43.842458,0
10148.0,100785.5,45.013007,0
10149.0,100771.75,46.162781,0
10150.0,100755.75,47.500859,0
10151.0,100740.25,48.797287,0
10152.0,100728.25,49.801084,0
10153.0,100718.5,50.61674,0
10154.0,100710.75,51.265128,0
10155.0,100706.75,51.599796,0
10156.0,100702.5,51.955392,0
10157.0,100699.5,52.206408,0
10158.0,100697.25,52.394674,0
10159.0,100695.5,52.541106,0
10160.0,100694.75,52.603863,0
10161.0,100693.0,52.750297,0
10162.0,100692.0,52.833975,0
10163.0,100691.25,52.896734,0
10164.0,100690.75,52.938573,0
10165.0,100690.25,52.980413,0
10166.0,100690.25,52.980413,0
10167.0,100690.0,53.001333,0
10168.0,100689.5,53.043173,0
10169.0,100689.25,53.064093,0
10170.0,100689.25,53.064093,0
10171.0,100689.0,53.085013,0
10172.0,100689.75,53.022253,0
10173.0,100690.0,53.001333,0
10174.0,100689.0,53.085013,0
10175.0,100689.25,53.064093,0
10176.0,100689.25,53.064093,0
10177.0,100690.0,53.001333,0
10178.0,100690.0,53.001333,0
10179.0,100689.5,53.043173,0
10180.0,100689.5,53.043173,0
10181.0,100689.5,53.043173,0
10182.0,100690.0,53.001333,0
10183.0,100691.0,52.917654,0
10184.0,100691.75,52.854895,0
10185.0,100692.0,52.833975,0
10186.0,100692.0,52.833975,0
10187.0,100693.0,52.750297,0
10188.0,100693.5,52.708459,0
10189.0,100693.25,52.729378,0
10190.0,100692.0,52.833975,0
10191.0,100691.5,52.875814,0
10192.0,100691.0,52.917654,0
10193.0,100691.5,52.875814,0
10194.0,100691.5,52.875814,0
10195.0,100691.75,52.854895,0
10196.0,100692.0,52.833975,0
10197.0,100691.25,52.896734,0
10198.0,100691.25,52.896734,0
10199.0,100691.5,52.875814,0
10200.0,100691.5,52.875814,0
10201.0,100691.75,52.854895,0
10202.0,100692.25,52.813056,0
10203.0,100692.25,52.813056,0
10204.0,100691.5,52.875814,0
10205.0,100691.75,52.854895,0
10206.0,100692.25,52.813056,0
10207.0,100692.5,52.792136,0
10208.0,100692.5,52.792136,0
10209.0,100692.75,52.771217,0
10210.0,100692.5,52.792136,0
10211.0,100691.0,52.917654,0
10212.0,100690.75,52.938573,0
10213.0,100690.75,52.938573,0
10214.0,100691.0,52.917654,0
10215.0,100691.0,52.917654,0
10216.0,100690.75,52.938573,0
10217.0,100691.25,52.896734,0
10218.0,100692.25,52.813056,0
10219.0,100693.0,52.750297,0
10220.0,100692.5,52.792136,0
10221.0,100691.5,52.875814,0
10222.0,100693.0,52.750297,0
10223.0,100694.0,52.66662,0
10224.0,100693.5,52.708459,0
10225.0,100692.75,52.771217,0
10226.0,100692.75,52.771217,0
10227.0,100692.0,52.833975,0
10228.0,100693.0,52.750297,0
10229.0,100693.0,52.750297,0
10230.0,100692.5,52.792136,0
10231.0,100691.5,52.875814,0
10232.0,100691.25,52.896734,0
10233.0,100692.5,52.792136,0
10234.0,100692.75,52.771217,0
10235.0,100693.75,52.68754,0
10236.0,100697.5,52.373756,0
10237.0,100705.5,51.704381,0
10238.0,100715.75,50.846809,0
10239.0,100728.75,49.759257,0
10240.0,100742.0,48.650908,0
10241.0,100758.5,47.270865,0
10242.0,100776.5,45.765572,0
10243.0,100795.0,44.218692,0
10244.0,100811.75,42.818337,0
10245.0,100825.25,41.689829,0
10246.0,100835.25,40.853977,0
10247.0,100843.0,40.206237,0
10248.0,100848.75,39.725682,0
10249.0,100853.75,39.307827,0
10250.0,100856.5,39.078013,0
10251.0,100860.25,38.764639,0
10252.0,100862.0,38.618401,0
10253.0,100863.25,38.513947,0
10254.0,100864.0,38.451275,0
10255.0,100866.75,38.22148,0
10256.0,100866.5,38.24237,0
10257.0,100867.5,38.15881,0
10258.0,100867.75,38.13792,0
10259.0,100864.75,38.388603,0
10260.0,100857.5,38.994446,0
10261.0,100847.75,39.809256,0
10262.0,100837.25,40.686814,0
10263.0,100828.5,41.41817,0
10264.0,100821.0,42.045087,0
10265.0,100815.25,42.525749,0
10266.0,100810.25,42.943734,0
10267.0,100807.25,43.194533,0
10268.0,100805.0,43.382636,0
10269.0,100803.5,43.50804,0
10270.0,100801.75,43.654347,0
10271.0,100798.75,43.905163,0
10272.0,100798.25,43.946966,0
10273.0,100797.5,44.009672,0
10274.0,100797.5,44.009672,0
10275.0,100797.75,43.98877,0
10276.0,100797.25,44.030573,0
10277.0,100796.75,44.072377,0
10278.0,100795.25,44.19779,0
10279.0,100794.75,44.239594,0
10280.0,100794.75,44.239594,0
10281.0,100793.5,44.344106,0
10282.0,100793.75,44.323203,0
10283.0,100793.75,44.323203,0
10284.0,100798.25,43.946966,0
10285.0,100808.0,43.131833,0
10286.0,100819.25,42.191373,0
10287.0,100835.25,40.853977,0
10288.0,100851.0,39.537645,0
10289.0,100864.25,38.430384,0
10290.0,100873.0,37.699238,0
10291.0,100879.75,37.135247,0
10292.0,100885.25,36.675721,0
10293.0,100890.25,36.257987,0
10294.0,100895.5,35.819385,0
10295.0,100897.5,35.652304,0
10296.0,100899.25,35.50611,0
10297.0,100901.5,35.318149,0
10298.0,100901.5,35.318149,0
10299.0,100902.0,35.27638,0
10300.0,100902.25,35.255496,0
10301.0,100902.0,35.27638,0
10302.0,100901.5,35.318149,0
10303.0,100901.5,35.318149,0
10304.0,100901.0,35.359917,0
10305.0,100900.75,35.380802,0
10306.0,100900.0,35.443456,0
10307.0,100901.25,35.339033,0
10308.0,100906.0,34.942237,0
10309.0,100915.75,34.127808,0
10310.0,100926.75,33.209042,0
10311.0,100940.0,32.102453,0
10312.0,100954.5,30.891605,0
10313.0,100967.25,29.827009,0
10314.0,100977.25,28.992109,0
10315.0,100984.75,28.365977,0
10316.0,100990.75,27.865099,0
10317.0,100994.75,27.531194,0
10318.0,100997.75,27.280772,0
10319.0,100999.25,27.155563,0
10320.0,101001.5,26.967753,0
10321.0,101003.0,26.842548,0
10322.0,101005.75,26.613009,0
10323.0,101006.5,26.550409,0
10324.0,101006.5,26.550409,0
10325.0,101007.75,26.446075,0
10326.0,101008.5,26.383476,0
10327.0,101008.75,26.362609,0
10328.0,101009.25,26.320877,0
10329.0,101010.0,26.258278,0
10330.0,101009.0,26.341743,0
10331.0,101008.5,26.383476,0
10332.0,101008.5,26.383476,0
10333.0,101008.0,26.425209,0
10334.0,101008.0,26.425209,0
10335.0,101007.75,26.446075,0
10336.0,101007.0,26.508675,0
10337.0,101007.5,26.466942,0
10338.0,101007.75,26.446075,0
10339.0,101008.5,26.383476,0
10340.0,101008.25,26.404342,0
10341.0,101007.75,26.446075,0
10342.0,101007.5,26.466942,0
10343.0,101007.75,26.446075,0
10344.0,101007.25,26.487809,0
10345.0,101007.5,26.466942,0
10346.0,101007.5,26.466942,0
10347.0,101007.75,26.446075,0
10348.0,101007.5,26.466942,0
10349.0,101008.0,26.425209,0
10350.0,101007.25,26.487809,0
10351.0,101006.25,26.571276,0
10352.0,101006.25,26.571276,0
10353.0,101006.75,26.529542,0
10354.0,101007.0,26.508675,0
10355.0,101006.75,26.529542,0
10356.0,101007.0,26.508675,0
10357.0,101007.0,26.508675,0
10358.0,101007.0,26.508675,0
10359.0,101006.75,26.529542,0
10360.0,101007.5,26.466942,0
10361.0,101007.0,26.508675,0
10362.0,101006.75,26.529542,0
10363.0,101007.5,26.466942,0
10364.0,101007.25,26.487809,0
10365.0,101008.5,26.383476,0
10366.0,101009.25,26.320877,0
10367.0,101009.25,26.320877,0
10368.0,101009.75,26.279144,0
10369.0,101011.0,26.174814,0
10370.0,101010.75,26.19568,0
10371.0,101010.0,26.258278,0
10372.0,101009.5,26.30001,0
10373.0,101009.5,26.30001,0
10374.0,101009.75,26.279144,0
10375.0,101010.5,26.216546,0
10376.0,101010.0,26.258278,0
10377.0,101010.0,26.258278,0
10378.0,101010.0,26.258278,0
10379.0,101010.5,26.216546,0
10380.0,101010.25,26.237412,0
10381.0,101009.5,26.30001,0
10382.0,101009.5,26.30001,0
10383.0,101009.0,26.341743,0
10384.0,101008.5,26.383476,0
10385.0,101009.25,26.320877,0
10386.0,101009.25,26.320877,0
10387.0,101008.5,26.383476,0
10388.0,101007.5,26.466942,0
10389.0,101008.0,26.425209,0
10390.0,101008.25,26.404342,0
10391.0,101008.25,26.404342,0
10392.0,101007.5,26.466942,0
10393.0,101004.5,26.717344,0
10394.0,100998.0,27.259904,0
10395.0,100987.5,28.136405,0
10396.0,100976.0,29.096468,0
10397.0,100962.0,30.265359,0
10398.0,100950.25,31.246494,0
10399.0,100939.25,32.165087,0
10400.0,100930.5,32.895844,0
10401.0,100924.0,33.438726,0
10402.0,100919.75,33.793702,0
10403.0,100916.0,34.106926,0
10404.0,100913.5,34.315747,0
10405.0,100912.0,34.441042,0
10406.0,100910.5,34.566339,0
10407.0,100908.75,34.71252,0
10408.0,100907.75,34.796053,0
10409.0,100907.75,34.796053,0
10410.0,100906.25,34.921353,0
10411.0,100904.75,35.046655,0
10412.0,100905.0,35.025772,0
10413.0,100903.75,35.130191,0
10414.0,100904.75,35.046655,0
10415.0,100906.0,34.942237,0
10416.0,100905.75,34.96312,0
10417.0,100905.25,35.004888,0
10418.0,100905.25,35.004888,0
10419.0,100905.5,34.984004,0
10420.0,100903.5,35.151075,0
10421.0,100902.0,35.27638,0
10422.0,100901.75,35.297264,0
10423.0,100901.0,35.359917,0
10424.0,100897.25,35.673189,0
10425.0,100888.5,36.404192,0
10426.0,100877.25,37.344129,0
10427.0,100867.0,38.20059,0
10428.0,100858.0,38.952662,0
10429.0,100851.0,39.537645,0
10430.0,100846.0,39.95551,0
10431.0,100841.75,40.310709,0
10432.0,100839.25,40.519655,0
10433.0,100837.75,40.645024,0
10434.0,100837.5,40.665919,0
10435.0,100837.75,40.645024,0
10436.0,100837.0,40.70771,0
10437.0,100835.5,40.833081,0
10438.0,100835.0,40.874872,0
10439.0,100834.75,40.895768,0
10440.0,100833.75,40.97935,0
10441.0,100833.25,41.021142,0
10442.0,100833.5,41.000246,0
10443.0,100833.25,41.021142,0
10444.0,100832.75,41.062934,0
10445.0,100833.75,40.97935,0
10446.0,100833.75,40.97935,0
10447.0,100833.75,40.97935,0
10448.0,100833.5,41.000246,0
10449.0,100833.5,41.000246,0
10450.0,100833.0,41.042038,0
10451.0,100833.0,41.042038,0
10452.0,100833.5,41.000246,0
10453.0,100834.25,40.937559,0
10454.0,100834.5,40.916663,0
10455.0,100834.25,40.937559,0
10456.0,100834.5,40.916663,0
10457.0,100834.75,40.895768,0
10458.0,100834.5,40.916663,0
10459.0,100835.25,40.853977,0
10460.0,100835.0,40.874872,0
10461.0,100834.5,40.916663,0
10462.0,100834.5,40.916663,0
10463.0,100835.25,40.853977,0
10464.0,100835.25,40.853977,0
10465.0,100835.0,40.874872,0
10466.0,100835.25,40.853977,0
10467.0,100834.75,40.895768,0
10468.0,100835.0,40.874872,0
10469.0,100834.75,40.895768,0
10470.0,100833.5,41.000246,0
10471.0,100833.0,41.042038,0
10472.0,100832.75,41.062934,0
10473.0,100832.5,41.08383,0
10474.0,100833.0,41.042038,0
10475.0,100832.75,41.062934,0
10476.0,100832.25,41.104725,0
10477.0,100833.0,41.042038,0
10478.0,100833.5,41.000246,0
10479.0,100833.25,41.021142,0
10480.0,100833.0,41.042038,0
10481.0,100832.25,41.104725,0
10482.0,100833.25,41.021142,0
10483.0,100833.0,41.042038,0
10484.0,100832.75,41.062934,0
10485.0,100832.25,41.104725,0
10486.0,100832.75,41.062934,0
10487.0,100833.75,40.97935,0
10488.0,100834.0,40.958455,0
10489.0,100833.75,40.97935,0
10490.0,100844.2727,40.099867,1
10491.0,100854.7955,39.220459,1
10492.0,100865.3182,38.341125,1
10493.0,100875.8409,37.461865,1
10494.0,100886.3636,36.582679,1
10495.0,100896.8864,35.703567,1
10496.0,100907.4091,34.82453,1
10497.0,100917.9318,33.945567,1
10498.0,100928.4545,33.066678,1
10499.0,100938.9773,32.187863,1
10500.0,100949.5,31.309123,0
10501.0,100964.0,30.098366,0
10502.0,100976.0,29.096468,0
10503.0,100983.75,28.449459,0
10504.0,100990.5,27.885969,0
10505.0,100995.25,27.489456,0
10506.0,100998.5,27.218167,0
10507.0,101000.5,27.051224,0
10508.0,101002.0,26.926018,0
10509.0,101003.75,26.779946,0
10510.0,101005.0,26.67561,0
10511.0,101006.0,26.592142,0
10512.0,101007.25,26.487809,0
10513.0,101008.0,26.425209,0
10514.0,101008.0,26.425209,0
10515.0,101004.25,26.738212,0
10516.0,100997.0,27.343377,0
10517.0,100986.25,28.240756,0
10518.0,100974.0,29.263444,0
10519.0,100960.25,30.41148,0
10520.0,100952.6532,31.045815,1
10521.0,100945.0565,31.680189,1
10522.0,100937.4597,32.314602,1
10523.0,100929.8629,32.949053,1
10524.0,100922.2661,33.583544,1
10525.0,100914.6694,34.218072,1
10526.0,100907.0726,34.85264,1
10527.0,100899.4758,35.487246,1
10528.0,100891.879,36.121891,1
10529.0,100884.2823,36.756574,1
10530.0,100876.6855,37.391297,1
10531.0,100869.0887,38.026058,1
10532.0,100861.4919,38.660857,1
10533.0,100853.8952,39.295696,1
10534.0,100846.2984,39.930573,1
10535.0,100838.7016,40.565488,1
10536.0,100831.1048,41.200443,1
10537.0,100823.5081,41.835436,1
10538.0,100815.9113,42.470468,1
10539.0,100808.3145,43.105539,1
10540.0,100800.7177,43.740649,1
10541.0,100793.121,44.375797,1
10542.0,100785.5242,45.010984,1
10543.0,100777.9274,45.64621,1
10544.0,100770.3306,46.281474,1
10545.0,100762.7339,46.916778,1
10546.0,100755.1371,47.55212,1
10547.0,100747.5403,48.187501,1
10548.0,100739.9435,48.82292,1
10549.0,100732.3468,49.458379,1
10550.0,100724.75,50.093876,0
10551.0,100738.0,48.985492,0
10552.0,100751.5,47.856315,0
10553.0,100763.0,46.894521,0
10554.0,100771.75,46.162781,0
10555.0,100779.0,45.55652,0
10556.0,100784.5,45.096622,0
10557.0,100788.0,44.803971,0
10558.0,100790.0,44.636745,0
10559.0,100791.75,44.490424,0
10560.0,100793.5,44.344106,0
10561.0,100795.25,44.19779,0
10562.0,100797.75,43.98877,0
10563.0,100798.5,43.926065,0
10564.0,100798.75,43.905163,0
10565.0,100799.5,43.842458,0
10566.0,100799.25,43.86336,0
10567.0,100800.0,43.800656,0
10568.0,100800.25,43.779754,0
10569.0,100800.5,43.758853,0
10570.0,100800.75,43.737952,0
10571.0,100800.75,43.737952,0
10572.0,100801.0,43.71705,0
10573.0,100801.25,43.696149,0
10574.0,100801.5,43.675248,0
10575.0,100802.5,43.591644,0
10576.0,100803.0,43.549842,0
10577.0,100804.0,43.466239,0
10578.0,100804.25,43.445338,0
10579.0,100804.25,43.445338,0
10580.0,100803.75,43.487139,0
10581.0,100803.0,43.549842,0
10582.0,100802.5,43.591644,0
10583.0,100802.25,43.612545,0
10584.0,100802.0,43.633446,0
10585.0,100799.5,43.842458,0
10586.0,100794.75,44.239594,0
10587.0,100785.25,45.033911,0
10588.0,100775.75,45.828288,0
10589.0,100766.0,46.643633,0
10590.0,100758.25,47.291773,0
10591.0,100752.5,47.772678,0
10592.0,100747.25,48.211784,0
10593.0,100743.75,48.504531,0
10594.0,100742.5,48.609086,0
10595.0,100740.25,48.797287,0
10596.0,100737.5,49.027315,0
10597.0,100737.25,49.048227,0
10598.0,100736.25,49.131875,0
10599.0,100736.75,49.090051,0
10600.0,100736.0,49.152787,0
10601.0,100735.5,49.194612,0
10602.0,100735.5,49.194612,0
10603.0,100735.25,49.215524,0
10604.0,100734.75,49.257349,0
10605.0,100736.0,49.152787,0
10606.0,100741.5,48.69273,0
10607.0,100749.75,48.002683,0
10608.0,100763.0,46.894521,0
10609.0,100777.75,45.661046,0
10610.0,100794.25,44.281399,0
10611.0,100810.5,42.922834,0
10612.0,100829.0,41.376377,0
10613.0,100848.0,39.788362,0
10614.0,100867.0,38.20059,0
10615.0,100886.5,36.571286,0
10616.0,100905.25,35.004888,0
10617.0,100924.75,33.376084,0
10618.0,100944.25,31.747535,0
10619.0,100960.75,30.369731,0
10620.0,100974.75,29.200828,0
10621.0,100984.75,28.365977,0
10622.0,100992.5,27.719014,0
10623.0,100997.5,27.30164,0
10624.0,101001.75,26.946885,0
10625.0,101005.25,26.654743,0
10626.0,101008.5,26.383476,0
10627.0,101010.5,26.216546,0
10628.0,101012.0,26.09135,0
10629.0,101012.75,26.028752,0
10630.0,101013.5,25.966155,0
10631.0,101013.75,25.94529,0
10632.0,101015.5,25.799232,0
10633.0,101016.25,25.736636,0
10634.0,101016.75,25.694906,0
10635.0,101016.75,25.694906,0
10636.0,101011.75,26.112216,0
10637.0,101003.25,26.821681,0
10638.0,100992.25,27.739883,0
10639.0,100979.5,28.804265,0
10640.0,100965.1818,29.99969,1
10641.0,100950.8636,31.195253,1
10642.0,100936.5455,32.390952,1
10643.0,100922.2273,33.586789,1
10644.0,100907.9091,34.782763,1
10645.0,100893.5909,35.978875,1
10646.0,100879.2727,37.175124,1
10647.0,100864.9545,38.371511,1
10648.0,100850.6364,39.568035,1
10649.0,100836.3182,40.764697,1
10650.0,100822.0,41.961496,0
10651.0,100817.0,42.379458,0
10652.0,100814.0,42.630244,0
10653.0,100811.75,42.818337,0
10654.0,100810.0,42.964634,0
10655.0,100808.0,43.131833,0
10656.0,100807.5,43.173633,0
10657.0,100806.25,43.278134,0
10658.0,100805.5,43.340835,0
10659.0,100805.5,43.340835,0
10660.0,100805.5,43.340835,0
10661.0,100806.5,43.257234,0
10662.0,100810.25,42.943734,0
10663.0,100820.0,42.128679,0
10664.0,100831.0,41.209206,0
10665.0,100845.5,39.997298,0
10666.0,100859.75,38.806422,0
10667.0,100874.0,37.615682,0
10668.0,100883.5,36.821931,0
10669.0,100890.75,36.216215,0
10670.0,100896.0,35.777615,0
10671.0,100900.25,35.422571,0
10672.0,100904.5,35.067539,0
10673.0,100907.25,34.837819,0
10674.0,100910.25,34.587222,0
10675.0,100911.5,34.482808,0
10676.0,100912.75,34.378395,0
10677.0,100912.75,34.378395,0
10678.0,100913.0,34.357512,0
10679.0,100912.25,34.42016,0
10680.0,100911.0,34.524573,0
10681.0,100910.25,34.587222,0
10682.0,100913.0,34.357512,0
10683.0,100919.25,33.835464,0
10684.0,100929.5,32.979363,0
10685.0,100942.75,31.872799,0
10686.0,100956.5,30.724602,0
10687.0,100970.75,29.534787,0
10688.0,100982.5,28.553813,0
10689.0,100991.75,27.781622,0
10690.0,100999.0,27.176431,0
10691.0,101003.75,26.779946,0
10692.0,101007.25,26.487809,0
10693.0,101010.5,26.216546,0
10694.0,101012.75,26.028752,0
10695.0,101014.0,25.924424,0
10696.0,101014.5,25.882693,0
10697.0,101015.0,25.840962,0
10698.0,101015.75,25.778366,0
10699.0,101017.0,25.674041,0
10700.0,101017.75,25.611446,0
10701.0,101017.75,25.611446,0
10702.0,101013.75,25.94529,0
10703.0,101006.25,26.571276,0
10704.0,100995.25,27.489456,0
10705.0,100982.75,28.532942,0
10706.0,100968.25,29.743516,0
10707.0,100953.0,31.016858,0
10708.0,100936.25,32.415627,0
10709.0,100917.75,33.960753,0
10710.0,100900.0,35.443456,0
10711.0,100881.75,36.968144,0
10712.0,100864.25,38.430384,0
10713.0,100849.25,39.683896,0
10714.0,100839.5,40.49876,0
10715.0,100831.5,41.167414,0
10716.0,100825.0,41.710726,0
10717.0,100820.5,42.086883,0
10718.0,100816.5,42.421255,0
10719.0,100815.0,42.546648,0
10720.0,100812.25,42.776538,0
10721.0,100811.75,42.818337,0
10722.0,100810.5,42.922834,0
10723.0,100809.5,43.006433,0
10724.0,100809.0,43.048233,0
10725.0,100809.25,43.027333,0
10726.0,100808.75,43.069133,0
10727.0,100808.75,43.069133,0
10728.0,100808.5,43.090033,0
10729.0,100807.75,43.152733,0
10730.0,100806.75,43.236333,0
10731.0,100806.75,43.236333,0
10732.0,100806.75,43.236333,0
10733.0,100806.25,43.278134,0
10734.0,100806.5,43.257234,0
10735.0,100807.0,43.215433,0
10736.0,100808.0,43.131833,0
10737.0,100807.75,43.152733,0
10738.0,100808.25,43.110933,0
10739.0,100809.0,43.048233,0
10740.0,100809.5,43.006433,0
10741.0,100808.25,43.110933,0
10742.0,100807.25,43.194533,0
10743.0,100807.5,43.173633,0
10744.0,100808.25,43.110933,0
10745.0,100810.0,42.964634,0
10746.0,100809.5,43.006433,0
10747.0,100809.0,43.048233,0
10748.0,100809.5,43.006433,0
10749.0,100808.75,43.069133,0
10750.0,100808.5,43.090033,0
10751.0,100809.0,43.048233,0
10752.0,100809.25,43.027333,0
10753.0,100809.75,42.985533,0
10754.0,100810.0,42.964634,0
10755.0,100810.5,42.922834,0
10756.0,100809.75,42.985533,0
10757.0,100809.25,43.027333,0
10758.0,100809.5,43.006433,0
10759.0,100808.5,43.090033,0
10760.0,100808.0,43.131833,0
10761.0,100807.5,43.173633,0
10762.0,100807.0,43.215433,0
10763.0,100806.75,43.236333,0
10764.0,100807.0,43.215433,0
10765.0,100806.75,43.236333,0
10766.0,100807.5,43.173633,0
10767.0,100807.5,43.173633,0
10768.0,100807.5,43.173633,0
10769.0,100808.25,43.110933,0
10770.0,100807.0,43.215433,0
10771.0,100805.75,43.319935,0
10772.0,100806.25,43.278134,0
10773.0,100808.75,43.069133,0
10774.0,100816.25,42.442154,0
10775.0,100825.75,41.648035,0
10776.0,100838.75,40.561444,0
10777.0,100853.75,39.307827,0
10778.0,100870.25,37.929022,0
10779.0,100888.25,36.425079,0
10780.0,100906.0,34.942237,0
10781.0,100926.0,33.271682,0
10782.0,100944.5,31.726658,0
10783.0,100961.25,30.327982,0
10784.0,100975.5,29.138212,0
10785.0,100987.25,28.157275,0
10786.0,100996.25,27.405982,0
10787.0,101001.5,26.967753,0
10788.0,101005.25,26.654743,0
10789.0,101009.5,26.30001,0
10790.0,101011.5,26.133082,0
10791.0,101013.75,25.94529,0
10792.0,101016.0,25.757501,0
10793.0,101017.25,25.653176,0
10794.0,101018.5,25.548851,0
10795.0,101019.5,25.465393,0
10796.0,101020.75,25.36107,0
10797.0,101020.5,25.381935,0
10798.0,101020.0,25.423664,0
10799.0,101015.25,25.820097,0
10800.0,101006.75,26.529542,0
10801.0,100995.75,27.447719,0
10802.0,100983.0,28.512071,0
10803.0,100969.5,29.639151,0
10804.0,100953.5,30.975107,0
10805.0,100938.25,32.2486,0
10806.0,100925.5,33.313443,0
10807.0,100913.75,34.294865,0
10808.0,100904.25,35.088423,0
10809.0,100897.5,35.652304,0
10810.0,100894.5,35.902927,0
10811.0,100890.0,36.278874,0
10812.0,100888.25,36.425079,0
10813.0,100887.0,36.529512,0
10814.0,100885.5,36.654834,0
10815.0,100884.25,36.759269,0
10816.0,100883.5,36.821931,0
10817.0,100883.5,36.821931,0
10818.0,100883.25,36.842819,0
10819.0,100883.0,36.863706,0
10820.0,100882.5,36.905481,0
10821.0,100882.25,36.926369,0
10822.0,100882.0,36.947256,0
10823.0,100878.25,37.260576,0
10824.0,100870.25,37.929022,0
10825.0,100859.0,38.869096,0
10826.0,100846.75,39.892829,0
10827.0,100832.5,41.08383,0
10828.0,100817.0,42.379458,0
10829.0,100801.25,43.696149,0
10830.0,100787.0,44.887585,0
10831.0,100777.25,45.702856,0
10832.0,100769.75,46.330031,0
10833.0,100764.5,46.769076,0
10834.0,100760.25,47.124507,0
10835.0,100756.5,47.438133,0
10836.0,100753.75,47.668131,0
10837.0,100751.75,47.835406,0
10838.0,100750.75,47.919044,0
10839.0,100749.75,48.002683,0
10840.0,100748.75,48.086323,0
10841.0,100747.5,48.190873,0
10842.0,100746.0,48.316335,0
10843.0,100746.25,48.295425,0
10844.0,100746.0,48.316335,0
10845.0,100745.0,48.399977,0
10846.0,100744.0,48.48362,0
10847.0,100744.0,48.48362,0
10848.0,100743.5,48.525442,0
10849.0,100743.75,48.504531,0
10850.0,100744.25,48.46271,0
10851.0,100743.75,48.504531,0
10852.0,100743.25,48.546353,0
10853.0,100743.0,48.567264,0
10854.0,100742.75,48.588175,0
10855.0,100743.25,48.546353,0
10856.0,100743.0,48.567264,0
10857.0,100743.25,48.546353,0
10858.0,100744.0,48.48362,0
10859.0,100744.5,48.441799,0
10860.0,100743.25,48.546353,0
10861.0,100742.5,48.609086,0
10862.0,100743.0,48.567264,0
10863.0,100743.0,48.567264,0
10864.0,100743.5,48.525442,0
10865.0,100742.75,48.588175,0
10866.0,100743.0,48.567264,0
10867.0,100743.25,48.546353,0
10868.0,100744.25,48.46271,0
10869.0,100744.5,48.441799,0
10870.0,100744.5,48.441799,0
10871.0,100742.5,48.609086,0
10872.0,100742.75,48.588175,0
10873.0,100743.0,48.567264,0
10874.0,100743.0,48.567264,0
10875.0,100742.25,48.629997,0
10876.0,100743.25,48.546353,0
10877.0,100744.75,48.420888,0
10878.0,100745.5,48.358156,0
10879.0,100745.25,48.379067,0
10880.0,100745.25,48.379067,0
10881.0,100744.75,48.420888,0
10882.0,100745.0,48.399977,0
10883.0,100744.5,48.441799,0
10884.0,100744.75,48.420888,0
10885.0,100744.5,48.441799,0
10886.0,100744.25,48.46271,0
10887.0,100744.0,48.48362,0
10888.0,100744.0,48.48362,0
10889.0,100744.25,48.46271,0
10890.0,100744.0,48.48362,0
10891.0,100743.0,48.567264,0
10892.0,100743.25,48.546353,0
10893.0,100744.75,48.420888,0
10894.0,100745.75,48.337246,0
10895.0,100746.0,48.316335,0
10896.0,100745.25,48.379067,0
10897.0,100744.25,48.46271,0
10898.0,100744.25,48.46271,0
10899.0,100745.5,48.358156,0
10900.0,100745.75,48.337246,0
10901.0,100743.75,48.504531,0
10902.0,100743.5,48.525442,0
10903.0,100743.25,48.546353,0
10904.0,100742.25,48.629997,0
10905.0,100742.0,48.650908,0
10906.0,100743.25,48.546353,0
10907.0,100742.75,48.588175,0
10908.0,100741.5,48.69273,0
10909.0,100741.5,48.69273,0
10910.0,100741.0,48.734553,0
10911.0,100741.0,48.734553,0
10912.0,100741.75,48.671819,0
10913.0,100741.5,48.69273,0
10914.0,100741.5,48.69273,0
10915.0,100740.75,48.755464,0
10916.0,100742.0,48.650908,0
10917.0,100742.75,48.588175,0
10918.0,100741.75,48.671819,0
10919.0,100741.0,48.734553,0
10920.0,100741.25,48.713642,0
10921.0,100740.75,48.755464,0
10922.0,100741.25,48.713642,0
10923.0,100741.5,48.69273,0
10924.0,100741.5,48.69273,0
10925.0,100742.0,48.650908,0
10926.0,100741.25,48.713642,0
10927.0,100741.25,48.713642,0
10928.0,100741.25,48.713642,0
10929.0,100741.0,48.734553,0
10930.0,100740.75,48.755464,0
10931.0,100739.5,48.860021,0
10932.0,100739.75,48.83911,0
10933.0,100739.5,48.860021,0
10934.0,100739.5,48.860021,0
10935.0,100739.5,48.860021,0
10936.0,100740.0,48.818198,0
10937.0,100740.0,48.818198,0
10938.0,100740.75,48.755464,0
10939.0,100740.75,48.755464,0
10940.0,100741.0,48.734553,0
10941.0,100739.75,48.83911,0
10942.0,100739.0,48.901845,0
10943.0,100740.0,48.818198,0
10944.0,100740.0,48.818198,0
10945.0,100740.75,48.755464,0
10946.0,100741.5,48.69273,0
10947.0,100741.25,48.713642,0
10948.0,100741.5,48.69273,0
10949.0,100742.25,48.629997,0
