t,floor,moving,confidence,n_floors,pitch,trips,stops,distance_m,drift_rate_mps,datum
0.0,1,0,1.0,1,0.0,0,0,0.0,0.0,45.452
1.0,1,0,1.0,1,0.0,0,0,0.0,0.0,45.452
2.0,1,0,1.0,1,0.0,0,0,0.0,0.0,45.452
3.0,1,0,1.0,1,0.0,0,0,0.0,0.0,45.452
4.0,1,0,1.0,1,0.0,0,0,0.0,0.0,45.452
5.0,1,1,1.0,1,0.0,0,0,0.0,0.0,45.452
6.0,1,1,1.0,1,0.0,0,0,0.0,0.0,45.452
7.0,1,1,1.0,1,0.0,0,0,0.0,0.0,45.452
8.0,1,1,1.0,1,0.0,0,0,0.0,0.0,45.452
9.0,1,1,1.0,1,0.0,0,0,0.0,0.0,45.452
10.0,1,1,1.0,1,0.0,0,0,0.0,0.0,45.452
11.0,1,1,1.0,1,0.0,0,0,0.0,0.0,45.452
12.0,1,1,1.0,1,0.0,0,0,0.0,0.0,45.452
13.0,1,1,1.0,1,0.0,0,0,0.0,0.0,45.452
14.0,1,1,1.0,1,0.0,0,0,0.0,0.0,45.452
15.0,1,1,1.0,1,0.0,0,0,0.0,0.0,45.452
16.0,1,1,1.0,1,0.0,0,0,0.0,0.0,45.452
17.0,1,1,1.0,1,0.0,0,0,0.0,0.0,45.452
18.0,1,1,1.0,1,0.0,0,0,0.0,0.0,45.452
19.0,1,1,1.0,1,0.0,0,0,0.0,0.0,45.452
20.0,1,1,1.0,1,0.0,0,0,0.0,0.0,45.452
21.0,1,1,1.0,1,0.0,0,0,0.0,0.0,45.452
22.0,1,0,1.0,1,0.0,0,0,0.0,0.0,36.55
23.0,1,0,1.0,1,0.0,0,0,0.0,0.0,36.55
24.0,1,0,1.0,1,0.0,0,0,0.0,0.0,36.55
25.0,1,0,1.0,1,0.0,0,0,0.0,0.0,36.55
26.0,1,0,1.0,1,0.0,0,0,0.0,0.0,36.53
27.0,1,0,1.0,1,0.0,0,0,0.0,0.0,36.51
28.0,1,0,1.0,1,0.0,0,0,0.0,0.0,36.49
29.0,1,0,1.0,1,0.0,0,0,0.0,0.0,36.47
30.0,1,0,1.0,1,0.0,0,0,0.0,0.0,36.45
31.0,1,0,1.0,1,0.0,0,0,0.0,0.0,36.43
32.0,1,1,1.0,1,0.0,0,0,0.0,0.0,36.43
33.0,1,1,1.0,1,0.0,0,0,0.0,0.0,36.43
34.0,1,1,1.0,1,0.0,0,0,0.0,0.0,36.43
35.0,1,1,1.0,1,0.0,0,0,0.0,0.0,36.43
36.0,1,1,1.0,1,0.0,0,0,0.0,0.0,36.43
37.0,1,1,1.0,1,0.0,0,0,0.0,0.0,36.43
38.0,1,1,1.0,1,0.0,0,0,0.0,0.0,36.43
39.0,1,1,1.0,1,0.0,0,0,0.0,0.0,36.43
40.0,1,1,1.0,1,0.0,0,0,0.0,0.0,36.43
41.0,1,1,1.0,1,0.0,0,0,0.0,0.0,36.43
42.0,1,1,1.0,1,0.0,0,0,0.0,0.0,36.43
43.0,1,1,1.0,1,0.0,0,0,0.0,0.0,36.43
44.0,1,1,1.0,1,0.0,0,0,0.0,0.0,36.43
45.0,1,1,1.0,1,0.0,0,0,0.0,0.0,36.43
46.0,1,1,1.0,1,0.0,0,0,0.0,0.0,36.43
47.0,1,1,1.0,1,0.0,0,0,0.0,0.0,36.43
48.0,1,1,1.0,1,0.0,0,0,0.0,0.0,36.43
49.0,1,1,1.0,1,0.0,0,0,0.0,0.0,36.43
50.0,1,1,1.0,1,0.0,0,0,0.0,0.0,36.43
51.0,1,1,1.0,1,0.0,0,0,0.0,0.0,36.43
52.0,1,1,1.0,1,0.0,0,0,0.0,0.0,36.43
53.0,1,0,1.0,1,0.0,0,0,0.0,0.0,50.721
54.0,1,0,1.0,1,0.0,0,0,0.0,0.0,50.741
55.0,1,0,1.0,1,0.0,0,0,0.0,0.0,50.761
56.0,1,1,1.0,1,0.0,0,0,0.0,0.0,50.761
57.0,1,1,1.0,1,0.0,0,0,0.0,0.0,50.761
58.0,1,1,1.0,1,0.0,0,0,0.0,0.0,50.761
59.0,1,1,1.0,1,0.0,0,0,0.0,0.0,50.761
60.0,1,1,1.0,1,0.0,0,0,0.0,0.0,50.761
61.0,1,1,1.0,1,0.0,0,0,0.0,0.0,50.761
62.0,1,1,1.0,1,0.0,0,0,0.0,0.0,50.761
63.0,1,1,1.0,1,0.0,0,0,0.0,0.0,50.761
64.0,1,1,1.0,1,0.0,0,0,0.0,0.0,50.761
65.0,1,1,1.0,1,0.0,0,0,0.0,0.0,50.761
66.0,1,1,1.0,1,0.0,0,0,0.0,0.0,50.761
67.0,1,1,1.0,1,0.0,0,0,0.0,0.0,50.761
68.0,1,1,1.0,1,0.0,0,0,0.0,0.0,50.761
69.0,1,1,1.0,1,0.0,0,0,0.0,0.0,50.761
70.0,1,0,1.0,1,0.0,0,0,0.0,0.0,53.42
71.0,1,0,1.0,1,0.0,0,0,0.0,0.0,53.44
72.0,1,0,1.0,1,0.0,0,0,0.0,0.0,53.46
73.0,1,0,1.0,1,0.0,0,0,0.0,0.0,53.48
74.0,1,0,1.0,1,0.0,0,0,0.0,0.0,53.5
75.0,1,0,1.0,1,0.0,0,0,0.0,0.0,53.52
76.0,1,1,1.0,1,0.0,0,0,0.0,0.0,53.52
77.0,1,1,1.0,1,0.0,0,0,0.0,0.0,53.52
78.0,1,1,1.0,1,0.0,0,0,0.0,0.0,53.52
79.0,1,1,1.0,1,0.0,0,0,0.0,0.0,53.52
80.0,1,1,1.0,1,0.0,0,0,0.0,0.0,53.52
81.0,1,1,1.0,1,0.0,0,0,0.0,0.0,53.52
82.0,1,1,1.0,1,0.0,0,0,0.0,0.0,53.52
83.0,1,1,1.0,1,0.0,0,0,0.0,0.0,53.52
84.0,1,1,1.0,1,0.0,0,0,0.0,0.0,53.52
85.0,1,1,1.0,1,0.0,0,0,0.0,0.0,53.52
86.0,1,1,1.0,1,0.0,0,0,0.0,0.0,53.52
87.0,1,0,1.0,1,0.0,0,0,0.0,0.0,56.328
88.0,1,0,1.0,1,0.0,0,0,0.0,0.0,56.348
89.0,1,0,1.0,1,0.0,0,0,0.0,0.0,56.368
90.0,1,0,1.0,1,0.0,0,0,0.0,0.0,56.388
91.0,1,1,1.0,1,0.0,0,0,0.0,0.0,56.388
92.0,1,1,1.0,1,0.0,0,0,0.0,0.0,56.388
93.0,1,1,1.0,1,0.0,0,0,0.0,0.0,56.388
94.0,1,1,1.0,1,0.0,0,0,0.0,0.0,56.388
95.0,1,1,1.0,1,0.0,0,0,0.0,0.0,56.388
96.0,1,1,1.0,1,0.0,0,0,0.0,0.0,56.388
97.0,1,1,1.0,1,0.0,0,0,0.0,0.0,56.388
98.0,1,1,1.0,1,0.0,0,0,0.0,0.0,56.388
99.0,1,1,1.0,1,0.0,0,0,0.0,0.0,56.388
100.0,1,1,1.0,1,0.0,0,0,0.0,0.0,56.388
101.0,1,1,1.0,1,0.0,0,0,0.0,0.0,56.388
102.0,1,1,1.0,1,0.0,0,0,0.0,0.0,56.388
103.0,1,1,1.0,1,0.0,0,0,0.0,0.0,56.388
104.0,1,1,1.0,1,0.0,0,0,0.0,0.0,56.388
105.0,1,1,1.0,1,0.0,0,0,0.0,0.0,56.388
106.0,1,1,1.0,1,0.0,0,0,0.0,0.0,56.388
107.0,1,1,1.0,1,0.0,0,0,0.0,0.0,56.388
108.0,1,1,1.0,1,0.0,0,0,0.0,0.0,56.388
109.0,1,1,1.0,1,0.0,0,0,0.0,0.0,56.388
110.0,1,1,1.0,1,0.0,0,0,0.0,0.0,56.388
111.0,1,0,1.0,1,0.0,0,0,0.0,0.0,62.859
112.0,1,1,1.0,1,0.0,0,0,0.0,0.0,62.859
113.0,1,1,1.0,1,0.0,0,0,0.0,0.0,62.859
114.0,1,1,1.0,1,0.0,0,0,0.0,0.0,62.859
115.0,1,1,1.0,1,0.0,0,0,0.0,0.0,62.859
116.0,1,1,1.0,1,0.0,0,0,0.0,0.0,62.859
117.0,1,1,1.0,1,0.0,0,0,0.0,0.0,62.859
118.0,1,1,1.0,1,0.0,0,0,0.0,0.0,62.859
119.0,1,1,1.0,1,0.0,0,0,0.0,0.0,62.859
120.0,1,1,1.0,1,0.0,0,0,0.0,0.0,62.859
121.0,1,1,1.0,1,0.0,0,0,0.0,0.0,62.859
122.0,1,1,1.0,1,0.0,0,0,0.0,0.0,62.859
123.0,1,1,1.0,1,0.0,0,0,0.0,0.0,62.859
124.0,1,1,1.0,1,0.0,0,0,0.0,0.0,62.859
125.0,1,1,1.0,1,0.0,0,0,0.0,0.0,62.859
126.0,1,1,1.0,1,0.0,0,0,0.0,0.0,62.859
127.0,1,1,1.0,1,0.0,0,0,0.0,0.0,62.859
128.0,1,1,1.0,1,0.0,0,0,0.0,0.0,62.859
129.0,1,1,1.0,1,0.0,0,0,0.0,0.0,62.859
130.0,1,1,1.0,1,0.0,0,0,0.0,0.0,62.859
131.0,1,1,1.0,1,0.0,0,0,0.0,0.0,62.859
132.0,1,1,1.0,1,0.0,0,0,0.0,0.0,62.859
133.0,1,1,1.0,1,0.0,0,0,0.0,0.0,62.859
134.0,1,1,1.0,1,0.0,0,0,0.0,0.0,62.859
135.0,1,1,1.0,1,0.0,0,0,0.0,0.0,62.859
136.0,1,1,1.0,1,0.0,0,0,0.0,0.0,62.859
137.0,1,1,1.0,1,0.0,0,0,0.0,0.0,62.859
138.0,1,1,1.0,1,0.0,0,0,0.0,0.0,62.859
139.0,1,1,1.0,1,0.0,0,0,0.0,0.0,62.859
140.0,1,1,1.0,1,0.0,0,0,0.0,0.0,62.859
141.0,1,1,1.0,1,0.0,0,0,0.0,0.0,62.859
142.0,1,0,1.0,1,0.0,0,0,0.0,0.0,36.655
143.0,1,0,1.0,1,0.0,0,0,0.0,0.0,36.635
144.0,1,1,1.0,1,0.0,0,0,0.0,0.0,36.635
145.0,1,0,1.0,1,0.0,0,0,0.0,0.0,36.53
146.0,1,1,1.0,1,0.0,0,0,0.0,0.0,36.53
147.0,1,1,1.0,1,0.0,0,0,0.0,0.0,36.53
148.0,1,1,1.0,1,0.0,0,0,0.0,0.0,36.53
149.0,1,1,1.0,1,0.0,0,0,0.0,0.0,36.53
150.0,1,1,1.0,1,0.0,0,0,0.0,0.0,36.53
151.0,1,1,1.0,1,0.0,0,0,0.0,0.0,36.53
152.0,1,1,1.0,1,0.0,0,0,0.0,0.0,36.53
153.0,1,1,1.0,1,0.0,0,0,0.0,0.0,36.53
154.0,1,1,1.0,1,0.0,0,0,0.0,0.0,36.53
155.0,1,1,1.0,1,0.0,0,0,0.0,0.0,36.53
156.0,1,1,1.0,1,0.0,0,0,0.0,0.0,36.53
157.0,1,1,1.0,1,0.0,0,0,0.0,0.0,36.53
158.0,1,1,1.0,1,0.0,0,0,0.0,0.0,36.53
159.0,1,1,1.0,1,0.0,0,0,0.0,0.0,36.53
160.0,1,1,1.0,1,0.0,0,0,0.0,0.0,36.53
161.0,1,0,1.0,1,0.0,0,0,0.0,0.0,39.726
162.0,1,0,1.0,1,0.0,0,0,0.0,0.0,39.746
163.0,1,0,1.0,1,0.0,0,0,0.0,0.0,39.747
164.0,1,0,1.0,1,0.0,0,0,0.0,0.0,39.767
165.0,1,0,1.0,1,0.0,0,0,0.0,0.0,39.787
166.0,1,1,1.0,1,0.0,0,0,0.0,0.0,39.787
167.0,1,1,1.0,1,0.0,0,0,0.0,0.0,39.787
168.0,1,1,1.0,1,0.0,0,0,0.0,0.0,39.787
169.0,1,1,1.0,1,0.0,0,0,0.0,0.0,39.787
170.0,1,1,1.0,1,0.0,0,0,0.0,0.0,39.787
171.0,1,1,1.0,1,0.0,0,0,0.0,0.0,39.787
172.0,1,1,1.0,1,0.0,0,0,0.0,0.0,39.787
173.0,1,1,1.0,1,0.0,0,0,0.0,0.0,39.787
174.0,1,1,1.0,1,0.0,0,0,0.0,0.0,39.787
175.0,1,1,1.0,1,0.0,0,0,0.0,0.0,39.787
176.0,1,1,1.0,1,0.0,0,0,0.0,0.0,39.787
177.0,1,1,1.0,1,0.0,0,0,0.0,0.0,39.787
178.0,1,1,1.0,1,0.0,0,0,0.0,0.0,39.787
179.0,1,1,1.0,1,0.0,0,0,0.0,0.0,39.787
180.0,1,1,1.0,1,0.0,0,0,0.0,0.0,39.787
181.0,1,1,1.0,1,0.0,0,0,0.0,0.0,39.787
182.0,1,1,1.0,1,0.0,0,0,0.0,0.0,39.787
183.0,1,1,1.0,1,0.0,0,0,0.0,0.0,39.787
184.0,1,1,1.0,1,0.0,0,0,0.0,0.0,39.787
185.0,1,0,1.0,1,0.0,0,0,0.0,0.0,50.679
186.0,1,0,1.0,1,0.0,0,0,0.0,0.0,50.699
187.0,1,0,1.0,1,0.0,0,0,0.0,0.0,50.719
188.0,1,0,1.0,1,0.0,0,0,0.0,0.0,50.739
189.0,1,0,1.0,1,0.0,0,0,0.0,0.0,50.759
190.0,1,0,1.0,1,0.0,0,0,0.0,0.0,50.779
191.0,1,1,1.0,1,0.0,0,0,0.0,0.0,50.779
192.0,1,1,1.0,1,0.0,0,0,0.0,0.0,50.779
193.0,1,1,1.0,1,0.0,0,0,0.0,0.0,50.779
194.0,1,1,1.0,1,0.0,0,0,0.0,0.0,50.779
195.0,1,1,1.0,1,0.0,0,0,0.0,0.0,50.779
196.0,1,1,1.0,1,0.0,0,0,0.0,0.0,50.779
197.0,1,1,1.0,1,0.0,0,0,0.0,0.0,50.779
198.0,1,1,1.0,1,0.0,0,0,0.0,0.0,50.779
199.0,1,1,1.0,1,0.0,0,0,0.0,0.0,50.779
200.0,1,1,1.0,1,0.0,0,0,0.0,0.0,50.779
201.0,1,1,1.0,1,0.0,0,0,0.0,0.0,50.779
202.0,1,1,1.0,1,0.0,0,0,0.0,0.0,50.779
203.0,1,1,1.0,1,0.0,0,0,0.0,0.0,50.779
204.0,1,0,1.0,1,0.0,0,0,0.0,0.0,53.985
205.0,1,0,1.0,1,0.0,0,0,0.0,0.0,53.985
206.0,1,0,1.0,1,0.0,0,0,0.0,0.0,53.985
207.0,1,0,1.0,1,0.0,0,0,0.0,0.0,54.005
208.0,1,1,1.0,1,0.0,0,0,0.0,0.0,54.005
209.0,1,1,1.0,1,0.0,0,0,0.0,0.0,54.005
210.0,1,1,1.0,1,0.0,0,0,0.0,0.0,54.005
211.0,1,1,1.0,1,0.0,0,0,0.0,0.0,54.005
212.0,1,1,1.0,1,0.0,0,0,0.0,0.0,54.005
213.0,1,1,1.0,1,0.0,0,0,0.0,0.0,54.005
214.0,1,1,1.0,1,0.0,0,0,0.0,0.0,54.005
215.0,1,1,1.0,1,0.0,0,0,0.0,0.0,54.005
216.0,1,1,1.0,1,0.0,0,0,0.0,0.0,54.005
217.0,1,1,1.0,1,0.0,0,0,0.0,0.0,54.005
218.0,1,1,1.0,1,0.0,0,0,0.0,0.0,54.005
219.0,1,1,1.0,1,0.0,0,0,0.0,0.0,54.005
220.0,1,1,1.0,1,0.0,0,0,0.0,0.0,54.005
221.0,1,1,1.0,1,0.0,0,0,0.0,0.0,54.005
222.0,1,1,1.0,1,0.0,0,0,0.0,0.0,54.005
223.0,1,0,1.0,1,0.0,0,0,0.0,0.0,59.886
224.0,1,0,1.0,1,0.0,0,0,0.0,0.0,59.906
225.0,1,0,1.0,1,0.0,0,0,0.0,0.0,59.926
226.0,1,0,1.0,1,0.0,0,0,0.0,0.0,59.946
227.0,1,0,1.0,1,0.0,0,0,0.0,0.0,59.966
228.0,1,0,1.0,1,0.0,0,0,0.0,0.0,59.986
229.0,1,1,1.0,1,0.0,0,0,0.0,0.0,59.986
230.0,1,1,1.0,1,0.0,0,0,0.0,0.0,59.986
231.0,1,1,1.0,1,0.0,0,0,0.0,0.0,59.986
232.0,1,1,1.0,1,0.0,0,0,0.0,0.0,59.986
233.0,1,1,1.0,1,0.0,0,0,0.0,0.0,59.986
234.0,1,1,1.0,1,0.0,0,0,0.0,0.0,59.986
235.0,1,1,1.0,1,0.0,0,0,0.0,0.0,59.986
236.0,1,1,1.0,1,0.0,0,0,0.0,0.0,59.986
237.0,1,1,1.0,1,0.0,0,0,0.0,0.0,59.986
238.0,1,1,1.0,1,0.0,0,0,0.0,0.0,59.986
239.0,1,1,1.0,1,0.0,0,0,0.0,0.0,59.986
240.0,1,1,1.0,1,0.0,0,0,0.0,0.0,59.986
241.0,1,1,1.0,1,0.0,0,0,0.0,0.0,59.986
242.0,1,1,1.0,1,0.0,0,0,0.0,0.0,59.986
243.0,1,1,1.0,1,0.0,0,0,0.0,0.0,59.986
244.0,1,1,1.0,1,0.0,0,0,0.0,0.0,59.986
245.0,1,1,1.0,1,0.0,0,0,0.0,0.0,59.986
246.0,1,1,1.0,1,0.0,0,0,0.0,0.0,59.986
247.0,1,1,1.0,1,0.0,0,0,0.0,0.0,59.986
248.0,1,0,1.0,1,0.0,0,0,0.0,0.0,48.337
249.0,1,0,1.0,1,0.0,0,0,0.0,0.0,48.317
250.0,1,1,1.0,1,0.0,0,0,0.0,0.0,48.317
251.0,1,1,1.0,1,0.0,0,0,0.0,0.0,48.317
252.0,1,1,1.0,1,0.0,0,0,0.0,0.0,48.317
253.0,1,1,1.0,1,0.0,0,0,0.0,0.0,48.317
254.0,1,1,1.0,1,0.0,0,0,0.0,0.0,48.317
255.0,1,1,1.0,1,0.0,0,0,0.0,0.0,48.317
256.0,1,1,1.0,1,0.0,0,0,0.0,0.0,48.317
257.0,1,1,1.0,1,0.0,0,0,0.0,0.0,48.317
258.0,1,1,1.0,1,0.0,0,0,0.0,0.0,48.317
259.0,1,1,1.0,1,0.0,0,0,0.0,0.0,48.317
260.0,1,1,1.0,1,0.0,0,0,0.0,0.0,48.317
261.0,4,0,1.0,10,2.9,12,12,98.6,0.0,36.734
262.0,4,0,1.0,10,2.9,12,12,98.6,0.0,36.714
263.0,4,0,1.0,10,2.9,12,12,98.6,0.0,36.694
264.0,4,0,1.0,10,2.9,12,12,98.6,0.0,36.674
265.0,4,0,1.0,10,2.9,12,12,98.6,0.0,36.654
266.0,4,0,1.0,10,2.9,12,12,98.6,0.0,36.651
267.0,4,1,1.0,10,2.9,12,12,98.6,0.0,36.651
268.0,4,1,1.0,10,2.9,12,12,98.6,0.0,36.651
269.0,4,1,1.0,10,2.9,12,12,98.6,0.0,36.651
270.0,4,1,1.0,10,2.9,12,12,98.6,0.0,36.651
271.0,4,1,1.0,10,2.9,12,12,98.6,0.0,36.651
272.0,4,1,1.0,10,2.9,12,12,98.6,0.0,36.651
273.0,4,1,1.0,10,2.9,12,12,98.6,0.0,36.651
274.0,4,1,1.0,10,2.9,12,12,98.6,0.0,36.651
275.0,4,1,1.0,10,2.9,12,12,98.6,0.0,36.651
276.0,4,1,1.0,10,2.9,12,12,98.6,0.0,36.651
277.0,4,1,1.0,10,2.9,12,12,98.6,0.0,36.651
278.0,4,1,1.0,10,2.9,12,12,98.6,0.0,36.651
279.0,4,1,1.0,10,2.9,12,12,98.6,0.0,36.651
280.0,4,1,1.0,10,2.9,12,12,98.6,0.0,36.651
281.0,4,1,1.0,10,2.9,12,12,98.6,0.0,36.651
282.0,4,1,1.0,10,2.9,12,12,98.6,0.0,36.651
283.0,4,1,1.0,10,2.9,12,12,98.6,0.0,36.651
284.0,4,1,1.0,10,2.9,12,12,98.6,0.0,36.651
285.0,4,1,1.0,10,2.9,12,12,98.6,0.0,36.651
286.0,4,1,1.0,10,2.9,12,12,98.6,0.0,36.651
287.0,4,1,1.0,10,2.9,12,12,98.6,0.0,36.651
288.0,4,1,1.0,10,2.9,12,12,98.6,0.0,36.651
289.0,4,1,1.0,10,2.9,12,12,98.6,0.0,36.651
290.0,4,1,1.0,10,2.9,12,12,98.6,0.0,36.651
291.0,4,1,1.0,10,2.9,12,12,98.6,0.0,36.651
292.0,4,1,1.0,10,2.9,12,12,98.6,0.0,36.651
293.0,4,1,1.0,10,2.9,12,12,98.6,0.0,36.651
294.0,4,1,1.0,10,2.9,12,12,98.6,0.0,36.651
295.0,4,1,1.0,10,2.9,12,12,98.6,0.0,36.651
296.0,4,1,1.0,10,2.9,12,12,98.6,0.0,36.651
297.0,4,1,1.0,10,2.9,12,12,98.6,0.0,36.651
298.0,1,0,0.822,10,2.9,13,12,107.3,0.0,37.01
299.0,1,0,0.822,10,2.9,13,12,107.3,0.0,36.99
300.0,1,0,0.822,10,2.896,13,13,107.3,0.0,36.97
301.0,1,0,0.822,10,2.896,13,13,107.3,0.0,36.95
302.0,1,0,0.822,10,2.896,13,13,107.3,0.0,36.93
303.0,1,0,0.822,10,2.896,13,13,107.3,0.0,36.91
304.0,1,0,0.822,10,2.896,13,13,107.3,0.0,36.89
305.0,1,0,0.822,10,2.896,13,13,107.3,0.0,36.87
306.0,1,1,0.822,10,2.896,13,13,107.3,0.0,36.87
307.0,1,1,0.822,10,2.896,13,13,107.3,0.0,36.87
308.0,1,1,0.822,10,2.896,13,13,107.3,0.0,36.87
309.0,1,1,0.822,10,2.896,13,13,107.3,0.0,36.87
310.0,1,1,0.822,10,2.896,13,13,107.3,0.0,36.87
311.0,1,1,0.822,10,2.896,13,13,107.3,0.0,36.87
312.0,1,1,0.822,10,2.896,13,13,107.3,0.0,36.87
313.0,1,1,0.822,10,2.896,13,13,107.3,0.0,36.87
314.0,1,1,0.822,10,2.896,13,13,107.3,0.0,36.87
315.0,1,1,0.822,10,2.896,13,13,107.3,0.0,36.87
316.0,1,1,0.822,10,2.896,13,13,107.3,0.0,36.87
317.0,1,1,0.822,10,2.896,13,13,107.3,0.0,36.87
318.0,1,1,0.822,10,2.896,13,13,107.3,0.0,36.87
319.0,2,0,0.941,10,2.896,14,13,110.2,0.0,36.745
320.0,2,0,0.941,10,2.896,14,13,110.2,0.0,36.745
321.0,2,0,0.941,10,2.9,14,14,110.2,0.0,36.796
322.0,2,0,0.941,10,2.9,14,14,110.2,0.0,36.816
323.0,2,1,0.941,10,2.9,14,14,110.2,0.0,36.816
324.0,2,1,0.941,10,2.9,14,14,110.2,0.0,36.816
325.0,2,1,0.941,10,2.9,14,14,110.2,0.0,36.816
326.0,2,1,0.941,10,2.9,14,14,110.2,0.0,36.816
327.0,2,1,0.941,10,2.9,14,14,110.2,0.0,36.816
328.0,2,1,0.941,10,2.9,14,14,110.2,0.0,36.816
329.0,2,1,0.941,10,2.9,14,14,110.2,0.0,36.816
330.0,2,1,0.941,10,2.9,14,14,110.2,0.0,36.816
331.0,2,1,0.941,10,2.9,14,14,110.2,0.0,36.816
332.0,2,1,0.941,10,2.9,14,14,110.2,0.0,36.816
333.0,2,1,0.941,10,2.9,14,14,110.2,0.0,36.816
334.0,2,1,0.941,10,2.9,14,14,110.2,0.0,36.816
335.0,2,1,0.941,10,2.9,14,14,110.2,0.0,36.816
336.0,2,1,0.941,10,2.9,14,14,110.2,0.0,36.816
337.0,2,1,0.941,10,2.9,14,14,110.2,0.0,36.816
338.0,2,1,0.941,10,2.9,14,14,110.2,0.0,36.816
339.0,2,1,0.941,10,2.9,14,14,110.2,0.0,36.816
340.0,5,0,0.58,10,2.9,15,14,118.9,0.0,36.771
341.0,5,0,0.58,10,2.9,15,14,118.9,0.0,36.791
342.0,5,0,0.58,10,2.89,15,15,118.9,0.0,36.822
343.0,5,1,0.58,10,2.89,15,15,118.9,0.0,36.822
344.0,5,1,0.58,10,2.89,15,15,118.9,0.0,36.822
345.0,5,1,0.58,10,2.89,15,15,118.9,0.0,36.822
346.0,5,1,0.58,10,2.89,15,15,118.9,0.0,36.822
347.0,5,1,0.58,10,2.89,15,15,118.9,0.0,36.822
348.0,5,1,0.58,10,2.89,15,15,118.9,0.0,36.822
349.0,5,1,0.58,10,2.89,15,15,118.9,0.0,36.822
350.0,5,1,0.58,10,2.89,15,15,118.9,0.0,36.822
351.0,5,1,0.58,10,2.89,15,15,118.9,0.0,36.822
352.0,5,1,0.58,10,2.89,15,15,118.9,0.0,36.822
353.0,5,1,0.58,10,2.89,15,15,118.9,0.0,36.822
354.0,5,1,0.58,10,2.89,15,15,118.9,0.0,36.822
355.0,5,1,0.58,10,2.89,15,15,118.9,0.0,36.822
356.0,5,1,0.58,10,2.89,15,15,118.9,0.0,36.822
357.0,5,1,0.58,10,2.89,15,15,118.9,0.0,36.822
358.0,5,1,0.58,10,2.89,15,15,118.9,0.0,36.822
359.0,7,0,0.96,10,2.89,16,15,124.7,0.0,36.881
360.0,7,0,0.96,10,2.89,16,15,124.7,0.0,36.901
361.0,7,0,0.96,10,2.891,16,16,124.7,0.0,36.887
362.0,7,0,0.96,10,2.891,16,16,124.7,0.0,36.887
363.0,7,0,0.96,10,2.891,16,16,124.7,0.0,36.887
364.0,7,1,0.96,10,2.891,16,16,124.7,0.0,36.887
365.0,7,1,0.96,10,2.891,16,16,124.7,0.0,36.887
366.0,7,1,0.96,10,2.891,16,16,124.7,0.0,36.887
367.0,7,1,0.96,10,2.891,16,16,124.7,0.0,36.887
368.0,7,1,0.96,10,2.891,16,16,124.7,0.0,36.887
369.0,7,1,0.96,10,2.891,16,16,124.7,0.0,36.887
370.0,7,1,0.96,10,2.891,16,16,124.7,0.0,36.887
371.0,7,1,0.96,10,2.891,16,16,124.7,0.0,36.887
372.0,7,1,0.96,10,2.891,16,16,124.7,0.0,36.887
373.0,7,1,0.96,10,2.891,16,16,124.7,0.0,36.887
374.0,7,1,0.96,10,2.891,16,16,124.7,0.0,36.887
375.0,7,1,0.96,10,2.891,16,16,124.7,0.0,36.887
376.0,7,1,0.96,10,2.891,16,16,124.7,0.0,36.887
377.0,9,0,0.807,10,2.891,17,16,130.5,0.0,36.524
378.0,9,0,0.807,10,2.891,17,16,130.5,0.0,36.544
379.0,9,0,0.807,10,2.884,17,17,130.5,0.0,36.655
380.0,9,0,0.807,10,2.884,17,17,130.5,0.0,36.675
381.0,9,0,0.807,10,2.884,17,17,130.5,0.0,36.695
382.0,9,0,0.807,10,2.884,17,17,130.5,0.0,36.715
383.0,9,0,0.807,10,2.884,17,17,130.5,0.0,36.735
384.0,9,1,0.807,10,2.884,17,17,130.5,0.0,36.735
385.0,9,1,0.807,10,2.884,17,17,130.5,0.0,36.735
386.0,9,1,0.807,10,2.884,17,17,130.5,0.0,36.735
387.0,9,1,0.807,10,2.884,17,17,130.5,0.0,36.735
388.0,9,1,0.807,10,2.884,17,17,130.5,0.0,36.735
389.0,9,1,0.807,10,2.884,17,17,130.5,0.0,36.735
390.0,9,1,0.807,10,2.884,17,17,130.5,0.0,36.735
391.0,9,1,0.807,10,2.884,17,17,130.5,0.0,36.735
392.0,9,1,0.807,10,2.884,17,17,130.5,0.0,36.735
393.0,9,1,0.807,10,2.884,17,17,130.5,0.0,36.735
394.0,9,1,0.807,10,2.884,17,17,130.5,0.0,36.735
395.0,9,1,0.807,10,2.884,17,17,130.5,0.0,36.735
396.0,9,1,0.807,10,2.884,17,17,130.5,0.0,36.735
397.0,9,1,0.807,10,2.884,17,17,130.5,0.0,36.735
398.0,7,0,0.842,10,2.884,18,17,136.2,0.0,36.971
399.0,7,0,0.842,10,2.884,18,17,136.2,0.0,36.951
400.0,7,0,0.842,10,2.879,18,18,136.2,0.0,36.872
401.0,7,0,0.842,10,2.879,18,18,136.2,0.0,36.852
402.0,7,0,0.842,10,2.879,18,18,136.2,0.0,36.832
403.0,7,0,0.842,10,2.879,18,18,136.2,0.0,36.812
404.0,7,0,0.842,10,2.879,18,18,136.2,0.0,36.792
405.0,7,0,0.842,10,2.879,18,18,136.2,0.0,36.772
406.0,7,0,0.842,10,2.879,18,18,136.2,0.0,36.752
407.0,7,0,0.842,10,2.879,18,18,136.2,0.0,36.732
408.0,7,0,0.842,10,2.879,18,18,136.2,0.0,36.712
409.0,7,0,0.842,10,2.879,18,18,136.2,0.0,36.692
410.0,7,0,0.842,10,2.879,18,18,136.2,0.0,36.682
411.0,7,0,0.842,10,2.879,18,18,136.2,0.0,36.682
412.0,7,1,0.842,10,2.879,18,18,136.2,0.0,36.682
413.0,7,1,0.842,10,2.879,18,18,136.2,0.0,36.682
414.0,7,1,0.842,10,2.879,18,18,136.2,0.0,36.682
415.0,7,1,0.842,10,2.879,18,18,136.2,0.0,36.682
416.0,7,1,0.842,10,2.879,18,18,136.2,0.0,36.682
417.0,7,1,0.842,10,2.879,18,18,136.2,0.0,36.682
418.0,7,1,0.842,10,2.879,18,18,136.2,0.0,36.682
419.0,7,1,0.842,10,2.879,18,18,136.2,0.0,36.682
420.0,7,1,0.842,10,2.879,18,18,136.2,0.0,36.682
421.0,7,1,0.842,10,2.879,18,18,136.2,0.0,36.682
422.0,7,1,0.842,10,2.879,18,18,136.2,0.0,36.682
423.0,7,1,0.842,10,2.879,18,18,136.2,0.0,36.682
424.0,7,1,0.842,10,2.879,18,18,136.2,0.0,36.682
425.0,7,1,0.842,10,2.879,18,18,136.2,0.0,36.682
426.0,7,1,0.842,10,2.879,18,18,136.2,0.0,36.682
427.0,7,1,0.842,10,2.879,18,18,136.2,0.0,36.682
428.0,7,1,0.842,10,2.879,18,18,136.2,0.0,36.682
429.0,7,1,0.842,10,2.879,18,18,136.2,0.0,36.682
430.0,7,1,0.842,10,2.879,18,18,136.2,0.0,36.682
431.0,7,1,0.842,10,2.879,18,18,136.2,0.0,36.682
432.0,7,1,0.842,10,2.879,18,18,136.2,0.0,36.682
433.0,7,1,0.842,10,2.879,18,18,136.2,0.0,36.682
434.0,7,1,0.842,10,2.879,18,18,136.2,0.0,36.682
435.0,7,1,0.842,10,2.879,18,18,136.2,0.0,36.682
436.0,7,1,0.842,10,2.879,18,18,136.2,0.0,36.682
437.0,7,1,0.842,10,2.879,18,18,136.2,0.0,36.682
438.0,7,1,0.842,10,2.879,18,18,136.2,0.0,36.682
439.0,7,1,0.842,10,2.879,18,18,136.2,0.0,36.682
440.0,7,1,0.842,10,2.879,18,18,136.2,0.0,36.682
441.0,7,1,0.842,10,2.879,18,18,136.2,0.0,36.682
442.0,7,1,0.842,10,2.879,18,18,136.2,0.0,36.682
443.0,7,1,0.842,10,2.879,18,18,136.2,0.0,36.682
444.0,7,1,0.842,10,2.879,18,18,136.2,0.0,36.682
445.0,7,1,0.842,10,2.879,18,18,136.2,0.0,36.682
446.0,7,1,0.842,10,2.879,18,18,136.2,0.0,36.682
447.0,2,0,0.878,10,2.879,19,18,150.6,0.0,36.442
448.0,2,0,0.878,10,2.879,19,18,150.6,0.0,36.442
449.0,2,1,0.878,10,2.879,19,18,150.6,0.0,36.442
450.0,2,1,0.878,10,2.879,19,18,150.6,0.0,36.442
451.0,2,1,0.878,10,2.879,19,18,150.6,0.0,36.442
452.0,2,1,0.878,10,2.879,19,18,150.6,0.0,36.442
453.0,2,1,0.878,10,2.879,19,18,150.6,0.0,36.442
454.0,2,1,0.878,10,2.879,19,18,150.6,0.0,36.442
455.0,2,1,0.878,10,2.879,19,18,150.6,0.0,36.442
456.0,2,1,0.878,10,2.879,19,18,150.6,0.0,36.442
457.0,2,1,0.878,10,2.879,19,18,150.6,0.0,36.442
458.0,2,1,0.878,10,2.879,19,18,150.6,0.0,36.442
459.0,2,1,0.878,10,2.879,19,18,150.6,0.0,36.442
460.0,2,1,0.878,10,2.879,19,18,150.6,0.0,36.442
461.0,2,1,0.878,10,2.879,19,18,150.6,0.0,36.442
462.0,1,0,0.823,10,2.879,20,18,153.5,0.0,36.383
463.0,1,0,0.823,10,2.879,20,18,153.5,0.0,36.363
464.0,1,0,0.823,10,2.891,20,19,153.5,0.0,36.343
465.0,1,0,0.823,10,2.891,20,19,153.5,0.0,36.323
466.0,1,0,0.823,10,2.891,20,19,153.5,0.0,36.303
467.0,1,0,0.823,10,2.891,20,19,153.5,0.0,36.3
468.0,1,1,0.823,10,2.891,20,19,153.5,0.0,36.3
469.0,1,1,0.823,10,2.891,20,19,153.5,0.0,36.3
470.0,1,1,0.823,10,2.891,20,19,153.5,0.0,36.3
471.0,1,1,0.823,10,2.891,20,19,153.5,0.0,36.3
472.0,1,1,0.823,10,2.891,20,19,153.5,0.0,36.3
473.0,1,1,0.823,10,2.891,20,19,153.5,0.0,36.3
474.0,1,1,0.823,10,2.891,20,19,153.5,0.0,36.3
475.0,1,1,0.823,10,2.891,20,19,153.5,0.0,36.3
476.0,1,1,0.823,10,2.891,20,19,153.5,0.0,36.3
477.0,1,1,0.823,10,2.891,20,19,153.5,0.0,36.3
478.0,1,1,0.823,10,2.891,20,19,153.5,0.0,36.3
479.0,1,1,0.823,10,2.891,20,19,153.5,0.0,36.3
480.0,1,1,0.823,10,2.891,20,19,153.5,0.0,36.3
481.0,1,1,0.823,10,2.891,20,19,153.5,0.0,36.3
482.0,1,1,0.823,10,2.891,20,19,153.5,0.0,36.3
483.0,1,1,0.823,10,2.891,20,19,153.5,0.0,36.3
484.0,1,1,0.823,10,2.891,20,19,153.5,0.0,36.3
485.0,1,1,0.823,10,2.891,20,19,153.5,0.0,36.3
486.0,1,1,0.823,10,2.891,20,19,153.5,0.0,36.3
487.0,1,1,0.823,10,2.891,20,19,153.5,0.0,36.3
488.0,5,0,0.676,10,2.891,21,19,165.1,0.0,36.182
489.0,5,1,0.676,10,2.891,21,19,165.1,0.0,36.182
490.0,5,1,0.676,10,2.891,21,19,165.1,0.0,36.182
491.0,5,1,0.676,10,2.891,21,19,165.1,0.0,36.182
492.0,5,1,0.676,10,2.891,21,19,165.1,0.0,36.182
493.0,5,1,0.676,10,2.891,21,19,165.1,0.0,36.182
494.0,5,1,0.676,10,2.891,21,19,165.1,0.0,36.182
495.0,5,1,0.676,10,2.891,21,19,165.1,0.0,36.182
496.0,5,1,0.676,10,2.891,21,19,165.1,0.0,36.182
497.0,5,1,0.676,10,2.891,21,19,165.1,0.0,36.182
498.0,5,1,0.676,10,2.891,21,19,165.1,0.0,36.182
499.0,5,1,0.676,10,2.891,21,19,165.1,0.0,36.182
500.0,5,1,0.676,10,2.891,21,19,165.1,0.0,36.182
501.0,5,1,0.676,10,2.891,21,19,165.1,0.0,36.182
502.0,5,1,0.676,10,2.891,21,19,165.1,0.0,36.182
503.0,5,1,0.676,10,2.891,21,19,165.1,0.0,36.182
504.0,5,1,0.676,10,2.891,21,19,165.1,0.0,36.182
505.0,6,0,0.996,10,2.891,22,19,168.0,0.0,36.121
506.0,6,0,0.996,10,2.891,22,19,168.0,0.0,36.141
507.0,6,1,0.996,10,2.891,22,19,168.0,0.0,36.141
508.0,6,1,0.996,10,2.891,22,19,168.0,0.0,36.141
509.0,6,1,0.996,10,2.891,22,19,168.0,0.0,36.141
510.0,6,1,0.996,10,2.891,22,19,168.0,0.0,36.141
511.0,6,1,0.996,10,2.891,22,19,168.0,0.0,36.141
512.0,6,1,0.996,10,2.891,22,19,168.0,0.0,36.141
513.0,6,1,0.996,10,2.891,22,19,168.0,0.0,36.141
514.0,6,1,0.996,10,2.891,22,19,168.0,0.0,36.141
515.0,6,1,0.996,10,2.891,22,19,168.0,0.0,36.141
516.0,6,1,0.996,10,2.891,22,19,168.0,0.0,36.141
517.0,6,1,0.996,10,2.891,22,19,168.0,0.0,36.141
518.0,7,0,0.896,10,2.891,23,19,170.8,0.0,35.977
519.0,7,0,0.896,10,2.891,23,19,170.8,0.0,35.977
520.0,7,0,0.896,10,2.884,23,20,170.8,-0.0019,36.036
521.0,7,1,0.896,10,2.884,23,20,170.8,-0.0019,36.036
522.0,7,1,0.896,10,2.884,23,20,170.8,-0.0019,36.036
523.0,7,1,0.896,10,2.884,23,20,170.8,-0.0019,36.036
524.0,7,1,0.896,10,2.884,23,20,170.8,-0.0019,36.036
525.0,7,1,0.896,10,2.884,23,20,170.8,-0.0019,36.036
526.0,7,1,0.896,10,2.884,23,20,170.8,-0.0019,36.036
527.0,7,1,0.896,10,2.884,23,20,170.8,-0.0019,36.036
528.0,7,1,0.896,10,2.884,23,20,170.8,-0.0019,36.036
529.0,7,1,0.896,10,2.884,23,20,170.8,-0.0019,36.036
530.0,7,1,0.896,10,2.884,23,20,170.8,-0.0019,36.036
531.0,7,1,0.896,10,2.884,23,20,170.8,-0.0019,36.036
532.0,7,1,0.896,10,2.884,23,20,170.8,-0.0019,36.036
533.0,7,1,0.896,10,2.884,23,20,170.8,-0.0019,36.036
534.0,7,1,0.896,10,2.884,23,20,170.8,-0.0019,36.036
535.0,7,1,0.896,10,2.884,23,20,170.8,-0.0019,36.036
536.0,7,1,0.896,10,2.884,23,20,170.8,-0.0019,36.036
537.0,7,1,0.896,10,2.884,23,20,170.8,-0.0019,36.036
538.0,9,0,0.999,10,2.884,24,20,176.6,-0.0019,36.014
539.0,9,1,0.999,10,2.884,24,20,176.6,-0.0019,36.014
540.0,9,0,1.0,10,2.884,24,20,176.6,-0.0019,36.119
541.0,9,0,1.0,10,2.884,24,20,176.6,-0.0019,36.137
542.0,9,0,1.0,10,2.884,24,20,176.6,-0.0019,36.155
543.0,9,0,1.0,10,2.884,24,20,176.6,-0.0019,36.173
544.0,9,0,1.0,10,2.884,24,20,176.6,-0.0019,36.191
545.0,9,0,1.0,10,2.884,24,20,176.6,-0.0019,36.21
546.0,9,1,1.0,10,2.884,24,20,176.6,-0.0019,36.21
547.0,9,1,1.0,10,2.884,24,20,176.6,-0.0019,36.21
548.0,9,1,1.0,10,2.884,24,20,176.6,-0.0019,36.21
549.0,9,1,1.0,10,2.884,24,20,176.6,-0.0019,36.21
550.0,9,1,1.0,10,2.884,24,20,176.6,-0.0019,36.21
551.0,9,1,1.0,10,2.884,24,20,176.6,-0.0019,36.21
552.0,9,1,1.0,10,2.884,24,20,176.6,-0.0019,36.21
553.0,9,1,1.0,10,2.884,24,20,176.6,-0.0019,36.21
554.0,9,1,1.0,10,2.884,24,20,176.6,-0.0019,36.21
555.0,9,1,1.0,10,2.884,24,20,176.6,-0.0019,36.21
556.0,9,1,1.0,10,2.884,24,20,176.6,-0.0019,36.21
557.0,9,1,1.0,10,2.884,24,20,176.6,-0.0019,36.21
558.0,9,1,1.0,10,2.884,24,20,176.6,-0.0019,36.21
559.0,10,0,0.781,10,2.884,25,20,179.5,-0.0019,36.021
560.0,10,0,0.781,10,2.884,25,20,179.5,-0.0019,36.039
561.0,10,0,0.781,10,2.9,25,21,179.5,-0.0019,36.098
562.0,10,0,0.781,10,2.9,25,21,179.5,-0.0019,36.116
563.0,10,1,0.781,10,2.9,25,21,179.5,-0.0019,36.116
564.0,10,1,0.781,10,2.9,25,21,179.5,-0.0019,36.116
565.0,10,1,0.781,10,2.9,25,21,179.5,-0.0019,36.116
566.0,10,1,0.781,10,2.9,25,21,179.5,-0.0019,36.116
567.0,10,1,0.781,10,2.9,25,21,179.5,-0.0019,36.116
568.0,10,1,0.781,10,2.9,25,21,179.5,-0.0019,36.116
569.0,10,1,0.781,10,2.9,25,21,179.5,-0.0019,36.116
570.0,10,1,0.781,10,2.9,25,21,179.5,-0.0019,36.116
571.0,10,1,0.781,10,2.9,25,21,179.5,-0.0019,36.116
572.0,10,1,0.781,10,2.9,25,21,179.5,-0.0019,36.116
573.0,10,1,0.781,10,2.9,25,21,179.5,-0.0019,36.116
574.0,10,1,0.781,10,2.9,25,21,179.5,-0.0019,36.116
575.0,10,1,0.781,10,2.9,25,21,179.5,-0.0019,36.116
576.0,10,1,0.781,10,2.9,25,21,179.5,-0.0019,36.116
577.0,10,1,0.781,10,2.9,25,21,179.5,-0.0019,36.116
578.0,10,1,0.781,10,2.9,25,21,179.5,-0.0019,36.116
579.0,10,1,0.781,10,2.9,25,21,179.5,-0.0019,36.116
580.0,10,1,0.781,10,2.9,25,21,179.5,-0.0019,36.116
581.0,10,1,0.781,10,2.9,25,21,179.5,-0.0019,36.116
582.0,10,1,0.781,10,2.9,25,21,179.5,-0.0019,36.116
583.0,10,1,0.781,10,2.9,25,21,179.5,-0.0019,36.116
584.0,10,1,0.781,10,2.9,25,21,179.5,-0.0019,36.116
585.0,10,1,0.781,10,2.9,25,21,179.5,-0.0019,36.116
586.0,10,1,0.781,10,2.9,25,21,179.5,-0.0019,36.116
587.0,10,1,0.781,10,2.9,25,21,179.5,-0.0019,36.116
588.0,10,1,0.781,10,2.9,25,21,179.5,-0.0019,36.116
589.0,10,1,0.781,10,2.9,25,21,179.5,-0.0019,36.116
590.0,10,1,0.781,10,2.9,25,21,179.5,-0.0019,36.116
591.0,10,1,0.781,10,2.9,25,21,179.5,-0.0019,36.116
592.0,1,0,0.668,10,2.9,26,21,205.6,-0.0019,35.59
593.0,1,0,0.668,10,2.9,26,21,205.6,-0.0019,35.59
594.0,1,0,0.668,10,2.902,26,22,205.6,-0.00431,35.59
595.0,1,0,0.668,10,2.902,26,22,205.6,-0.00431,35.565
596.0,1,0,0.668,10,2.902,26,22,205.6,-0.00431,35.541
597.0,1,1,0.668,10,2.902,26,22,205.6,-0.00431,35.541
598.0,1,1,0.668,10,2.902,26,22,205.6,-0.00431,35.541
599.0,1,1,0.668,10,2.902,26,22,205.6,-0.00431,35.541
600.0,1,1,0.668,10,2.902,26,22,205.6,-0.00431,35.541
601.0,1,1,0.668,10,2.902,26,22,205.6,-0.00431,35.541
602.0,1,1,0.668,10,2.902,26,22,205.6,-0.00431,35.541
603.0,1,1,0.668,10,2.902,26,22,205.6,-0.00431,35.541
604.0,1,1,0.668,10,2.902,26,22,205.6,-0.00431,35.541
605.0,1,1,0.668,10,2.902,26,22,205.6,-0.00431,35.541
606.0,1,1,0.668,10,2.902,26,22,205.6,-0.00431,35.541
607.0,1,1,0.668,10,2.902,26,22,205.6,-0.00431,35.541
608.0,1,1,0.668,10,2.902,26,22,205.6,-0.00431,35.541
609.0,1,1,0.668,10,2.902,26,22,205.6,-0.00431,35.541
610.0,1,1,0.668,10,2.902,26,22,205.6,-0.00431,35.541
611.0,1,1,0.668,10,2.902,26,22,205.6,-0.00431,35.541
612.0,1,1,0.668,10,2.902,26,22,205.6,-0.00431,35.541
613.0,4,0,0.682,10,2.902,27,22,214.3,-0.00431,34.873
614.0,4,0,0.682,10,2.902,27,22,214.3,-0.00431,34.889
615.0,4,0,0.682,10,2.895,27,23,214.3,-0.00431,35.054
616.0,4,0,0.682,10,2.895,27,23,214.3,-0.00431,35.07
617.0,4,0,0.682,10,2.895,27,23,214.3,-0.00431,35.086
618.0,4,1,0.682,10,2.895,27,23,214.3,-0.00431,35.086
619.0,4,1,0.682,10,2.895,27,23,214.3,-0.00431,35.086
620.0,4,1,0.682,10,2.895,27,23,214.3,-0.00431,35.086
621.0,4,1,0.682,10,2.895,27,23,214.3,-0.00431,35.086
622.0,4,1,0.682,10,2.895,27,23,214.3,-0.00431,35.086
623.0,4,1,0.682,10,2.895,27,23,214.3,-0.00431,35.086
624.0,4,1,0.682,10,2.895,27,23,214.3,-0.00431,35.086
625.0,4,1,0.682,10,2.895,27,23,214.3,-0.00431,35.086
626.0,4,1,0.682,10,2.895,27,23,214.3,-0.00431,35.086
627.0,4,1,0.682,10,2.895,27,23,214.3,-0.00431,35.086
628.0,4,1,0.682,10,2.895,27,23,214.3,-0.00431,35.086
629.0,4,1,0.682,10,2.895,27,23,214.3,-0.00431,35.086
630.0,4,1,0.682,10,2.895,27,23,214.3,-0.00431,35.086
631.0,4,1,0.682,10,2.895,27,23,214.3,-0.00431,35.086
632.0,4,1,0.682,10,2.895,27,23,214.3,-0.00431,35.086
633.0,4,1,0.682,10,2.895,27,23,214.3,-0.00431,35.086
634.0,4,1,0.682,10,2.895,27,23,214.3,-0.00431,35.086
635.0,4,1,0.682,10,2.895,27,23,214.3,-0.00431,35.086
636.0,7,0,0.792,10,2.895,28,23,223.0,-0.00431,35.545
637.0,7,0,0.792,10,2.895,28,23,223.0,-0.00431,35.545
638.0,7,0,0.792,10,2.9,28,24,223.0,-0.00281,35.41
639.0,7,0,0.792,10,2.9,28,24,223.0,-0.00281,35.41
640.0,7,1,0.792,10,2.9,28,24,223.0,-0.00281,35.41
641.0,7,1,0.792,10,2.9,28,24,223.0,-0.00281,35.41
642.0,7,1,0.792,10,2.9,28,24,223.0,-0.00281,35.41
643.0,7,1,0.792,10,2.9,28,24,223.0,-0.00281,35.41
644.0,7,1,0.792,10,2.9,28,24,223.0,-0.00281,35.41
645.0,7,1,0.792,10,2.9,28,24,223.0,-0.00281,35.41
646.0,7,1,0.792,10,2.9,28,24,223.0,-0.00281,35.41
647.0,7,1,0.792,10,2.9,28,24,223.0,-0.00281,35.41
648.0,7,1,0.792,10,2.9,28,24,223.0,-0.00281,35.41
649.0,7,1,0.792,10,2.9,28,24,223.0,-0.00281,35.41
650.0,7,1,0.792,10,2.9,28,24,223.0,-0.00281,35.41
651.0,7,1,0.792,10,2.9,28,24,223.0,-0.00281,35.41
652.0,7,1,0.792,10,2.9,28,24,223.0,-0.00281,35.41
653.0,7,1,0.792,10,2.9,28,24,223.0,-0.00281,35.41
654.0,7,1,0.792,10,2.9,28,24,223.0,-0.00281,35.41
655.0,9,0,0.886,10,2.9,29,24,228.8,-0.00281,35.708
656.0,9,0,0.886,10,2.9,29,24,228.8,-0.00281,35.725
657.0,9,0,0.886,10,2.904,29,25,228.8,-0.00277,35.644
658.0,9,1,0.886,10,2.904,29,25,228.8,-0.00277,35.644
659.0,9,1,0.886,10,2.904,29,25,228.8,-0.00277,35.644
660.0,9,1,0.886,10,2.904,29,25,228.8,-0.00277,35.644
661.0,9,1,0.886,10,2.904,29,25,228.8,-0.00277,35.644
662.0,9,1,0.886,10,2.904,29,25,228.8,-0.00277,35.644
663.0,9,1,0.886,10,2.904,29,25,228.8,-0.00277,35.644
664.0,9,1,0.886,10,2.904,29,25,228.8,-0.00277,35.644
665.0,9,1,0.886,10,2.904,29,25,228.8,-0.00277,35.644
666.0,9,1,0.886,10,2.904,29,25,228.8,-0.00277,35.644
667.0,9,1,0.886,10,2.904,29,25,228.8,-0.00277,35.644
668.0,9,1,0.886,10,2.904,29,25,228.8,-0.00277,35.644
669.0,9,1,0.886,10,2.904,29,25,228.8,-0.00277,35.644
670.0,9,1,0.886,10,2.904,29,25,228.8,-0.00277,35.644
671.0,9,1,0.886,10,2.904,29,25,228.8,-0.00277,35.644
672.0,9,1,0.886,10,2.904,29,25,228.8,-0.00277,35.644
673.0,9,1,0.886,10,2.904,29,25,228.8,-0.00277,35.644
674.0,10,0,0.991,10,2.904,30,25,231.7,-0.00277,35.253
675.0,10,0,0.991,10,2.904,30,25,231.7,-0.00277,35.27
676.0,10,0,0.991,10,2.903,30,26,231.7,-0.00288,35.374
677.0,10,1,0.991,10,2.903,30,26,231.7,-0.00288,35.374
678.0,10,1,0.991,10,2.903,30,26,231.7,-0.00288,35.374
679.0,10,1,0.991,10,2.903,30,26,231.7,-0.00288,35.374
680.0,10,1,0.991,10,2.903,30,26,231.7,-0.00288,35.374
681.0,10,1,0.991,10,2.903,30,26,231.7,-0.00288,35.374
682.0,10,1,0.991,10,2.903,30,26,231.7,-0.00288,35.374
683.0,10,1,0.991,10,2.903,30,26,231.7,-0.00288,35.374
684.0,10,1,0.991,10,2.903,30,26,231.7,-0.00288,35.374
685.0,10,1,0.991,10,2.903,30,26,231.7,-0.00288,35.374
686.0,10,1,0.991,10,2.903,30,26,231.7,-0.00288,35.374
687.0,10,1,0.991,10,2.903,30,26,231.7,-0.00288,35.374
688.0,10,1,0.991,10,2.903,30,26,231.7,-0.00288,35.374
689.0,10,1,0.991,10,2.903,30,26,231.7,-0.00288,35.374
690.0,10,1,0.991,10,2.903,30,26,231.7,-0.00288,35.374
691.0,10,1,0.991,10,2.903,30,26,231.7,-0.00288,35.374
692.0,10,1,0.991,10,2.903,30,26,231.7,-0.00288,35.374
693.0,10,1,0.991,10,2.903,30,26,231.7,-0.00288,35.374
694.0,10,1,0.991,10,2.903,30,26,231.7,-0.00288,35.374
695.0,10,1,0.991,10,2.903,30,26,231.7,-0.00288,35.374
696.0,10,1,0.991,10,2.903,30,26,231.7,-0.00288,35.374
697.0,10,1,0.991,10,2.903,30,26,231.7,-0.00288,35.374
698.0,10,1,0.991,10,2.903,30,26,231.7,-0.00288,35.374
699.0,10,1,0.991,10,2.903,30,26,231.7,-0.00288,35.374
700.0,10,1,0.991,10,2.903,30,26,231.7,-0.00288,35.374
701.0,10,1,0.991,10,2.903,30,26,231.7,-0.00288,35.374
702.0,10,1,0.991,10,2.903,30,26,231.7,-0.00288,35.374
703.0,10,1,0.991,10,2.903,30,26,231.7,-0.00288,35.374
704.0,10,1,0.991,10,2.903,30,26,231.7,-0.00288,35.374
705.0,10,1,0.991,10,2.903,30,26,231.7,-0.00288,35.374
706.0,10,1,0.991,10,2.903,30,26,231.7,-0.00288,35.374
707.0,10,1,0.991,10,2.903,30,26,231.7,-0.00288,35.374
708.0,10,1,0.991,10,2.903,30,26,231.7,-0.00288,35.374
709.0,10,1,0.991,10,2.903,30,26,231.7,-0.00288,35.374
710.0,10,1,0.991,10,2.903,30,26,231.7,-0.00288,35.374
711.0,10,1,0.991,10,2.903,30,26,231.7,-0.00288,35.374
712.0,10,1,0.991,10,2.903,30,26,231.7,-0.00288,35.374
713.0,10,1,0.991,10,2.903,30,26,231.7,-0.00288,35.374
714.0,10,1,0.991,10,2.903,30,26,231.7,-0.00288,35.374
715.0,10,1,0.991,10,2.903,30,26,231.7,-0.00288,35.374
716.0,10,1,0.991,10,2.903,30,26,231.7,-0.00288,35.374
717.0,10,1,0.991,10,2.903,30,26,231.7,-0.00288,35.374
718.0,10,1,0.991,10,2.903,30,26,231.7,-0.00288,35.374
719.0,10,1,0.991,10,2.903,30,26,231.7,-0.00288,35.374
720.0,10,1,0.991,10,2.903,30,26,231.7,-0.00288,35.374
721.0,10,1,0.991,10,2.903,30,26,231.7,-0.00288,35.374
722.0,10,1,0.991,10,2.903,30,26,231.7,-0.00288,35.374
723.0,1,0,0.845,10,2.903,31,26,257.8,-0.00288,35.026
724.0,1,1,0.845,10,2.903,31,26,257.8,-0.00288,35.026
725.0,1,1,0.845,10,2.903,31,26,257.8,-0.00288,35.026
726.0,1,1,0.845,10,2.903,31,26,257.8,-0.00288,35.026
727.0,1,1,0.845,10,2.903,31,26,257.8,-0.00288,35.026
728.0,1,1,0.845,10,2.903,31,26,257.8,-0.00288,35.026
729.0,1,1,0.845,10,2.903,31,26,257.8,-0.00288,35.026
730.0,1,1,0.845,10,2.903,31,26,257.8,-0.00288,35.026
731.0,1,1,0.845,10,2.903,31,26,257.8,-0.00288,35.026
732.0,1,1,0.845,10,2.903,31,26,257.8,-0.00288,35.026
733.0,1,1,0.845,10,2.903,31,26,257.8,-0.00288,35.026
734.0,1,1,0.845,10,2.903,31,26,257.8,-0.00288,35.026
735.0,1,1,0.845,10,2.903,31,26,257.8,-0.00288,35.026
736.0,1,1,0.845,10,2.903,31,26,257.8,-0.00288,35.026
737.0,1,1,0.845,10,2.903,31,26,257.8,-0.00288,35.026
738.0,1,1,0.845,10,2.903,31,26,257.8,-0.00288,35.026
739.0,1,1,0.845,10,2.903,31,26,257.8,-0.00288,35.026
740.0,1,1,0.845,10,2.903,31,26,257.8,-0.00288,35.026
741.0,1,1,0.845,10,2.903,31,26,257.8,-0.00288,35.026
742.0,1,1,0.845,10,2.903,31,26,257.8,-0.00288,35.026
743.0,1,1,0.845,10,2.903,31,26,257.8,-0.00288,35.026
744.0,5,0,0.784,10,2.903,32,26,269.4,-0.00288,34.936
745.0,5,1,0.784,10,2.903,32,26,269.4,-0.00288,34.936
746.0,5,1,0.784,10,2.903,32,26,269.4,-0.00288,34.936
747.0,5,1,0.784,10,2.903,32,26,269.4,-0.00288,34.936
748.0,5,1,0.784,10,2.903,32,26,269.4,-0.00288,34.936
749.0,5,1,0.784,10,2.903,32,26,269.4,-0.00288,34.936
750.0,5,1,0.784,10,2.903,32,26,269.4,-0.00288,34.936
751.0,5,1,0.784,10,2.903,32,26,269.4,-0.00288,34.936
752.0,5,1,0.784,10,2.903,32,26,269.4,-0.00288,34.936
753.0,5,1,0.784,10,2.903,32,26,269.4,-0.00288,34.936
754.0,5,1,0.784,10,2.903,32,26,269.4,-0.00288,34.936
755.0,5,1,0.784,10,2.903,32,26,269.4,-0.00288,34.936
756.0,5,1,0.784,10,2.903,32,26,269.4,-0.00288,34.936
757.0,5,1,0.784,10,2.903,32,26,269.4,-0.00288,34.936
758.0,5,1,0.784,10,2.903,32,26,269.4,-0.00288,34.936
759.0,5,1,0.784,10,2.903,32,26,269.4,-0.00288,34.936
760.0,5,1,0.784,10,2.903,32,26,269.4,-0.00288,34.936
761.0,5,1,0.784,10,2.903,32,26,269.4,-0.00288,34.936
762.0,5,1,0.784,10,2.903,32,26,269.4,-0.00288,34.936
763.0,5,1,0.784,10,2.903,32,26,269.4,-0.00288,34.936
764.0,5,1,0.784,10,2.903,32,26,269.4,-0.00288,34.936
765.0,5,1,0.784,10,2.903,32,26,269.4,-0.00288,34.936
766.0,10,0,0.682,10,2.903,33,26,283.9,-0.00288,35.047
767.0,10,0,0.682,10,2.903,33,26,283.9,-0.00288,35.047
768.0,10,0,0.682,10,2.908,33,27,283.9,-0.00356,35.02
769.0,10,0,0.682,10,2.908,33,27,283.9,-0.00356,35.037
770.0,10,0,0.682,10,2.908,33,27,283.9,-0.00356,35.053
771.0,10,1,0.682,10,2.908,33,27,283.9,-0.00356,35.053
772.0,10,1,0.682,10,2.908,33,27,283.9,-0.00356,35.053
773.0,10,1,0.682,10,2.908,33,27,283.9,-0.00356,35.053
774.0,10,1,0.682,10,2.908,33,27,283.9,-0.00356,35.053
775.0,10,1,0.682,10,2.908,33,27,283.9,-0.00356,35.053
776.0,10,1,0.682,10,2.908,33,27,283.9,-0.00356,35.053
777.0,10,1,0.682,10,2.908,33,27,283.9,-0.00356,35.053
778.0,10,1,0.682,10,2.908,33,27,283.9,-0.00356,35.053
779.0,10,1,0.682,10,2.908,33,27,283.9,-0.00356,35.053
780.0,10,1,0.682,10,2.908,33,27,283.9,-0.00356,35.053
781.0,10,1,0.682,10,2.908,33,27,283.9,-0.00356,35.053
782.0,9,0,0.864,10,2.908,34,27,286.9,-0.00356,35.498
783.0,9,0,0.864,10,2.908,34,27,286.9,-0.00356,35.477
784.0,9,0,0.864,10,2.898,34,28,286.9,-0.00216,35.356
785.0,9,1,0.864,10,2.898,34,28,286.9,-0.00216,35.356
786.0,9,1,0.864,10,2.898,34,28,286.9,-0.00216,35.356
787.0,9,0,1.0,10,2.898,34,28,286.9,-0.00216,35.146
788.0,9,1,1.0,10,2.898,34,28,286.9,-0.00216,35.146
789.0,9,1,1.0,10,2.898,34,28,286.9,-0.00216,35.146
790.0,9,1,1.0,10,2.898,34,28,286.9,-0.00216,35.146
791.0,9,1,1.0,10,2.898,34,28,286.9,-0.00216,35.146
792.0,9,1,1.0,10,2.898,34,28,286.9,-0.00216,35.146
793.0,9,1,1.0,10,2.898,34,28,286.9,-0.00216,35.146
794.0,9,1,1.0,10,2.898,34,28,286.9,-0.00216,35.146
795.0,9,1,1.0,10,2.898,34,28,286.9,-0.00216,35.146
796.0,9,1,1.0,10,2.898,34,28,286.9,-0.00216,35.146
797.0,9,1,1.0,10,2.898,34,28,286.9,-0.00216,35.146
798.0,9,1,1.0,10,2.898,34,28,286.9,-0.00216,35.146
799.0,9,1,1.0,10,2.898,34,28,286.9,-0.00216,35.146
800.0,9,1,1.0,10,2.898,34,28,286.9,-0.00216,35.146
801.0,9,1,1.0,10,2.898,34,28,286.9,-0.00216,35.146
802.0,9,1,1.0,10,2.898,34,28,286.9,-0.00216,35.146
803.0,7,0,0.834,10,2.898,35,28,292.6,-0.00216,34.908
804.0,7,0,0.834,10,2.898,35,28,292.6,-0.00216,34.908
805.0,7,0,0.834,10,2.904,35,29,292.6,-0.003,34.96
806.0,7,1,0.834,10,2.904,35,29,292.6,-0.003,34.96
807.0,7,1,0.834,10,2.904,35,29,292.6,-0.003,34.96
808.0,7,1,0.834,10,2.904,35,29,292.6,-0.003,34.96
809.0,7,1,0.834,10,2.904,35,29,292.6,-0.003,34.96
810.0,7,1,0.834,10,2.904,35,29,292.6,-0.003,34.96
811.0,7,1,0.834,10,2.904,35,29,292.6,-0.003,34.96
812.0,7,1,0.834,10,2.904,35,29,292.6,-0.003,34.96
813.0,7,1,0.834,10,2.904,35,29,292.6,-0.003,34.96
814.0,7,1,0.834,10,2.904,35,29,292.6,-0.003,34.96
815.0,7,1,0.834,10,2.904,35,29,292.6,-0.003,34.96
816.0,7,1,0.834,10,2.904,35,29,292.6,-0.003,34.96
817.0,7,1,0.834,10,2.904,35,29,292.6,-0.003,34.96
818.0,7,1,0.834,10,2.904,35,29,292.6,-0.003,34.96
819.0,7,1,0.834,10,2.904,35,29,292.6,-0.003,34.96
820.0,7,1,0.834,10,2.904,35,29,292.6,-0.003,34.96
821.0,7,1,0.834,10,2.904,35,29,292.6,-0.003,34.96
822.0,7,1,0.834,10,2.904,35,29,292.6,-0.003,34.96
823.0,7,1,0.834,10,2.904,35,29,292.6,-0.003,34.96
824.0,4,0,0.845,10,2.904,36,29,301.4,-0.003,34.5
825.0,4,0,0.845,10,2.904,36,29,301.4,-0.003,34.5
826.0,4,0,0.845,10,2.908,36,30,301.4,-0.00299,34.581
827.0,4,0,0.845,10,2.908,36,30,301.4,-0.00299,34.558
828.0,4,0,0.845,10,2.908,36,30,301.4,-0.00299,34.539
829.0,4,0,0.845,10,2.908,36,30,301.4,-0.00299,34.518
830.0,4,1,0.845,10,2.908,36,30,301.4,-0.00299,34.518
831.0,4,1,0.845,10,2.908,36,30,301.4,-0.00299,34.518
832.0,4,1,0.845,10,2.908,36,30,301.4,-0.00299,34.518
833.0,4,1,0.845,10,2.908,36,30,301.4,-0.00299,34.518
834.0,4,1,0.845,10,2.908,36,30,301.4,-0.00299,34.518
835.0,4,1,0.845,10,2.908,36,30,301.4,-0.00299,34.518
836.0,4,1,0.845,10,2.908,36,30,301.4,-0.00299,34.518
837.0,4,1,0.845,10,2.908,36,30,301.4,-0.00299,34.518
838.0,4,1,0.845,10,2.908,36,30,301.4,-0.00299,34.518
839.0,4,1,0.845,10,2.908,36,30,301.4,-0.00299,34.518
840.0,4,1,0.845,10,2.908,36,30,301.4,-0.00299,34.518
841.0,4,1,0.845,10,2.908,36,30,301.4,-0.00299,34.518
842.0,4,1,0.845,10,2.908,36,30,301.4,-0.00299,34.518
843.0,4,1,0.845,10,2.908,36,30,301.4,-0.00299,34.518
844.0,4,1,0.845,10,2.908,36,30,301.4,-0.00299,34.518
845.0,4,1,0.845,10,2.908,36,30,301.4,-0.00299,34.518
846.0,4,1,0.845,10,2.908,36,30,301.4,-0.00299,34.518
847.0,4,1,0.845,10,2.908,36,30,301.4,-0.00299,34.518
848.0,1,0,0.783,10,2.908,37,30,310.1,-0.00299,34.65
849.0,1,0,0.783,10,2.908,37,30,310.1,-0.00299,34.627
850.0,1,0,0.783,10,2.902,37,31,310.1,-0.00292,34.604
851.0,1,0,0.783,10,2.902,37,31,310.1,-0.00292,34.587
852.0,1,0,0.783,10,2.902,37,31,310.1,-0.00292,34.566
853.0,1,0,0.783,10,2.902,37,31,310.1,-0.00292,34.566
854.0,1,1,0.783,10,2.902,37,31,310.1,-0.00292,34.566
855.0,1,1,0.783,10,2.902,37,31,310.1,-0.00292,34.566
856.0,1,1,0.783,10,2.902,37,31,310.1,-0.00292,34.566
857.0,1,1,0.783,10,2.902,37,31,310.1,-0.00292,34.566
858.0,1,1,0.783,10,2.902,37,31,310.1,-0.00292,34.566
859.0,1,1,0.783,10,2.902,37,31,310.1,-0.00292,34.566
860.0,1,1,0.783,10,2.902,37,31,310.1,-0.00292,34.566
861.0,1,1,0.783,10,2.902,37,31,310.1,-0.00292,34.566
862.0,1,1,0.783,10,2.902,37,31,310.1,-0.00292,34.566
863.0,1,1,0.783,10,2.902,37,31,310.1,-0.00292,34.566
864.0,1,1,0.783,10,2.902,37,31,310.1,-0.00292,34.566
865.0,1,1,0.783,10,2.902,37,31,310.1,-0.00292,34.566
866.0,1,1,0.783,10,2.902,37,31,310.1,-0.00292,34.566
867.0,1,1,0.783,10,2.902,37,31,310.1,-0.00292,34.566
868.0,3,0,0.943,10,2.902,38,31,315.9,-0.00292,31.356
869.0,3,0,0.943,10,2.902,38,31,315.9,-0.00292,31.373
870.0,3,0,0.943,10,2.9,38,32,315.9,-0.00292,34.56
871.0,3,0,0.943,10,2.9,38,32,315.9,-0.00292,34.577
872.0,3,0,0.943,10,2.9,38,32,315.9,-0.00292,34.594
873.0,3,0,0.943,10,2.9,38,32,315.9,-0.00292,34.611
874.0,3,1,0.943,10,2.9,38,32,315.9,-0.00292,34.611
875.0,3,1,0.943,10,2.9,38,32,315.9,-0.00292,34.611
876.0,3,1,0.943,10,2.9,38,32,315.9,-0.00292,34.611
877.0,3,1,0.943,10,2.9,38,32,315.9,-0.00292,34.611
878.0,3,1,0.943,10,2.9,38,32,315.9,-0.00292,34.611
879.0,3,1,0.943,10,2.9,38,32,315.9,-0.00292,34.611
880.0,3,1,0.943,10,2.9,38,32,315.9,-0.00292,34.611
881.0,3,1,0.943,10,2.9,38,32,315.9,-0.00292,34.611
882.0,3,1,0.943,10,2.9,38,32,315.9,-0.00292,34.611
883.0,3,1,0.943,10,2.9,38,32,315.9,-0.00292,34.611
884.0,3,1,0.943,10,2.9,38,32,315.9,-0.00292,34.611
885.0,3,1,0.943,10,2.9,38,32,315.9,-0.00292,34.611
886.0,3,1,0.943,10,2.9,38,32,315.9,-0.00292,34.611
887.0,3,1,0.943,10,2.9,38,32,315.9,-0.00292,34.611
888.0,3,1,0.943,10,2.9,38,32,315.9,-0.00292,34.611
889.0,3,1,0.943,10,2.9,38,32,315.9,-0.00292,34.611
890.0,3,1,0.943,10,2.9,38,32,315.9,-0.00292,34.611
891.0,3,1,0.943,10,2.9,38,32,315.9,-0.00292,34.611
892.0,7,0,0.993,10,2.9,39,32,327.5,-0.00292,34.692
893.0,7,0,0.993,10,2.9,39,32,327.5,-0.00292,34.71
894.0,7,0,0.993,10,2.9,39,33,327.5,-0.00311,34.68
895.0,7,0,0.993,10,2.9,39,33,327.5,-0.00311,34.697
896.0,7,1,0.993,10,2.9,39,33,327.5,-0.00311,34.697
897.0,7,1,0.993,10,2.9,39,33,327.5,-0.00311,34.697
898.0,7,1,0.993,10,2.9,39,33,327.5,-0.00311,34.697
899.0,7,1,0.993,10,2.9,39,33,327.5,-0.00311,34.697
900.0,7,1,0.993,10,2.9,39,33,327.5,-0.00311,34.697
901.0,7,1,0.993,10,2.9,39,33,327.5,-0.00311,34.697
902.0,7,1,0.993,10,2.9,39,33,327.5,-0.00311,34.697
903.0,7,1,0.993,10,2.9,39,33,327.5,-0.00311,34.697
904.0,7,1,0.993,10,2.9,39,33,327.5,-0.00311,34.697
905.0,7,1,0.993,10,2.9,39,33,327.5,-0.00311,34.697
906.0,8,0,0.956,10,2.9,40,33,330.4,-0.00311,35.095
907.0,8,0,0.956,10,2.9,40,33,330.4,-0.00311,35.111
908.0,8,0,0.956,10,2.903,40,34,330.4,-0.00311,35.021
909.0,8,0,0.956,10,2.903,40,34,330.4,-0.00311,35.038
910.0,8,0,0.956,10,2.903,40,34,330.4,-0.00311,35.055
911.0,8,0,0.956,10,2.903,40,34,330.4,-0.00311,35.072
912.0,8,1,0.956,10,2.903,40,34,330.4,-0.00311,35.072
913.0,8,1,0.956,10,2.903,40,34,330.4,-0.00311,35.072
914.0,8,1,0.956,10,2.903,40,34,330.4,-0.00311,35.072
915.0,8,1,0.956,10,2.903,40,34,330.4,-0.00311,35.072
916.0,8,1,0.956,10,2.903,40,34,330.4,-0.00311,35.072
917.0,8,1,0.956,10,2.903,40,34,330.4,-0.00311,35.072
918.0,8,1,0.956,10,2.903,40,34,330.4,-0.00311,35.072
919.0,8,1,0.956,10,2.903,40,34,330.4,-0.00311,35.072
920.0,8,1,0.956,10,2.903,40,34,330.4,-0.00311,35.072
921.0,8,1,0.956,10,2.903,40,34,330.4,-0.00311,35.072
922.0,8,1,0.956,10,2.903,40,34,330.4,-0.00311,35.072
923.0,8,1,0.956,10,2.903,40,34,330.4,-0.00311,35.072
924.0,8,1,0.956,10,2.903,40,34,330.4,-0.00311,35.072
925.0,8,1,0.956,10,2.903,40,34,330.4,-0.00311,35.072
926.0,8,1,0.956,10,2.903,40,34,330.4,-0.00311,35.072
927.0,10,0,0.968,10,2.903,41,34,336.2,-0.00311,34.506
928.0,10,0,0.968,10,2.903,41,34,336.2,-0.00311,34.523
929.0,10,0,0.968,10,2.902,41,35,336.2,-0.00315,34.669
930.0,10,0,0.968,10,2.902,41,35,336.2,-0.00315,34.686
931.0,10,0,0.968,10,2.902,41,35,336.2,-0.00315,34.703
932.0,10,1,0.968,10,2.902,41,35,336.2,-0.00315,34.703
933.0,10,1,0.968,10,2.902,41,35,336.2,-0.00315,34.703
934.0,10,1,0.968,10,2.902,41,35,336.2,-0.00315,34.703
935.0,10,1,0.968,10,2.902,41,35,336.2,-0.00315,34.703
936.0,10,1,0.968,10,2.902,41,35,336.2,-0.00315,34.703
937.0,10,1,0.968,10,2.902,41,35,336.2,-0.00315,34.703
938.0,10,1,0.968,10,2.902,41,35,336.2,-0.00315,34.703
939.0,10,1,0.968,10,2.902,41,35,336.2,-0.00315,34.703
940.0,10,1,0.968,10,2.902,41,35,336.2,-0.00315,34.703
941.0,10,1,0.968,10,2.902,41,35,336.2,-0.00315,34.703
942.0,10,1,0.968,10,2.902,41,35,336.2,-0.00315,34.703
943.0,10,1,0.968,10,2.902,41,35,336.2,-0.00315,34.703
944.0,10,1,0.968,10,2.902,41,35,336.2,-0.00315,34.703
945.0,10,1,0.968,10,2.902,41,35,336.2,-0.00315,34.703
946.0,10,1,0.968,10,2.902,41,35,336.2,-0.00315,34.703
947.0,10,1,0.968,10,2.902,41,35,336.2,-0.00315,34.703
948.0,10,1,0.968,10,2.902,41,35,336.2,-0.00315,34.703
949.0,10,1,0.968,10,2.902,41,35,336.2,-0.00315,34.703
950.0,10,1,0.968,10,2.902,41,35,336.2,-0.00315,34.703
951.0,10,1,0.968,10,2.902,41,35,336.2,-0.00315,34.703
952.0,10,1,0.968,10,2.902,41,35,336.2,-0.00315,34.703
953.0,10,1,0.968,10,2.902,41,35,336.2,-0.00315,34.703
954.0,10,1,0.968,10,2.902,41,35,336.2,-0.00315,34.703
955.0,10,1,0.968,10,2.902,41,35,336.2,-0.00315,34.703
956.0,10,1,0.968,10,2.902,41,35,336.2,-0.00315,34.703
957.0,10,1,0.968,10,2.902,41,35,336.2,-0.00315,34.703
958.0,10,1,0.968,10,2.902,41,35,336.2,-0.00315,34.703
959.0,10,1,0.968,10,2.902,41,35,336.2,-0.00315,34.703
960.0,10,1,0.968,10,2.902,41,35,336.2,-0.00315,34.703
961.0,10,1,0.968,10,2.902,41,35,336.2,-0.00315,34.703
962.0,10,1,0.968,10,2.902,41,35,336.2,-0.00315,34.703
963.0,10,1,0.968,10,2.902,41,35,336.2,-0.00315,34.703
964.0,10,1,0.968,10,2.902,41,35,336.2,-0.00315,34.703
965.0,10,1,0.968,10,2.902,41,35,336.2,-0.00315,34.703
966.0,10,1,0.968,10,2.902,41,35,336.2,-0.00315,34.703
967.0,10,1,0.968,10,2.902,41,35,336.2,-0.00315,34.703
968.0,10,1,0.968,10,2.902,41,35,336.2,-0.00315,34.703
969.0,10,1,0.968,10,2.902,41,35,336.2,-0.00315,34.703
970.0,10,1,0.968,10,2.902,41,35,336.2,-0.00315,34.703
971.0,10,1,0.968,10,2.902,41,35,336.2,-0.00315,34.703
972.0,10,1,0.968,10,2.902,41,35,336.2,-0.00315,34.703
973.0,10,1,0.968,10,2.902,41,35,336.2,-0.00315,34.703
974.0,10,1,0.968,10,2.902,41,35,336.2,-0.00315,34.703
975.0,10,1,0.968,10,2.902,41,35,336.2,-0.00315,34.703
976.0,10,1,0.968,10,2.902,41,35,336.2,-0.00315,34.703
977.0,10,1,0.968,10,2.902,41,35,336.2,-0.00315,34.703
978.0,3,0,0.914,10,2.902,42,35,356.5,-0.00315,34.4
979.0,3,0,0.914,10,2.902,42,35,356.5,-0.00315,34.4
980.0,3,1,0.914,10,2.902,42,35,356.5,-0.00315,34.4
981.0,3,1,0.914,10,2.902,42,35,356.5,-0.00315,34.4
982.0,3,1,0.914,10,2.902,42,35,356.5,-0.00315,34.4
983.0,3,1,0.914,10,2.902,42,35,356.5,-0.00315,34.4
984.0,3,1,0.914,10,2.902,42,35,356.5,-0.00315,34.4
985.0,3,1,0.914,10,2.902,42,35,356.5,-0.00315,34.4
986.0,3,1,0.914,10,2.902,42,35,356.5,-0.00315,34.4
987.0,3,1,0.914,10,2.902,42,35,356.5,-0.00315,34.4
988.0,3,1,0.914,10,2.902,42,35,356.5,-0.00315,34.4
989.0,3,1,0.914,10,2.902,42,35,356.5,-0.00315,34.4
990.0,3,1,0.914,10,2.902,42,35,356.5,-0.00315,34.4
991.0,3,1,0.914,10,2.902,42,35,356.5,-0.00315,34.4
992.0,3,1,0.914,10,2.902,42,35,356.5,-0.00315,34.4
993.0,3,1,0.914,10,2.902,42,35,356.5,-0.00315,34.4
994.0,3,1,0.914,10,2.902,42,35,356.5,-0.00315,34.4
995.0,3,1,0.914,10,2.902,42,35,356.5,-0.00315,34.4
996.0,3,1,0.914,10,2.902,42,35,356.5,-0.00315,34.4
997.0,3,1,0.914,10,2.902,42,35,356.5,-0.00315,34.4
998.0,3,1,0.914,10,2.902,42,35,356.5,-0.00315,34.4
999.0,3,1,0.914,10,2.902,42,35,356.5,-0.00315,34.4
1000.0,3,1,0.914,10,2.902,42,35,356.5,-0.00315,34.4
1001.0,3,1,0.914,10,2.902,42,35,356.5,-0.00315,34.4
1002.0,3,1,0.914,10,2.902,42,35,356.5,-0.00315,34.4
1003.0,3,1,0.914,10,2.902,42,35,356.5,-0.00315,34.4
1004.0,3,1,0.914,10,2.902,42,35,356.5,-0.00315,34.4
1005.0,10,0,0.994,10,2.902,43,35,376.8,-0.00315,34.363
1006.0,10,0,0.994,10,2.902,43,35,376.8,-0.00315,34.38
1007.0,10,0,0.994,10,2.902,43,36,376.8,-0.00336,34.386
1008.0,10,0,0.994,10,2.902,43,36,376.8,-0.00336,34.403
1009.0,10,0,0.994,10,2.902,43,36,376.8,-0.00336,34.42
1010.0,10,1,0.994,10,2.902,43,36,376.8,-0.00336,34.42
1011.0,10,1,0.994,10,2.902,43,36,376.8,-0.00336,34.42
1012.0,10,1,0.994,10,2.902,43,36,376.8,-0.00336,34.42
1013.0,10,1,0.994,10,2.902,43,36,376.8,-0.00336,34.42
1014.0,10,1,0.994,10,2.902,43,36,376.8,-0.00336,34.42
1015.0,10,1,0.994,10,2.902,43,36,376.8,-0.00336,34.42
1016.0,10,1,0.994,10,2.902,43,36,376.8,-0.00336,34.42
1017.0,10,1,0.994,10,2.902,43,36,376.8,-0.00336,34.42
1018.0,10,1,0.994,10,2.902,43,36,376.8,-0.00336,34.42
1019.0,10,1,0.994,10,2.902,43,36,376.8,-0.00336,34.42
1020.0,10,1,0.994,10,2.902,43,36,376.8,-0.00336,34.42
1021.0,10,1,0.994,10,2.902,43,36,376.8,-0.00336,34.42
1022.0,10,1,0.994,10,2.902,43,36,376.8,-0.00336,34.42
1023.0,10,1,0.994,10,2.902,43,36,376.8,-0.00336,34.42
1024.0,10,1,0.994,10,2.902,43,36,376.8,-0.00336,34.42
1025.0,10,1,0.994,10,2.902,43,36,376.8,-0.00336,34.42
1026.0,10,1,0.994,10,2.902,43,36,376.8,-0.00336,34.42
1027.0,10,1,0.994,10,2.902,43,36,376.8,-0.00336,34.42
1028.0,10,1,0.994,10,2.902,43,36,376.8,-0.00336,34.42
1029.0,7,0,0.869,10,2.902,44,36,385.5,-0.00336,34.262
1030.0,7,0,0.869,10,2.902,44,36,385.5,-0.00336,34.262
1031.0,7,0,0.869,10,2.905,44,37,385.5,-0.00336,34.285
1032.0,7,0,0.869,10,2.905,44,37,385.5,-0.00336,34.302
1033.0,7,0,0.869,10,2.905,44,37,385.5,-0.00336,34.318
1034.0,7,1,0.869,10,2.905,44,37,385.5,-0.00336,34.318
1035.0,7,1,0.869,10,2.905,44,37,385.5,-0.00336,34.318
1036.0,7,1,0.869,10,2.905,44,37,385.5,-0.00336,34.318
1037.0,7,1,0.869,10,2.905,44,37,385.5,-0.00336,34.318
1038.0,7,1,0.869,10,2.905,44,37,385.5,-0.00336,34.318
1039.0,7,1,0.869,10,2.905,44,37,385.5,-0.00336,34.318
1040.0,7,1,0.869,10,2.905,44,37,385.5,-0.00336,34.318
1041.0,7,1,0.869,10,2.905,44,37,385.5,-0.00336,34.318
1042.0,7,1,0.869,10,2.905,44,37,385.5,-0.00336,34.318
1043.0,7,1,0.869,10,2.905,44,37,385.5,-0.00336,34.318
1044.0,7,1,0.869,10,2.905,44,37,385.5,-0.00336,34.318
1045.0,7,1,0.869,10,2.905,44,37,385.5,-0.00336,34.318
1046.0,7,1,0.869,10,2.905,44,37,385.5,-0.00336,34.318
1047.0,7,1,0.869,10,2.905,44,37,385.5,-0.00336,34.318
1048.0,7,1,0.869,10,2.905,44,37,385.5,-0.00336,34.318
1049.0,7,1,0.869,10,2.905,44,37,385.5,-0.00336,34.318
1050.0,7,1,0.869,10,2.905,44,37,385.5,-0.00336,34.318
1051.0,7,1,0.869,10,2.905,44,37,385.5,-0.00336,34.318
1052.0,7,1,0.869,10,2.905,44,37,385.5,-0.00336,34.318
1053.0,7,1,0.869,10,2.905,44,37,385.5,-0.00336,34.318
1054.0,7,1,0.869,10,2.905,44,37,385.5,-0.00336,34.318
1055.0,7,1,0.869,10,2.905,44,37,385.5,-0.00336,34.318
1056.0,7,1,0.869,10,2.905,44,37,385.5,-0.00336,34.318
1057.0,7,1,0.869,10,2.905,44,37,385.5,-0.00336,34.318
1058.0,7,1,0.869,10,2.905,44,37,385.5,-0.00336,34.318
1059.0,1,0,0.791,10,2.905,45,37,403.0,-0.00336,34.295
1060.0,1,0,0.791,10,2.905,45,37,403.0,-0.00336,34.272
1061.0,1,0,0.791,10,2.903,45,38,403.0,-0.00336,34.248
1062.0,1,0,0.791,10,2.903,45,38,403.0,-0.00336,34.225
1063.0,1,0,0.791,10,2.903,45,38,403.0,-0.00336,34.211
1064.0,1,0,0.791,10,2.903,45,38,403.0,-0.00336,34.211
1065.0,1,0,0.791,10,2.903,45,38,403.0,-0.00336,34.19
1066.0,1,0,0.791,10,2.903,45,38,403.0,-0.00336,34.167
1067.0,1,0,0.791,10,2.903,45,38,403.0,-0.00336,34.144
1068.0,1,0,0.791,10,2.903,45,38,403.0,-0.00336,34.12
1069.0,1,1,0.791,10,2.903,45,38,403.0,-0.00336,34.12
1070.0,1,1,0.791,10,2.903,45,38,403.0,-0.00336,34.12
1071.0,1,1,0.791,10,2.903,45,38,403.0,-0.00336,34.12
1072.0,1,1,0.791,10,2.903,45,38,403.0,-0.00336,34.12
1073.0,1,1,0.791,10,2.903,45,38,403.0,-0.00336,34.12
1074.0,1,1,0.791,10,2.903,45,38,403.0,-0.00336,34.12
1075.0,1,1,0.791,10,2.903,45,38,403.0,-0.00336,34.12
1076.0,1,1,0.791,10,2.903,45,38,403.0,-0.00336,34.12
1077.0,1,1,0.791,10,2.903,45,38,403.0,-0.00336,34.12
1078.0,1,1,0.791,10,2.903,45,38,403.0,-0.00336,34.12
1079.0,1,1,0.791,10,2.903,45,38,403.0,-0.00336,34.12
1080.0,1,1,0.791,10,2.903,45,38,403.0,-0.00336,34.12
1081.0,1,1,0.791,10,2.903,45,38,403.0,-0.00336,34.12
1082.0,1,1,0.791,10,2.903,45,38,403.0,-0.00336,34.12
1083.0,1,1,0.791,10,2.903,45,38,403.0,-0.00336,34.12
1084.0,1,1,0.791,10,2.903,45,38,403.0,-0.00336,34.12
1085.0,4,0,0.871,10,2.903,46,38,411.7,-0.00336,34.057
1086.0,4,0,0.871,10,2.903,46,38,411.7,-0.00336,34.074
1087.0,4,1,0.871,10,2.903,46,38,411.7,-0.00336,34.074
1088.0,4,1,0.871,10,2.903,46,38,411.7,-0.00336,34.074
1089.0,4,1,0.871,10,2.903,46,38,411.7,-0.00336,34.074
1090.0,4,1,0.871,10,2.903,46,38,411.7,-0.00336,34.074
1091.0,4,1,0.871,10,2.903,46,38,411.7,-0.00336,34.074
1092.0,4,1,0.871,10,2.903,46,38,411.7,-0.00336,34.074
1093.0,4,1,0.871,10,2.903,46,38,411.7,-0.00336,34.074
1094.0,4,1,0.871,10,2.903,46,38,411.7,-0.00336,34.074
1095.0,4,1,0.871,10,2.903,46,38,411.7,-0.00336,34.074
1096.0,4,1,0.871,10,2.903,46,38,411.7,-0.00336,34.074
1097.0,4,1,0.871,10,2.903,46,38,411.7,-0.00336,34.074
1098.0,4,1,0.871,10,2.903,46,38,411.7,-0.00336,34.074
1099.0,4,1,0.871,10,2.903,46,38,411.7,-0.00336,34.074
1100.0,4,1,0.871,10,2.903,46,38,411.7,-0.00336,34.074
1101.0,4,1,0.871,10,2.903,46,38,411.7,-0.00336,34.074
1102.0,4,1,0.871,10,2.903,46,38,411.7,-0.00336,34.074
1103.0,4,1,0.871,10,2.903,46,38,411.7,-0.00336,34.074
1104.0,6,0,0.939,10,2.903,47,38,417.5,-0.00336,34.225
1105.0,6,0,0.939,10,2.903,47,38,417.5,-0.00336,34.241
1106.0,6,0,0.939,10,2.905,47,39,417.5,-0.00336,34.194
1107.0,6,1,0.939,10,2.905,47,39,417.5,-0.00336,34.194
1108.0,6,1,0.939,10,2.905,47,39,417.5,-0.00336,34.194
1109.0,6,1,0.939,10,2.905,47,39,417.5,-0.00336,34.194
1110.0,6,1,0.939,10,2.905,47,39,417.5,-0.00336,34.194
1111.0,6,1,0.939,10,2.905,47,39,417.5,-0.00336,34.194
1112.0,6,1,0.939,10,2.905,47,39,417.5,-0.00336,34.194
1113.0,6,1,0.939,10,2.905,47,39,417.5,-0.00336,34.194
1114.0,6,1,0.939,10,2.905,47,39,417.5,-0.00336,34.194
1115.0,6,1,0.939,10,2.905,47,39,417.5,-0.00336,34.194
1116.0,6,1,0.939,10,2.905,47,39,417.5,-0.00336,34.194
1117.0,6,1,0.939,10,2.905,47,39,417.5,-0.00336,34.194
1118.0,6,1,0.939,10,2.905,47,39,417.5,-0.00336,34.194
1119.0,7,0,0.842,10,2.905,48,39,420.4,-0.00336,33.924
1120.0,7,0,0.842,10,2.905,48,39,420.4,-0.00336,33.924
1121.0,7,0,0.842,10,2.894,48,40,420.4,-0.00348,33.998
1122.0,7,1,0.842,10,2.894,48,40,420.4,-0.00348,33.998
1123.0,7,1,0.842,10,2.894,48,40,420.4,-0.00348,33.998
1124.0,7,0,1.0,10,2.894,48,40,420.4,-0.00348,34.19
1125.0,7,0,1.0,10,2.894,48,40,420.4,-0.00348,34.207
1126.0,7,0,1.0,10,2.894,48,40,420.4,-0.00348,34.211
1127.0,7,0,1.0,10,2.894,48,40,420.4,-0.00348,34.228
1128.0,7,1,1.0,10,2.894,48,40,420.4,-0.00348,34.228
1129.0,7,1,1.0,10,2.894,48,40,420.4,-0.00348,34.228
1130.0,7,1,1.0,10,2.894,48,40,420.4,-0.00348,34.228
1131.0,7,1,1.0,10,2.894,48,40,420.4,-0.00348,34.228
1132.0,7,1,1.0,10,2.894,48,40,420.4,-0.00348,34.228
1133.0,7,1,1.0,10,2.894,48,40,420.4,-0.00348,34.228
1134.0,7,1,1.0,10,2.894,48,40,420.4,-0.00348,34.228
1135.0,7,1,1.0,10,2.894,48,40,420.4,-0.00348,34.228
1136.0,7,1,1.0,10,2.894,48,40,420.4,-0.00348,34.228
1137.0,7,1,1.0,10,2.894,48,40,420.4,-0.00348,34.228
1138.0,7,1,1.0,10,2.894,48,40,420.4,-0.00348,34.228
1139.0,7,1,1.0,10,2.894,48,40,420.4,-0.00348,34.228
1140.0,7,1,1.0,10,2.894,48,40,420.4,-0.00348,34.228
1141.0,7,1,1.0,10,2.894,48,40,420.4,-0.00348,34.228
1142.0,7,1,1.0,10,2.894,48,40,420.4,-0.00348,34.228
1143.0,7,1,1.0,10,2.894,48,40,420.4,-0.00348,34.228
1144.0,7,1,1.0,10,2.894,48,40,420.4,-0.00348,34.228
1145.0,7,1,1.0,10,2.894,48,40,420.4,-0.00348,34.228
1146.0,7,1,1.0,10,2.894,48,40,420.4,-0.00348,34.228
1147.0,7,1,1.0,10,2.894,48,40,420.4,-0.00348,34.228
1148.0,7,1,1.0,10,2.894,48,40,420.4,-0.00348,34.228
1149.0,7,1,1.0,10,2.894,48,40,420.4,-0.00348,34.228
1150.0,7,1,1.0,10,2.894,48,40,420.4,-0.00348,34.228
1151.0,7,1,1.0,10,2.894,48,40,420.4,-0.00348,34.228
1152.0,7,1,1.0,10,2.894,48,40,420.4,-0.00348,34.228
1153.0,7,1,1.0,10,2.894,48,40,420.4,-0.00348,34.228
1154.0,7,1,1.0,10,2.894,48,40,420.4,-0.00348,34.228
1155.0,7,1,1.0,10,2.894,48,40,420.4,-0.00348,34.228
1156.0,9,0,0.808,10,2.894,49,40,426.2,-0.00348,34.266
1157.0,9,0,0.808,10,2.894,49,40,426.2,-0.00348,34.266
1158.0,9,0,0.808,10,2.901,49,41,426.2,-0.00336,34.249
1159.0,9,0,0.808,10,2.901,49,41,426.2,-0.00336,34.265
1160.0,9,1,0.808,10,2.901,49,41,426.2,-0.00336,34.265
1161.0,9,1,0.808,10,2.901,49,41,426.2,-0.00336,34.265
1162.0,9,1,0.808,10,2.901,49,41,426.2,-0.00336,34.265
1163.0,9,1,0.808,10,2.901,49,41,426.2,-0.00336,34.265
1164.0,9,1,0.808,10,2.901,49,41,426.2,-0.00336,34.265
1165.0,9,1,0.808,10,2.901,49,41,426.2,-0.00336,34.265
1166.0,9,1,0.808,10,2.901,49,41,426.2,-0.00336,34.265
1167.0,9,1,0.808,10,2.901,49,41,426.2,-0.00336,34.265
1168.0,9,1,0.808,10,2.901,49,41,426.2,-0.00336,34.265
1169.0,9,1,0.808,10,2.901,49,41,426.2,-0.00336,34.265
1170.0,9,1,0.808,10,2.901,49,41,426.2,-0.00336,34.265
1171.0,9,1,0.808,10,2.901,49,41,426.2,-0.00336,34.265
1172.0,9,1,0.808,10,2.901,49,41,426.2,-0.00336,34.265
1173.0,10,0,0.914,10,2.901,50,41,429.1,-0.00336,34.326
1174.0,10,0,0.914,10,2.901,50,41,429.1,-0.00336,34.343
1175.0,10,0,0.914,10,2.907,50,42,429.1,-0.00309,34.334
1176.0,10,0,0.914,10,2.907,50,42,429.1,-0.00309,34.321
1177.0,10,0,0.914,10,2.907,50,42,429.1,-0.00309,34.3
1178.0,10,1,0.914,10,2.907,50,42,429.1,-0.00309,34.3
1179.0,10,1,0.914,10,2.907,50,42,429.1,-0.00309,34.3
1180.0,10,1,0.914,10,2.907,50,42,429.1,-0.00309,34.3
1181.0,10,1,0.914,10,2.907,50,42,429.1,-0.00309,34.3
1182.0,10,1,0.914,10,2.907,50,42,429.1,-0.00309,34.3
1183.0,10,1,0.914,10,2.907,50,42,429.1,-0.00309,34.3
1184.0,10,1,0.914,10,2.907,50,42,429.1,-0.00309,34.3
1185.0,10,1,0.914,10,2.907,50,42,429.1,-0.00309,34.3
1186.0,10,1,0.914,10,2.907,50,42,429.1,-0.00309,34.3
1187.0,10,1,0.914,10,2.907,50,42,429.1,-0.00309,34.3
1188.0,10,1,0.914,10,2.907,50,42,429.1,-0.00309,34.3
1189.0,10,1,0.914,10,2.907,50,42,429.1,-0.00309,34.3
1190.0,10,1,0.914,10,2.907,50,42,429.1,-0.00309,34.3
1191.0,10,1,0.914,10,2.907,50,42,429.1,-0.00309,34.3
1192.0,10,1,0.914,10,2.907,50,42,429.1,-0.00309,34.3
1193.0,10,1,0.914,10,2.907,50,42,429.1,-0.00309,34.3
1194.0,10,1,0.914,10,2.907,50,42,429.1,-0.00309,34.3
1195.0,10,1,0.914,10,2.907,50,42,429.1,-0.00309,34.3
1196.0,10,1,0.914,10,2.907,50,42,429.1,-0.00309,34.3
1197.0,10,1,0.914,10,2.907,50,42,429.1,-0.00309,34.3
1198.0,6,0,0.851,10,2.907,51,42,440.7,-0.00309,34.152
1199.0,6,1,0.851,10,2.907,51,42,440.7,-0.00309,34.152
1200.0,6,1,0.851,10,2.907,51,42,440.7,-0.00309,34.152
1201.0,6,1,0.851,10,2.907,51,42,440.7,-0.00309,34.152
1202.0,6,1,0.851,10,2.907,51,42,440.7,-0.00309,34.152
1203.0,6,1,0.851,10,2.907,51,42,440.7,-0.00309,34.152
1204.0,6,1,0.851,10,2.907,51,42,440.7,-0.00309,34.152
1205.0,6,1,0.851,10,2.907,51,42,440.7,-0.00309,34.152
1206.0,6,1,0.851,10,2.907,51,42,440.7,-0.00309,34.152
1207.0,6,1,0.851,10,2.907,51,42,440.7,-0.00309,34.152
1208.0,6,1,0.851,10,2.907,51,42,440.7,-0.00309,34.152
1209.0,6,1,0.851,10,2.907,51,42,440.7,-0.00309,34.152
1210.0,6,1,0.851,10,2.907,51,42,440.7,-0.00309,34.152
1211.0,6,1,0.851,10,2.907,51,42,440.7,-0.00309,34.152
1212.0,6,1,0.851,10,2.907,51,42,440.7,-0.00309,34.152
1213.0,6,1,0.851,10,2.907,51,42,440.7,-0.00309,34.152
1214.0,6,1,0.851,10,2.907,51,42,440.7,-0.00309,34.152
1215.0,6,1,0.851,10,2.907,51,42,440.7,-0.00309,34.152
1216.0,6,1,0.851,10,2.907,51,42,440.7,-0.00309,34.152
1217.0,6,1,0.851,10,2.907,51,42,440.7,-0.00309,34.152
1218.0,6,1,0.851,10,2.907,51,42,440.7,-0.00309,34.152
1219.0,6,1,0.851,10,2.907,51,42,440.7,-0.00309,34.152
1220.0,1,0,0.804,10,2.907,52,42,455.2,-0.00309,34.107
1221.0,1,0,0.804,10,2.907,52,42,455.2,-0.00309,34.084
1222.0,1,0,0.804,10,2.904,52,43,455.2,-0.00247,34.065
1223.0,1,0,0.804,10,2.904,52,43,455.2,-0.00247,34.065
1224.0,1,0,0.804,10,2.904,52,43,455.2,-0.00247,34.044
1225.0,1,0,0.804,10,2.904,52,43,455.2,-0.00247,34.044
1226.0,1,0,0.804,10,2.904,52,43,455.2,-0.00247,34.044
1227.0,1,1,0.804,10,2.904,52,43,455.2,-0.00247,34.044
1228.0,1,1,0.804,10,2.904,52,43,455.2,-0.00247,34.044
1229.0,1,1,0.804,10,2.904,52,43,455.2,-0.00247,34.044
1230.0,1,1,0.804,10,2.904,52,43,455.2,-0.00247,34.044
1231.0,1,1,0.804,10,2.904,52,43,455.2,-0.00247,34.044
1232.0,1,1,0.804,10,2.904,52,43,455.2,-0.00247,34.044
1233.0,1,1,0.804,10,2.904,52,43,455.2,-0.00247,34.044
1234.0,1,1,0.804,10,2.904,52,43,455.2,-0.00247,34.044
1235.0,1,1,0.804,10,2.904,52,43,455.2,-0.00247,34.044
1236.0,1,1,0.804,10,2.904,52,43,455.2,-0.00247,34.044
1237.0,1,1,0.804,10,2.904,52,43,455.2,-0.00247,34.044
1238.0,1,1,0.804,10,2.904,52,43,455.2,-0.00247,34.044
1239.0,1,1,0.804,10,2.904,52,43,455.2,-0.00247,34.044
1240.0,1,1,0.804,10,2.904,52,43,455.2,-0.00247,34.044
1241.0,1,1,0.804,10,2.904,52,43,455.2,-0.00247,34.044
1242.0,1,1,0.804,10,2.904,52,43,455.2,-0.00247,34.044
1243.0,1,1,0.804,10,2.904,52,43,455.2,-0.00247,34.044
1244.0,1,1,0.804,10,2.904,52,43,455.2,-0.00247,34.044
1245.0,1,1,0.804,10,2.904,52,43,455.2,-0.00247,34.044
1246.0,1,1,0.804,10,2.904,52,43,455.2,-0.00247,34.044
1247.0,1,1,0.804,10,2.904,52,43,455.2,-0.00247,34.044
1248.0,1,1,0.804,10,2.904,52,43,455.2,-0.00247,34.044
1249.0,1,1,0.804,10,2.904,52,43,455.2,-0.00247,34.044
1250.0,1,1,0.804,10,2.904,52,43,455.2,-0.00247,34.044
1251.0,1,1,0.804,10,2.904,52,43,455.2,-0.00247,34.044
1252.0,1,1,0.804,10,2.904,52,43,455.2,-0.00247,34.044
1253.0,1,1,0.804,10,2.904,52,43,455.2,-0.00247,34.044
1254.0,1,1,0.804,10,2.904,52,43,455.2,-0.00247,34.044
1255.0,1,1,0.804,10,2.904,52,43,455.2,-0.00247,34.044
1256.0,1,1,0.804,10,2.904,52,43,455.2,-0.00247,34.044
1257.0,1,1,0.804,10,2.904,52,43,455.2,-0.00247,34.044
1258.0,1,1,0.804,10,2.904,52,43,455.2,-0.00247,34.044
1259.0,1,1,0.804,10,2.904,52,43,455.2,-0.00247,34.044
1260.0,1,1,0.804,10,2.904,52,43,455.2,-0.00247,34.044
1261.0,1,1,0.804,10,2.904,52,43,455.2,-0.00247,34.044
1262.0,1,1,0.804,10,2.904,52,43,455.2,-0.00247,34.044
1263.0,1,1,0.804,10,2.904,52,43,455.2,-0.00247,34.044
1264.0,7,0,0.592,10,2.904,53,43,472.7,-0.00247,33.672
1265.0,7,0,0.592,10,2.904,53,43,472.7,-0.00247,33.69
1266.0,7,0,0.592,10,2.899,53,44,472.7,-0.0018,33.778
1267.0,7,0,0.592,10,2.899,53,44,472.7,-0.0018,33.797
1268.0,7,1,0.592,10,2.899,53,44,472.7,-0.0018,33.797
1269.0,7,1,0.592,10,2.899,53,44,472.7,-0.0018,33.797
1270.0,7,1,0.592,10,2.899,53,44,472.7,-0.0018,33.797
1271.0,7,1,0.592,10,2.899,53,44,472.7,-0.0018,33.797
1272.0,7,1,0.592,10,2.899,53,44,472.7,-0.0018,33.797
1273.0,7,1,0.592,10,2.899,53,44,472.7,-0.0018,33.797
1274.0,7,1,0.592,10,2.899,53,44,472.7,-0.0018,33.797
1275.0,7,1,0.592,10,2.899,53,44,472.7,-0.0018,33.797
1276.0,7,1,0.592,10,2.899,53,44,472.7,-0.0018,33.797
1277.0,7,1,0.592,10,2.899,53,44,472.7,-0.0018,33.797
1278.0,7,1,0.592,10,2.899,53,44,472.7,-0.0018,33.797
1279.0,7,1,0.592,10,2.899,53,44,472.7,-0.0018,33.797
1280.0,7,1,0.592,10,2.899,53,44,472.7,-0.0018,33.797
1281.0,7,1,0.592,10,2.899,53,44,472.7,-0.0018,33.797
1282.0,7,1,0.592,10,2.899,53,44,472.7,-0.0018,33.797
1283.0,9,0,0.789,10,2.899,54,44,478.5,-0.0018,33.84
1284.0,9,0,0.789,10,2.899,54,44,478.5,-0.0018,33.84
1285.0,9,0,0.789,10,2.907,54,45,478.5,-0.0018,33.822
1286.0,9,0,0.789,10,2.907,54,45,478.5,-0.0018,33.8
1287.0,9,0,0.789,10,2.907,54,45,478.5,-0.0018,33.778
1288.0,9,0,0.789,10,2.907,54,45,478.5,-0.0018,33.757
1289.0,9,0,0.789,10,2.907,54,45,478.5,-0.0018,33.735
1290.0,9,0,0.789,10,2.907,54,45,478.5,-0.0018,33.713
1291.0,9,1,0.789,10,2.907,54,45,478.5,-0.0018,33.713
1292.0,9,1,0.789,10,2.907,54,45,478.5,-0.0018,33.713
1293.0,9,1,0.789,10,2.907,54,45,478.5,-0.0018,33.713
1294.0,9,0,1.0,10,2.907,54,45,478.5,-0.0018,33.906
1295.0,9,1,1.0,10,2.907,54,45,478.5,-0.0018,33.906
1296.0,9,1,1.0,10,2.907,54,45,478.5,-0.0018,33.906
1297.0,9,1,1.0,10,2.907,54,45,478.5,-0.0018,33.906
1298.0,9,1,1.0,10,2.907,54,45,478.5,-0.0018,33.906
1299.0,9,1,1.0,10,2.907,54,45,478.5,-0.0018,33.906
1300.0,9,1,1.0,10,2.907,54,45,478.5,-0.0018,33.906
1301.0,9,1,1.0,10,2.907,54,45,478.5,-0.0018,33.906
1302.0,9,1,1.0,10,2.907,54,45,478.5,-0.0018,33.906
1303.0,9,1,1.0,10,2.907,54,45,478.5,-0.0018,33.906
1304.0,9,1,1.0,10,2.907,54,45,478.5,-0.0018,33.906
1305.0,9,1,1.0,10,2.907,54,45,478.5,-0.0018,33.906
1306.0,9,1,1.0,10,2.907,54,45,478.5,-0.0018,33.906
1307.0,9,1,1.0,10,2.907,54,45,478.5,-0.0018,33.906
1308.0,9,1,1.0,10,2.907,54,45,478.5,-0.0018,33.906
1309.0,9,1,1.0,10,2.907,54,45,478.5,-0.0018,33.906
1310.0,9,1,1.0,10,2.907,54,45,478.5,-0.0018,33.906
1311.0,9,1,1.0,10,2.907,54,45,478.5,-0.0018,33.906
1312.0,9,1,1.0,10,2.907,54,45,478.5,-0.0018,33.906
1313.0,6,0,0.919,10,2.907,55,45,487.2,-0.0018,33.864
1314.0,6,0,0.919,10,2.907,55,45,487.2,-0.0018,33.864
1315.0,6,0,0.919,10,2.909,55,46,487.2,-0.0018,33.866
1316.0,6,1,0.919,10,2.909,55,46,487.2,-0.0018,33.866
1317.0,6,1,0.919,10,2.909,55,46,487.2,-0.0018,33.866
1318.0,6,1,0.919,10,2.909,55,46,487.2,-0.0018,33.866
1319.0,6,1,0.919,10,2.909,55,46,487.2,-0.0018,33.866
1320.0,6,1,0.919,10,2.909,55,46,487.2,-0.0018,33.866
1321.0,6,1,0.919,10,2.909,55,46,487.2,-0.0018,33.866
1322.0,6,1,0.919,10,2.909,55,46,487.2,-0.0018,33.866
1323.0,6,1,0.919,10,2.909,55,46,487.2,-0.0018,33.866
1324.0,6,1,0.919,10,2.909,55,46,487.2,-0.0018,33.866
1325.0,6,1,0.919,10,2.909,55,46,487.2,-0.0018,33.866
1326.0,6,1,0.919,10,2.909,55,46,487.2,-0.0018,33.866
1327.0,6,1,0.919,10,2.909,55,46,487.2,-0.0018,33.866
1328.0,6,1,0.919,10,2.909,55,46,487.2,-0.0018,33.866
1329.0,6,1,0.919,10,2.909,55,46,487.2,-0.0018,33.866
1330.0,6,1,0.919,10,2.909,55,46,487.2,-0.0018,33.866
1331.0,6,1,0.919,10,2.909,55,46,487.2,-0.0018,33.866
1332.0,6,1,0.919,10,2.909,55,46,487.2,-0.0018,33.866
1333.0,6,1,0.919,10,2.909,55,46,487.2,-0.0018,33.866
1334.0,9,0,0.977,10,2.909,56,46,495.9,-0.0018,33.696
1335.0,9,0,0.977,10,2.909,56,46,495.9,-0.0018,33.696
1336.0,9,1,0.977,10,2.909,56,46,495.9,-0.0018,33.696
1337.0,9,1,0.977,10,2.909,56,46,495.9,-0.0018,33.696
1338.0,9,1,0.977,10,2.909,56,46,495.9,-0.0018,33.696
1339.0,9,1,0.977,10,2.909,56,46,495.9,-0.0018,33.696
1340.0,9,1,0.977,10,2.909,56,46,495.9,-0.0018,33.696
1341.0,9,1,0.977,10,2.909,56,46,495.9,-0.0018,33.696
1342.0,9,1,0.977,10,2.909,56,46,495.9,-0.0018,33.696
1343.0,9,1,0.977,10,2.909,56,46,495.9,-0.0018,33.696
1344.0,9,1,0.977,10,2.909,56,46,495.9,-0.0018,33.696
1345.0,9,1,0.977,10,2.909,56,46,495.9,-0.0018,33.696
1346.0,9,1,0.977,10,2.909,56,46,495.9,-0.0018,33.696
1347.0,9,1,0.977,10,2.909,56,46,495.9,-0.0018,33.696
1348.0,9,1,0.977,10,2.909,56,46,495.9,-0.0018,33.696
1349.0,9,1,0.977,10,2.909,56,46,495.9,-0.0018,33.696
1350.0,9,1,0.977,10,2.909,56,46,495.9,-0.0018,33.696
1351.0,9,1,0.977,10,2.909,56,46,495.9,-0.0018,33.696
1352.0,9,1,0.977,10,2.909,56,46,495.9,-0.0018,33.696
1353.0,9,1,0.977,10,2.909,56,46,495.9,-0.0018,33.696
1354.0,9,1,0.977,10,2.909,56,46,495.9,-0.0018,33.696
1355.0,9,1,0.977,10,2.909,56,46,495.9,-0.0018,33.696
1356.0,9,1,0.977,10,2.909,56,46,495.9,-0.0018,33.696
1357.0,9,1,0.977,10,2.909,56,46,495.9,-0.0018,33.696
1358.0,9,1,0.977,10,2.909,56,46,495.9,-0.0018,33.696
1359.0,9,1,0.977,10,2.909,56,46,495.9,-0.0018,33.696
1360.0,9,1,0.977,10,2.909,56,46,495.9,-0.0018,33.696
1361.0,9,1,0.977,10,2.909,56,46,495.9,-0.0018,33.696
1362.0,9,1,0.977,10,2.909,56,46,495.9,-0.0018,33.696
1363.0,9,1,0.977,10,2.909,56,46,495.9,-0.0018,33.696
1364.0,9,1,0.977,10,2.909,56,46,495.9,-0.0018,33.696
1365.0,9,1,0.977,10,2.909,56,46,495.9,-0.0018,33.696
1366.0,9,1,0.977,10,2.909,56,46,495.9,-0.0018,33.696
1367.0,9,1,0.977,10,2.909,56,46,495.9,-0.0018,33.696
1368.0,9,1,0.977,10,2.909,56,46,495.9,-0.0018,33.696
1369.0,4,0,0.96,10,2.909,57,46,510.4,-0.0018,33.602
1370.0,4,0,0.96,10,2.909,57,46,510.4,-0.0018,33.581
1371.0,4,0,0.96,10,2.909,57,47,510.4,-0.00168,33.568
1372.0,4,0,0.96,10,2.909,57,47,510.4,-0.00168,33.548
1373.0,4,1,0.96,10,2.909,57,47,510.4,-0.00168,33.548
1374.0,4,1,0.96,10,2.909,57,47,510.4,-0.00168,33.548
1375.0,4,1,0.96,10,2.909,57,47,510.4,-0.00168,33.548
1376.0,4,1,0.96,10,2.909,57,47,510.4,-0.00168,33.548
1377.0,4,1,0.96,10,2.909,57,47,510.4,-0.00168,33.548
1378.0,4,1,0.96,10,2.909,57,47,510.4,-0.00168,33.548
1379.0,4,1,0.96,10,2.909,57,47,510.4,-0.00168,33.548
1380.0,4,1,0.96,10,2.909,57,47,510.4,-0.00168,33.548
1381.0,4,1,0.96,10,2.909,57,47,510.4,-0.00168,33.548
1382.0,4,1,0.96,10,2.909,57,47,510.4,-0.00168,33.548
1383.0,4,1,0.96,10,2.909,57,47,510.4,-0.00168,33.548
1384.0,4,1,0.96,10,2.909,57,47,510.4,-0.00168,33.548
1385.0,4,1,0.96,10,2.909,57,47,510.4,-0.00168,33.548
1386.0,4,1,0.96,10,2.909,57,47,510.4,-0.00168,33.548
1387.0,4,1,0.96,10,2.909,57,47,510.4,-0.00168,33.548
1388.0,4,1,0.96,10,2.909,57,47,510.4,-0.00168,33.548
1389.0,4,1,0.96,10,2.909,57,47,510.4,-0.00168,33.548
1390.0,4,1,0.96,10,2.909,57,47,510.4,-0.00168,33.548
1391.0,4,1,0.96,10,2.909,57,47,510.4,-0.00168,33.548
1392.0,4,1,0.96,10,2.909,57,47,510.4,-0.00168,33.548
1393.0,1,0,0.994,10,2.909,58,47,519.2,-0.00168,33.313
1394.0,1,0,0.994,10,2.909,58,47,519.2,-0.00168,33.292
1395.0,1,0,0.994,10,2.909,58,48,519.2,-0.00168,33.27
1396.0,1,0,0.994,10,2.909,58,48,519.2,-0.00168,33.248
1397.0,1,0,0.994,10,2.909,58,48,519.2,-0.00168,33.227
1398.0,1,1,0.994,10,2.909,58,48,519.2,-0.00168,33.227
1399.0,1,1,0.994,10,2.909,58,48,519.2,-0.00168,33.227
1400.0,1,1,0.994,10,2.909,58,48,519.2,-0.00168,33.227
1401.0,1,1,0.994,10,2.909,58,48,519.2,-0.00168,33.227
1402.0,1,1,0.994,10,2.909,58,48,519.2,-0.00168,33.227
1403.0,1,1,0.994,10,2.909,58,48,519.2,-0.00168,33.227
1404.0,1,1,0.994,10,2.909,58,48,519.2,-0.00168,33.227
1405.0,1,1,0.994,10,2.909,58,48,519.2,-0.00168,33.227
1406.0,1,1,0.994,10,2.909,58,48,519.2,-0.00168,33.227
1407.0,1,1,0.994,10,2.909,58,48,519.2,-0.00168,33.227
1408.0,1,1,0.994,10,2.909,58,48,519.2,-0.00168,33.227
1409.0,1,1,0.994,10,2.909,58,48,519.2,-0.00168,33.227
1410.0,1,1,0.994,10,2.909,58,48,519.2,-0.00168,33.227
1411.0,1,1,0.994,10,2.909,58,48,519.2,-0.00168,33.227
1412.0,1,1,0.994,10,2.909,58,48,519.2,-0.00168,33.227
1413.0,1,1,0.994,10,2.909,58,48,519.2,-0.00168,33.227
1414.0,1,1,0.994,10,2.909,58,48,519.2,-0.00168,33.227
1415.0,4,0,0.766,10,2.909,59,48,527.9,-0.00168,33.017
1416.0,4,0,0.766,10,2.909,59,48,527.9,-0.00168,33.036
1417.0,4,0,0.766,10,2.903,59,49,527.9,-0.0018,33.099
1418.0,4,0,0.766,10,2.903,59,49,527.9,-0.0018,33.117
1419.0,4,1,0.766,10,2.903,59,49,527.9,-0.0018,33.117
1420.0,4,1,0.766,10,2.903,59,49,527.9,-0.0018,33.117
1421.0,4,1,0.766,10,2.903,59,49,527.9,-0.0018,33.117
1422.0,4,1,0.766,10,2.903,59,49,527.9,-0.0018,33.117
1423.0,4,1,0.766,10,2.903,59,49,527.9,-0.0018,33.117
1424.0,4,1,0.766,10,2.903,59,49,527.9,-0.0018,33.117
1425.0,4,1,0.766,10,2.903,59,49,527.9,-0.0018,33.117
1426.0,4,1,0.766,10,2.903,59,49,527.9,-0.0018,33.117
1427.0,4,1,0.766,10,2.903,59,49,527.9,-0.0018,33.117
1428.0,4,1,0.766,10,2.903,59,49,527.9,-0.0018,33.117
1429.0,4,1,0.766,10,2.903,59,49,527.9,-0.0018,33.117
1430.0,4,1,0.766,10,2.903,59,49,527.9,-0.0018,33.117
1431.0,4,1,0.766,10,2.903,59,49,527.9,-0.0018,33.117
1432.0,4,1,0.766,10,2.903,59,49,527.9,-0.0018,33.117
1433.0,4,1,0.766,10,2.903,59,49,527.9,-0.0018,33.117
1434.0,4,1,0.766,10,2.903,59,49,527.9,-0.0018,33.117
1435.0,7,0,0.93,10,2.903,60,49,536.6,-0.0018,33.128
1436.0,7,0,0.93,10,2.903,60,49,536.6,-0.0018,33.128
1437.0,7,0,0.93,10,2.902,60,50,536.6,-0.00274,33.135
1438.0,7,0,0.93,10,2.902,60,50,536.6,-0.00274,33.152
1439.0,7,1,0.93,10,2.902,60,50,536.6,-0.00274,33.152
1440.0,7,1,0.93,10,2.902,60,50,536.6,-0.00274,33.152
1441.0,7,1,0.93,10,2.902,60,50,536.6,-0.00274,33.152
1442.0,7,1,0.93,10,2.902,60,50,536.6,-0.00274,33.152
1443.0,7,1,0.93,10,2.902,60,50,536.6,-0.00274,33.152
1444.0,7,1,0.93,10,2.902,60,50,536.6,-0.00274,33.152
1445.0,7,1,0.93,10,2.902,60,50,536.6,-0.00274,33.152
1446.0,7,1,0.93,10,2.902,60,50,536.6,-0.00274,33.152
1447.0,7,1,0.93,10,2.902,60,50,536.6,-0.00274,33.152
1448.0,7,1,0.93,10,2.902,60,50,536.6,-0.00274,33.152
1449.0,7,1,0.93,10,2.902,60,50,536.6,-0.00274,33.152
1450.0,7,1,0.93,10,2.902,60,50,536.6,-0.00274,33.152
1451.0,7,1,0.93,10,2.902,60,50,536.6,-0.00274,33.152
1452.0,7,1,0.93,10,2.902,60,50,536.6,-0.00274,33.152
1453.0,7,1,0.93,10,2.902,60,50,536.6,-0.00274,33.152
1454.0,7,1,0.93,10,2.902,60,50,536.6,-0.00274,33.152
1455.0,9,0,0.725,10,2.902,61,50,542.4,-0.00274,33.269
1456.0,9,0,0.725,10,2.902,61,50,542.4,-0.00274,33.269
1457.0,9,0,0.725,10,2.912,61,51,542.4,-0.00274,33.206
1458.0,9,1,0.725,10,2.912,61,51,542.4,-0.00274,33.206
1459.0,9,1,0.725,10,2.912,61,51,542.4,-0.00274,33.206
1460.0,9,1,0.725,10,2.912,61,51,542.4,-0.00274,33.206
1461.0,9,1,0.725,10,2.912,61,51,542.4,-0.00274,33.206
1462.0,9,1,0.725,10,2.912,61,51,542.4,-0.00274,33.206
1463.0,9,1,0.725,10,2.912,61,51,542.4,-0.00274,33.206
1464.0,9,1,0.725,10,2.912,61,51,542.4,-0.00274,33.206
1465.0,9,1,0.725,10,2.912,61,51,542.4,-0.00274,33.206
1466.0,9,1,0.725,10,2.912,61,51,542.4,-0.00274,33.206
1467.0,9,1,0.725,10,2.912,61,51,542.4,-0.00274,33.206
1468.0,9,1,0.725,10,2.912,61,51,542.4,-0.00274,33.206
1469.0,9,1,0.725,10,2.912,61,51,542.4,-0.00274,33.206
1470.0,9,1,0.725,10,2.912,61,51,542.4,-0.00274,33.206
1471.0,9,1,0.725,10,2.912,61,51,542.4,-0.00274,33.206
1472.0,9,1,0.725,10,2.912,61,51,542.4,-0.00274,33.206
1473.0,9,1,0.725,10,2.912,61,51,542.4,-0.00274,33.206
1474.0,9,1,0.725,10,2.912,61,51,542.4,-0.00274,33.206
1475.0,9,1,0.725,10,2.912,61,51,542.4,-0.00274,33.206
1476.0,9,1,0.725,10,2.912,61,51,542.4,-0.00274,33.206
1477.0,9,1,0.725,10,2.912,61,51,542.4,-0.00274,33.206
1478.0,9,1,0.725,10,2.912,61,51,542.4,-0.00274,33.206
1479.0,9,1,0.725,10,2.912,61,51,542.4,-0.00274,33.206
1480.0,9,1,0.725,10,2.912,61,51,542.4,-0.00274,33.206
1481.0,9,1,0.725,10,2.912,61,51,542.4,-0.00274,33.206
1482.0,9,1,0.725,10,2.912,61,51,542.4,-0.00274,33.206
1483.0,1,0,0.574,10,2.912,62,51,565.7,-0.00274,33.648
1484.0,1,1,0.574,10,2.912,62,51,565.7,-0.00274,33.648
1485.0,1,1,0.574,10,2.912,62,51,565.7,-0.00274,33.648
1486.0,1,0,1.0,10,2.912,62,51,565.7,-0.00274,33.501
1487.0,1,1,1.0,10,2.912,62,51,565.7,-0.00274,33.501
1488.0,1,1,1.0,10,2.912,62,51,565.7,-0.00274,33.501
1489.0,1,1,1.0,10,2.912,62,51,565.7,-0.00274,33.501
1490.0,1,1,1.0,10,2.912,62,51,565.7,-0.00274,33.501
1491.0,1,1,1.0,10,2.912,62,51,565.7,-0.00274,33.501
1492.0,1,1,1.0,10,2.912,62,51,565.7,-0.00274,33.501
1493.0,1,1,1.0,10,2.912,62,51,565.7,-0.00274,33.501
1494.0,1,1,1.0,10,2.912,62,51,565.7,-0.00274,33.501
1495.0,1,1,1.0,10,2.912,62,51,565.7,-0.00274,33.501
1496.0,1,1,1.0,10,2.912,62,51,565.7,-0.00274,33.501
1497.0,1,1,1.0,10,2.912,62,51,565.7,-0.00274,33.501
1498.0,1,1,1.0,10,2.912,62,51,565.7,-0.00274,33.501
1499.0,1,1,1.0,10,2.912,62,51,565.7,-0.00274,33.501
1500.0,1,1,1.0,10,2.912,62,51,565.7,-0.00274,33.501
1501.0,1,1,1.0,10,2.912,62,51,565.7,-0.00274,33.501
1502.0,1,1,1.0,10,2.912,62,51,565.7,-0.00274,33.501
1503.0,1,1,1.0,10,2.912,62,51,565.7,-0.00274,33.501
1504.0,1,1,1.0,10,2.912,62,51,565.7,-0.00274,33.501
1505.0,1,1,1.0,10,2.912,62,51,565.7,-0.00274,33.501
1506.0,1,1,1.0,10,2.912,62,51,565.7,-0.00274,33.501
1507.0,1,1,1.0,10,2.912,62,51,565.7,-0.00274,33.501
1508.0,1,1,1.0,10,2.912,62,51,565.7,-0.00274,33.501
1509.0,1,1,1.0,10,2.912,62,51,565.7,-0.00274,33.501
1510.0,1,1,1.0,10,2.912,62,51,565.7,-0.00274,33.501
1511.0,1,1,1.0,10,2.912,62,51,565.7,-0.00274,33.501
1512.0,1,1,1.0,10,2.912,62,51,565.7,-0.00274,33.501
1513.0,1,1,1.0,10,2.912,62,51,565.7,-0.00274,33.501
1514.0,1,1,1.0,10,2.912,62,51,565.7,-0.00274,33.501
1515.0,1,1,1.0,10,2.912,62,51,565.7,-0.00274,33.501
1516.0,1,1,1.0,10,2.912,62,51,565.7,-0.00274,33.501
1517.0,1,1,1.0,10,2.912,62,51,565.7,-0.00274,33.501
1518.0,4,0,0.927,10,2.912,63,51,574.4,-0.00274,33.522
1519.0,4,0,0.927,10,2.912,63,51,574.4,-0.00274,33.54
1520.0,4,0,0.927,10,2.91,63,52,574.4,-0.00236,33.531
1521.0,4,0,0.927,10,2.91,63,52,574.4,-0.00236,33.548
1522.0,4,0,0.927,10,2.91,63,52,574.4,-0.00236,33.566
1523.0,4,1,0.927,10,2.91,63,52,574.4,-0.00236,33.566
1524.0,4,1,0.927,10,2.91,63,52,574.4,-0.00236,33.566
1525.0,4,1,0.927,10,2.91,63,52,574.4,-0.00236,33.566
1526.0,4,1,0.927,10,2.91,63,52,574.4,-0.00236,33.566
1527.0,4,1,0.927,10,2.91,63,52,574.4,-0.00236,33.566
1528.0,4,1,0.927,10,2.91,63,52,574.4,-0.00236,33.566
1529.0,4,1,0.927,10,2.91,63,52,574.4,-0.00236,33.566
1530.0,4,1,0.927,10,2.91,63,52,574.4,-0.00236,33.566
1531.0,4,1,0.927,10,2.91,63,52,574.4,-0.00236,33.566
1532.0,4,1,0.927,10,2.91,63,52,574.4,-0.00236,33.566
1533.0,4,1,0.927,10,2.91,63,52,574.4,-0.00236,33.566
1534.0,4,1,0.927,10,2.91,63,52,574.4,-0.00236,33.566
1535.0,4,1,0.927,10,2.91,63,52,574.4,-0.00236,33.566
1536.0,4,1,0.927,10,2.91,63,52,574.4,-0.00236,33.566
1537.0,4,1,0.927,10,2.91,63,52,574.4,-0.00236,33.566
1538.0,4,1,0.927,10,2.91,63,52,574.4,-0.00236,33.566
1539.0,4,1,0.927,10,2.91,63,52,574.4,-0.00236,33.566
1540.0,4,1,0.927,10,2.91,63,52,574.4,-0.00236,33.566
1541.0,1,0,0.977,10,2.91,64,52,583.2,-0.00236,33.376
1542.0,1,0,0.977,10,2.91,64,52,583.2,-0.00236,33.376
1543.0,1,0,0.977,10,2.909,64,53,583.2,-0.0022,33.394
1544.0,1,0,0.977,10,2.909,64,53,583.2,-0.0022,33.412
1545.0,1,0,0.977,10,2.909,64,53,583.2,-0.0022,33.429
1546.0,1,0,0.977,10,2.909,64,53,583.2,-0.0022,33.447
1547.0,1,0,0.977,10,2.909,64,53,583.2,-0.0022,33.465
1548.0,1,0,0.977,10,2.909,64,53,583.2,-0.0022,33.48
1549.0,1,0,0.977,10,2.909,64,53,583.2,-0.0022,33.458
1550.0,1,1,0.977,10,2.909,64,53,583.2,-0.0022,33.458
1551.0,1,1,0.977,10,2.909,64,53,583.2,-0.0022,33.458
1552.0,1,1,0.977,10,2.909,64,53,583.2,-0.0022,33.458
1553.0,1,1,0.977,10,2.909,64,53,583.2,-0.0022,33.458
1554.0,1,1,0.977,10,2.909,64,53,583.2,-0.0022,33.458
1555.0,1,1,0.977,10,2.909,64,53,583.2,-0.0022,33.458
1556.0,1,1,0.977,10,2.909,64,53,583.2,-0.0022,33.458
1557.0,1,1,0.977,10,2.909,64,53,583.2,-0.0022,33.458
1558.0,1,1,0.977,10,2.909,64,53,583.2,-0.0022,33.458
1559.0,1,1,0.977,10,2.909,64,53,583.2,-0.0022,33.458
1560.0,1,1,0.977,10,2.909,64,53,583.2,-0.0022,33.458
1561.0,1,1,0.977,10,2.909,64,53,583.2,-0.0022,33.458
1562.0,1,1,0.977,10,2.909,64,53,583.2,-0.0022,33.458
1563.0,1,1,0.977,10,2.909,64,53,583.2,-0.0022,33.458
1564.0,1,1,0.977,10,2.909,64,53,583.2,-0.0022,33.458
1565.0,1,1,0.977,10,2.909,64,53,583.2,-0.0022,33.458
1566.0,1,1,0.977,10,2.909,64,53,583.2,-0.0022,33.458
1567.0,1,1,0.977,10,2.909,64,53,583.2,-0.0022,33.458
1568.0,1,1,0.977,10,2.909,64,53,583.2,-0.0022,33.458
1569.0,1,1,0.977,10,2.909,64,53,583.2,-0.0022,33.458
1570.0,1,1,0.977,10,2.909,64,53,583.2,-0.0022,33.458
1571.0,1,1,0.977,10,2.909,64,53,583.2,-0.0022,33.458
1572.0,1,1,0.977,10,2.909,64,53,583.2,-0.0022,33.458
1573.0,6,0,0.918,10,2.909,65,53,597.7,-0.0022,33.487
1574.0,6,0,0.918,10,2.909,65,53,597.7,-0.0022,33.487
1575.0,6,0,0.918,10,2.908,65,54,597.7,-0.00212,33.467
1576.0,6,0,0.918,10,2.908,65,54,597.7,-0.00212,33.467
1577.0,6,0,0.918,10,2.908,65,54,597.7,-0.00212,33.467
1578.0,6,0,0.918,10,2.908,65,54,597.7,-0.00212,33.467
1579.0,6,1,0.918,10,2.908,65,54,597.7,-0.00212,33.467
1580.0,6,1,0.918,10,2.908,65,54,597.7,-0.00212,33.467
1581.0,6,1,0.918,10,2.908,65,54,597.7,-0.00212,33.467
1582.0,6,1,0.918,10,2.908,65,54,597.7,-0.00212,33.467
1583.0,6,1,0.918,10,2.908,65,54,597.7,-0.00212,33.467
1584.0,6,1,0.918,10,2.908,65,54,597.7,-0.00212,33.467
1585.0,6,1,0.918,10,2.908,65,54,597.7,-0.00212,33.467
1586.0,6,1,0.918,10,2.908,65,54,597.7,-0.00212,33.467
1587.0,6,1,0.918,10,2.908,65,54,597.7,-0.00212,33.467
1588.0,6,1,0.918,10,2.908,65,54,597.7,-0.00212,33.467
1589.0,6,1,0.918,10,2.908,65,54,597.7,-0.00212,33.467
1590.0,7,0,0.857,10,2.908,66,54,600.6,-0.00212,33.374
1591.0,7,0,0.857,10,2.908,66,54,600.6,-0.00212,33.392
1592.0,7,0,0.857,10,2.898,66,55,600.6,-0.00024,33.429
1593.0,7,1,0.857,10,2.898,66,55,600.6,-0.00024,33.429
1594.0,7,1,0.857,10,2.898,66,55,600.6,-0.00024,33.429
1595.0,7,1,0.857,10,2.898,66,55,600.6,-0.00024,33.429
1596.0,7,1,0.857,10,2.898,66,55,600.6,-0.00024,33.429
1597.0,7,1,0.857,10,2.898,66,55,600.6,-0.00024,33.429
1598.0,7,1,0.857,10,2.898,66,55,600.6,-0.00024,33.429
1599.0,7,1,0.857,10,2.898,66,55,600.6,-0.00024,33.429
1600.0,7,1,0.857,10,2.898,66,55,600.6,-0.00024,33.429
1601.0,7,1,0.857,10,2.898,66,55,600.6,-0.00024,33.429
1602.0,7,1,0.857,10,2.898,66,55,600.6,-0.00024,33.429
1603.0,7,1,0.857,10,2.898,66,55,600.6,-0.00024,33.429
1604.0,7,1,0.857,10,2.898,66,55,600.6,-0.00024,33.429
1605.0,7,1,0.857,10,2.898,66,55,600.6,-0.00024,33.429
1606.0,7,1,0.857,10,2.898,66,55,600.6,-0.00024,33.429
1607.0,7,1,0.857,10,2.898,66,55,600.6,-0.00024,33.429
1608.0,7,1,0.857,10,2.898,66,55,600.6,-0.00024,33.429
1609.0,7,1,0.857,10,2.898,66,55,600.6,-0.00024,33.429
1610.0,7,1,0.857,10,2.898,66,55,600.6,-0.00024,33.429
1611.0,7,1,0.857,10,2.898,66,55,600.6,-0.00024,33.429
1612.0,7,1,0.857,10,2.898,66,55,600.6,-0.00024,33.429
1613.0,7,1,0.857,10,2.898,66,55,600.6,-0.00024,33.429
1614.0,7,1,0.857,10,2.898,66,55,600.6,-0.00024,33.429
1615.0,7,1,0.857,10,2.898,66,55,600.6,-0.00024,33.429
1616.0,7,1,0.857,10,2.898,66,55,600.6,-0.00024,33.429
1617.0,9,0,0.82,10,2.898,67,55,606.4,-0.00024,33.381
1618.0,9,0,0.82,10,2.898,67,55,606.4,-0.00024,33.4
1619.0,9,1,0.82,10,2.898,67,55,606.4,-0.00024,33.4
1620.0,9,1,0.82,10,2.898,67,55,606.4,-0.00024,33.4
1621.0,9,1,0.82,10,2.898,67,55,606.4,-0.00024,33.4
1622.0,9,1,0.82,10,2.898,67,55,606.4,-0.00024,33.4
1623.0,9,1,0.82,10,2.898,67,55,606.4,-0.00024,33.4
1624.0,9,1,0.82,10,2.898,67,55,606.4,-0.00024,33.4
1625.0,9,1,0.82,10,2.898,67,55,606.4,-0.00024,33.4
1626.0,9,1,0.82,10,2.898,67,55,606.4,-0.00024,33.4
1627.0,9,1,0.82,10,2.898,67,55,606.4,-0.00024,33.4
1628.0,9,1,0.82,10,2.898,67,55,606.4,-0.00024,33.4
1629.0,9,1,0.82,10,2.898,67,55,606.4,-0.00024,33.4
1630.0,9,1,0.82,10,2.898,67,55,606.4,-0.00024,33.4
1631.0,9,1,0.82,10,2.898,67,55,606.4,-0.00024,33.4
1632.0,9,1,0.82,10,2.898,67,55,606.4,-0.00024,33.4
1633.0,9,1,0.82,10,2.898,67,55,606.4,-0.00024,33.4
1634.0,9,1,0.82,10,2.898,67,55,606.4,-0.00024,33.4
1635.0,9,1,0.82,10,2.898,67,55,606.4,-0.00024,33.4
1636.0,7,0,0.859,10,2.898,68,55,612.2,-0.00024,33.496
1637.0,7,0,0.859,10,2.898,68,55,612.2,-0.00024,33.496
1638.0,7,1,0.859,10,2.898,68,55,612.2,-0.00024,33.496
1639.0,7,1,0.859,10,2.898,68,55,612.2,-0.00024,33.496
1640.0,7,1,0.859,10,2.898,68,55,612.2,-0.00024,33.496
1641.0,7,1,0.859,10,2.898,68,55,612.2,-0.00024,33.496
1642.0,7,1,0.859,10,2.898,68,55,612.2,-0.00024,33.496
1643.0,7,1,0.859,10,2.898,68,55,612.2,-0.00024,33.496
1644.0,7,1,0.859,10,2.898,68,55,612.2,-0.00024,33.496
1645.0,7,1,0.859,10,2.898,68,55,612.2,-0.00024,33.496
1646.0,7,1,0.859,10,2.898,68,55,612.2,-0.00024,33.496
1647.0,7,1,0.859,10,2.898,68,55,612.2,-0.00024,33.496
1648.0,7,1,0.859,10,2.898,68,55,612.2,-0.00024,33.496
1649.0,7,1,0.859,10,2.898,68,55,612.2,-0.00024,33.496
1650.0,7,1,0.859,10,2.898,68,55,612.2,-0.00024,33.496
1651.0,7,1,0.859,10,2.898,68,55,612.2,-0.00024,33.496
1652.0,7,1,0.859,10,2.898,68,55,612.2,-0.00024,33.496
1653.0,7,1,0.859,10,2.898,68,55,612.2,-0.00024,33.496
1654.0,7,1,0.859,10,2.898,68,55,612.2,-0.00024,33.496
1655.0,7,1,0.859,10,2.898,68,55,612.2,-0.00024,33.496
1656.0,7,1,0.859,10,2.898,68,55,612.2,-0.00024,33.496
1657.0,7,1,0.859,10,2.898,68,55,612.2,-0.00024,33.496
1658.0,7,1,0.859,10,2.898,68,55,612.2,-0.00024,33.496
1659.0,7,1,0.859,10,2.898,68,55,612.2,-0.00024,33.496
1660.0,7,1,0.859,10,2.898,68,55,612.2,-0.00024,33.496
1661.0,7,1,0.859,10,2.898,68,55,612.2,-0.00024,33.496
1662.0,7,1,0.859,10,2.898,68,55,612.2,-0.00024,33.496
1663.0,7,1,0.859,10,2.898,68,55,612.2,-0.00024,33.496
1664.0,7,1,0.859,10,2.898,68,55,612.2,-0.00024,33.496
1665.0,7,1,0.859,10,2.898,68,55,612.2,-0.00024,33.496
1666.0,7,1,0.859,10,2.898,68,55,612.2,-0.00024,33.496
1667.0,7,1,0.859,10,2.898,68,55,612.2,-0.00024,33.496
1668.0,7,1,0.859,10,2.898,68,55,612.2,-0.00024,33.496
1669.0,7,1,0.859,10,2.898,68,55,612.2,-0.00024,33.496
1670.0,7,1,0.859,10,2.898,68,55,612.2,-0.00024,33.496
1671.0,7,1,0.859,10,2.898,68,55,612.2,-0.00024,33.496
1672.0,7,1,0.859,10,2.898,68,55,612.2,-0.00024,33.496
1673.0,7,1,0.859,10,2.898,68,55,612.2,-0.00024,33.496
1674.0,7,1,0.859,10,2.898,68,55,612.2,-0.00024,33.496
1675.0,7,1,0.859,10,2.898,68,55,612.2,-0.00024,33.496
1676.0,7,1,0.859,10,2.898,68,55,612.2,-0.00024,33.496
1677.0,1,0,0.948,10,2.898,69,55,629.6,-0.00024,33.146
1678.0,1,0,0.948,10,2.898,69,55,629.6,-0.00024,33.146
1679.0,1,0,0.948,10,2.898,69,56,629.6,-0.00032,33.126
1680.0,1,0,0.948,10,2.898,69,56,629.6,-0.00032,33.106
1681.0,1,0,0.948,10,2.898,69,56,629.6,-0.00032,33.085
1682.0,1,0,0.948,10,2.898,69,56,629.6,-0.00032,33.065
1683.0,1,1,0.948,10,2.898,69,56,629.6,-0.00032,33.065
1684.0,1,1,0.948,10,2.898,69,56,629.6,-0.00032,33.065
1685.0,1,1,0.948,10,2.898,69,56,629.6,-0.00032,33.065
1686.0,1,1,0.948,10,2.898,69,56,629.6,-0.00032,33.065
1687.0,1,1,0.948,10,2.898,69,56,629.6,-0.00032,33.065
1688.0,1,1,0.948,10,2.898,69,56,629.6,-0.00032,33.065
1689.0,1,1,0.948,10,2.898,69,56,629.6,-0.00032,33.065
1690.0,1,1,0.948,10,2.898,69,56,629.6,-0.00032,33.065
1691.0,1,1,0.948,10,2.898,69,56,629.6,-0.00032,33.065
1692.0,1,1,0.948,10,2.898,69,56,629.6,-0.00032,33.065
1693.0,1,1,0.948,10,2.898,69,56,629.6,-0.00032,33.065
1694.0,1,1,0.948,10,2.898,69,56,629.6,-0.00032,33.065
1695.0,1,1,0.948,10,2.898,69,56,629.6,-0.00032,33.065
1696.0,1,1,0.948,10,2.898,69,56,629.6,-0.00032,33.065
1697.0,1,1,0.948,10,2.898,69,56,629.6,-0.00032,33.065
1698.0,1,1,0.948,10,2.898,69,56,629.6,-0.00032,33.065
1699.0,1,1,0.948,10,2.898,69,56,629.6,-0.00032,33.065
1700.0,1,1,0.948,10,2.898,69,56,629.6,-0.00032,33.065
1701.0,1,1,0.948,10,2.898,69,56,629.6,-0.00032,33.065
1702.0,1,1,0.948,10,2.898,69,56,629.6,-0.00032,33.065
1703.0,1,1,0.948,10,2.898,69,56,629.6,-0.00032,33.065
1704.0,1,1,0.948,10,2.898,69,56,629.6,-0.00032,33.065
1705.0,1,1,0.948,10,2.898,69,56,629.6,-0.00032,33.065
1706.0,1,1,0.948,10,2.898,69,56,629.6,-0.00032,33.065
1707.0,1,1,0.948,10,2.898,69,56,629.6,-0.00032,33.065
1708.0,1,1,0.948,10,2.898,69,56,629.6,-0.00032,33.065
1709.0,1,1,0.948,10,2.898,69,56,629.6,-0.00032,33.065
1710.0,1,1,0.948,10,2.898,69,56,629.6,-0.00032,33.065
1711.0,1,1,0.948,10,2.898,69,56,629.6,-0.00032,33.065
1712.0,1,1,0.948,10,2.898,69,56,629.6,-0.00032,33.065
1713.0,1,1,0.948,10,2.898,69,56,629.6,-0.00032,33.065
1714.0,1,1,0.948,10,2.898,69,56,629.6,-0.00032,33.065
1715.0,1,1,0.948,10,2.898,69,56,629.6,-0.00032,33.065
1716.0,1,1,0.948,10,2.898,69,56,629.6,-0.00032,33.065
1717.0,1,1,0.948,10,2.898,69,56,629.6,-0.00032,33.065
1718.0,1,1,0.948,10,2.898,69,56,629.6,-0.00032,33.065
1719.0,1,1,0.948,10,2.898,69,56,629.6,-0.00032,33.065
1720.0,1,1,0.948,10,2.898,69,56,629.6,-0.00032,33.065
1721.0,1,1,0.948,10,2.898,69,56,629.6,-0.00032,33.065
1722.0,1,1,0.948,10,2.898,69,56,629.6,-0.00032,33.065
1723.0,1,1,0.948,10,2.898,69,56,629.6,-0.00032,33.065
1724.0,1,1,0.948,10,2.898,69,56,629.6,-0.00032,33.065
1725.0,1,1,0.948,10,2.898,69,56,629.6,-0.00032,33.065
1726.0,1,1,0.948,10,2.898,69,56,629.6,-0.00032,33.065
1727.0,1,1,0.948,10,2.898,69,56,629.6,-0.00032,33.065
1728.0,1,1,0.948,10,2.898,69,56,629.6,-0.00032,33.065
1729.0,1,1,0.948,10,2.898,69,56,629.6,-0.00032,33.065
1730.0,1,1,0.948,10,2.898,69,56,629.6,-0.00032,33.065
1731.0,1,1,0.948,10,2.898,69,56,629.6,-0.00032,33.065
1732.0,1,1,0.948,10,2.898,69,56,629.6,-0.00032,33.065
1733.0,1,1,0.948,10,2.898,69,56,629.6,-0.00032,33.065
1734.0,1,1,0.948,10,2.898,69,56,629.6,-0.00032,33.065
1735.0,1,1,0.948,10,2.898,69,56,629.6,-0.00032,33.065
1736.0,1,1,0.948,10,2.898,69,56,629.6,-0.00032,33.065
1737.0,1,1,0.948,10,2.898,69,56,629.6,-0.00032,33.065
1738.0,1,1,0.948,10,2.898,69,56,629.6,-0.00032,33.065
1739.0,1,1,0.948,10,2.898,69,56,629.6,-0.00032,33.065
1740.0,1,1,0.948,10,2.898,69,56,629.6,-0.00032,33.065
1741.0,1,1,0.948,10,2.898,69,56,629.6,-0.00032,33.065
1742.0,9,0,0.921,10,2.898,70,56,652.8,-0.00032,32.814
1743.0,9,0,0.921,10,2.898,70,56,652.8,-0.00032,32.814
1744.0,9,0,0.921,10,2.898,70,57,652.8,-0.00034,32.872
1745.0,9,0,0.921,10,2.898,70,57,652.8,-0.00034,32.872
1746.0,9,0,0.921,10,2.898,70,57,652.8,-0.00034,32.852
1747.0,9,0,0.921,10,2.898,70,57,652.8,-0.00034,32.851
1748.0,9,0,0.921,10,2.898,70,57,652.8,-0.00034,32.831
1749.0,9,0,0.921,10,2.898,70,57,652.8,-0.00034,32.831
1750.0,9,0,0.921,10,2.898,70,57,652.8,-0.00034,32.831
1751.0,9,0,0.921,10,2.898,70,57,652.8,-0.00034,32.85
1752.0,9,1,0.921,10,2.898,70,57,652.8,-0.00034,32.85
1753.0,9,0,1.0,10,2.898,70,57,652.8,-0.00034,32.998
1754.0,9,0,1.0,10,2.898,70,57,652.8,-0.00034,32.998
1755.0,9,0,1.0,10,2.898,70,57,652.8,-0.00034,32.998
1756.0,9,1,1.0,10,2.898,70,57,652.8,-0.00034,32.998
1757.0,9,1,1.0,10,2.898,70,57,652.8,-0.00034,32.998
1758.0,9,0,1.0,10,2.898,70,57,652.8,-0.00034,32.81
1759.0,9,0,1.0,10,2.898,70,57,652.8,-0.00034,32.789
1760.0,9,0,1.0,10,2.898,70,57,652.8,-0.00034,32.789
1761.0,9,0,1.0,10,2.898,70,57,652.8,-0.00034,32.789
1762.0,9,0,1.0,10,2.898,70,57,652.8,-0.00034,32.789
1763.0,9,0,1.0,10,2.898,70,57,652.8,-0.00034,32.808
1764.0,9,0,1.0,10,2.898,70,57,652.8,-0.00034,32.828
1765.0,9,0,1.0,10,2.898,70,57,652.8,-0.00034,32.848
1766.0,9,0,1.0,10,2.898,70,57,652.8,-0.00034,32.851
1767.0,9,0,1.0,10,2.898,70,57,652.8,-0.00034,32.831
1768.0,9,0,1.0,10,2.898,70,57,652.8,-0.00034,32.811
1769.0,9,0,1.0,10,2.898,70,57,652.8,-0.00034,32.79
1770.0,9,0,1.0,10,2.898,70,57,652.8,-0.00034,32.77
1771.0,9,0,1.0,10,2.898,70,57,652.8,-0.00034,32.768
1772.0,9,0,1.0,10,2.898,70,57,652.8,-0.00034,32.787
1773.0,9,0,1.0,10,2.898,70,57,652.8,-0.00034,32.807
1774.0,9,0,1.0,10,2.898,70,57,652.8,-0.00034,32.827
1775.0,9,0,1.0,10,2.898,70,57,652.8,-0.00034,32.846
1776.0,9,0,1.0,10,2.898,70,57,652.8,-0.00034,32.866
1777.0,9,0,1.0,10,2.898,70,57,652.8,-0.00034,32.886
1778.0,9,0,1.0,10,2.898,70,57,652.8,-0.00034,32.905
1779.0,9,0,1.0,10,2.898,70,57,652.8,-0.00034,32.925
1780.0,9,0,1.0,10,2.898,70,57,652.8,-0.00034,32.945
1781.0,9,0,1.0,10,2.898,70,57,652.8,-0.00034,32.964
1782.0,9,0,1.0,10,2.898,70,57,652.8,-0.00034,32.984
1783.0,9,0,1.0,10,2.898,70,57,652.8,-0.00034,33.004
1784.0,9,0,1.0,10,2.898,70,57,652.8,-0.00034,33.023
1785.0,9,1,1.0,10,2.898,70,57,652.8,-0.00034,33.023
1786.0,9,1,1.0,10,2.898,70,57,652.8,-0.00034,33.023
1787.0,9,1,1.0,10,2.898,70,57,652.8,-0.00034,33.023
1788.0,9,0,1.0,10,2.898,70,57,652.8,-0.00034,32.789
1789.0,9,0,1.0,10,2.898,70,57,652.8,-0.00034,32.789
1790.0,9,0,1.0,10,2.898,70,57,652.8,-0.00034,32.768
1791.0,9,0,1.0,10,2.898,70,57,652.8,-0.00034,32.748
1792.0,9,0,1.0,10,2.898,70,57,652.8,-0.00034,32.747
1793.0,9,0,1.0,10,2.898,70,57,652.8,-0.00034,32.747
1794.0,9,0,1.0,10,2.898,70,57,652.8,-0.00034,32.747
1795.0,9,0,1.0,10,2.898,70,57,652.8,-0.00034,32.747
1796.0,9,0,1.0,10,2.898,70,57,652.8,-0.00034,32.726
1797.0,9,0,1.0,10,2.898,70,57,652.8,-0.00034,32.706
1798.0,9,0,1.0,10,2.898,70,57,652.8,-0.00034,32.705
1799.0,9,0,1.0,10,2.898,70,57,652.8,-0.00034,32.705
1800.0,9,0,1.0,10,2.898,70,57,652.8,-0.00034,32.685
1801.0,9,0,1.0,10,2.898,70,57,652.8,-0.00034,32.704
1802.0,9,0,1.0,10,2.898,70,57,652.8,-0.00034,32.705
1803.0,9,0,1.0,10,2.898,70,57,652.8,-0.00034,32.725
1804.0,9,0,1.0,10,2.898,70,57,652.8,-0.00034,32.744
1805.0,9,0,1.0,10,2.898,70,57,652.8,-0.00034,32.764
1806.0,9,0,1.0,10,2.898,70,57,652.8,-0.00034,32.768
1807.0,9,0,1.0,10,2.898,70,57,652.8,-0.00034,32.787
1808.0,9,0,1.0,10,2.898,70,57,652.8,-0.00034,32.768
1809.0,9,0,1.0,10,2.898,70,57,652.8,-0.00034,32.747
1810.0,9,0,1.0,10,2.898,70,57,652.8,-0.00034,32.747
1811.0,9,0,1.0,10,2.898,70,57,652.8,-0.00034,32.766
1812.0,9,1,1.0,10,2.898,70,57,652.8,-0.00034,32.766
1813.0,9,0,1.0,10,2.898,70,57,652.8,-0.00034,32.893
1814.0,9,0,1.0,10,2.898,70,57,652.8,-0.00034,32.893
1815.0,9,1,1.0,10,2.898,70,57,652.8,-0.00034,32.893
1816.0,9,1,1.0,10,2.898,70,57,652.8,-0.00034,32.893
1817.0,9,1,1.0,10,2.898,70,57,652.8,-0.00034,32.893
1818.0,9,1,1.0,10,2.898,70,57,652.8,-0.00034,32.893
1819.0,9,1,1.0,10,2.898,70,57,652.8,-0.00034,32.893
1820.0,9,1,1.0,10,2.898,70,57,652.8,-0.00034,32.893
1821.0,9,1,1.0,10,2.898,70,57,652.8,-0.00034,32.893
1822.0,9,1,1.0,10,2.898,70,57,652.8,-0.00034,32.893
1823.0,9,1,1.0,10,2.898,70,57,652.8,-0.00034,32.893
1824.0,9,1,1.0,10,2.898,70,57,652.8,-0.00034,32.893
1825.0,9,1,1.0,10,2.898,70,57,652.8,-0.00034,32.893
1826.0,9,1,1.0,10,2.898,70,57,652.8,-0.00034,32.893
1827.0,9,1,1.0,10,2.898,70,57,652.8,-0.00034,32.893
1828.0,9,1,1.0,10,2.898,70,57,652.8,-0.00034,32.893
1829.0,9,1,1.0,10,2.898,70,57,652.8,-0.00034,32.893
1830.0,9,1,1.0,10,2.898,70,57,652.8,-0.00034,32.893
1831.0,9,1,1.0,10,2.898,70,57,652.8,-0.00034,32.893
1832.0,9,1,1.0,10,2.898,70,57,652.8,-0.00034,32.893
1833.0,9,1,1.0,10,2.898,70,57,652.8,-0.00034,32.893
1834.0,9,1,1.0,10,2.898,70,57,652.8,-0.00034,32.893
1835.0,5,0,0.849,10,2.898,71,57,664.4,-0.00034,32.886
1836.0,5,0,0.849,10,2.898,71,57,664.4,-0.00034,32.886
1837.0,5,0,0.849,10,2.9,71,58,664.4,-0.00034,32.886
1838.0,5,1,0.849,10,2.9,71,58,664.4,-0.00034,32.886
1839.0,5,1,0.849,10,2.9,71,58,664.4,-0.00034,32.886
1840.0,5,1,0.849,10,2.9,71,58,664.4,-0.00034,32.886
1841.0,5,1,0.849,10,2.9,71,58,664.4,-0.00034,32.886
1842.0,5,1,0.849,10,2.9,71,58,664.4,-0.00034,32.886
1843.0,5,1,0.849,10,2.9,71,58,664.4,-0.00034,32.886
1844.0,5,1,0.849,10,2.9,71,58,664.4,-0.00034,32.886
1845.0,5,1,0.849,10,2.9,71,58,664.4,-0.00034,32.886
1846.0,5,1,0.849,10,2.9,71,58,664.4,-0.00034,32.886
1847.0,5,1,0.849,10,2.9,71,58,664.4,-0.00034,32.886
1848.0,5,1,0.849,10,2.9,71,58,664.4,-0.00034,32.886
1849.0,5,1,0.849,10,2.9,71,58,664.4,-0.00034,32.886
1850.0,5,1,0.849,10,2.9,71,58,664.4,-0.00034,32.886
1851.0,5,1,0.849,10,2.9,71,58,664.4,-0.00034,32.886
1852.0,5,1,0.849,10,2.9,71,58,664.4,-0.00034,32.886
1853.0,5,1,0.849,10,2.9,71,58,664.4,-0.00034,32.886
1854.0,5,1,0.849,10,2.9,71,58,664.4,-0.00034,32.886
1855.0,5,1,0.849,10,2.9,71,58,664.4,-0.00034,32.886
1856.0,9,0,0.85,10,2.9,72,58,676.0,-0.00034,32.454
1857.0,9,0,0.85,10,2.9,72,58,676.0,-0.00034,32.474
1858.0,9,0,0.85,10,2.898,72,59,676.0,-0.00034,32.6
1859.0,9,0,0.85,10,2.898,72,59,676.0,-0.00034,32.619
1860.0,9,1,0.85,10,2.898,72,59,676.0,-0.00034,32.619
1861.0,9,1,0.85,10,2.898,72,59,676.0,-0.00034,32.619
1862.0,9,1,0.85,10,2.898,72,59,676.0,-0.00034,32.619
1863.0,9,1,0.85,10,2.898,72,59,676.0,-0.00034,32.619
1864.0,9,1,0.85,10,2.898,72,59,676.0,-0.00034,32.619
1865.0,9,1,0.85,10,2.898,72,59,676.0,-0.00034,32.619
1866.0,9,1,0.85,10,2.898,72,59,676.0,-0.00034,32.619
1867.0,9,1,0.85,10,2.898,72,59,676.0,-0.00034,32.619
1868.0,9,1,0.85,10,2.898,72,59,676.0,-0.00034,32.619
1869.0,9,1,0.85,10,2.898,72,59,676.0,-0.00034,32.619
1870.0,9,1,0.85,10,2.898,72,59,676.0,-0.00034,32.619
1871.0,9,1,0.85,10,2.898,72,59,676.0,-0.00034,32.619
1872.0,9,1,0.85,10,2.898,72,59,676.0,-0.00034,32.619
1873.0,9,1,0.85,10,2.898,72,59,676.0,-0.00034,32.619
1874.0,9,1,0.85,10,2.898,72,59,676.0,-0.00034,32.619
1875.0,9,1,0.85,10,2.898,72,59,676.0,-0.00034,32.619
1876.0,7,0,0.891,10,2.898,73,59,681.8,-0.00034,32.595
1877.0,7,0,0.891,10,2.898,73,59,681.8,-0.00034,32.575
1878.0,7,0,0.891,10,2.902,73,60,681.8,-0.00046,32.559
1879.0,7,1,0.891,10,2.902,73,60,681.8,-0.00046,32.559
1880.0,7,1,0.891,10,2.902,73,60,681.8,-0.00046,32.559
1881.0,7,1,0.891,10,2.902,73,60,681.8,-0.00046,32.559
1882.0,7,1,0.891,10,2.902,73,60,681.8,-0.00046,32.559
1883.0,7,1,0.891,10,2.902,73,60,681.8,-0.00046,32.559
1884.0,7,1,0.891,10,2.902,73,60,681.8,-0.00046,32.559
1885.0,7,1,0.891,10,2.902,73,60,681.8,-0.00046,32.559
1886.0,7,1,0.891,10,2.902,73,60,681.8,-0.00046,32.559
1887.0,7,1,0.891,10,2.902,73,60,681.8,-0.00046,32.559
1888.0,7,1,0.891,10,2.902,73,60,681.8,-0.00046,32.559
1889.0,7,1,0.891,10,2.902,73,60,681.8,-0.00046,32.559
1890.0,7,1,0.891,10,2.902,73,60,681.8,-0.00046,32.559
1891.0,7,1,0.891,10,2.902,73,60,681.8,-0.00046,32.559
1892.0,7,1,0.891,10,2.902,73,60,681.8,-0.00046,32.559
1893.0,7,1,0.891,10,2.902,73,60,681.8,-0.00046,32.559
1894.0,7,1,0.891,10,2.902,73,60,681.8,-0.00046,32.559
1895.0,5,0,0.844,10,2.902,74,60,687.6,-0.00046,32.74
1896.0,5,0,0.844,10,2.902,74,60,687.6,-0.00046,32.719
1897.0,5,1,0.844,10,2.902,74,60,687.6,-0.00046,32.719
1898.0,5,1,0.844,10,2.902,74,60,687.6,-0.00046,32.719
1899.0,5,1,0.844,10,2.902,74,60,687.6,-0.00046,32.719
1900.0,5,1,0.844,10,2.902,74,60,687.6,-0.00046,32.719
1901.0,5,1,0.844,10,2.902,74,60,687.6,-0.00046,32.719
1902.0,5,1,0.844,10,2.902,74,60,687.6,-0.00046,32.719
1903.0,5,1,0.844,10,2.902,74,60,687.6,-0.00046,32.719
1904.0,5,1,0.844,10,2.902,74,60,687.6,-0.00046,32.719
1905.0,5,1,0.844,10,2.902,74,60,687.6,-0.00046,32.719
1906.0,5,1,0.844,10,2.902,74,60,687.6,-0.00046,32.719
1907.0,5,1,0.844,10,2.902,74,60,687.6,-0.00046,32.719
1908.0,5,1,0.844,10,2.902,74,60,687.6,-0.00046,32.719
1909.0,5,1,0.844,10,2.902,74,60,687.6,-0.00046,32.719
1910.0,5,1,0.844,10,2.902,74,60,687.6,-0.00046,32.719
1911.0,5,1,0.844,10,2.902,74,60,687.6,-0.00046,32.719
1912.0,5,1,0.844,10,2.902,74,60,687.6,-0.00046,32.719
1913.0,5,1,0.844,10,2.902,74,60,687.6,-0.00046,32.719
1914.0,5,1,0.844,10,2.902,74,60,687.6,-0.00046,32.719
1915.0,5,1,0.844,10,2.902,74,60,687.6,-0.00046,32.719
1916.0,5,1,0.844,10,2.902,74,60,687.6,-0.00046,32.719
1917.0,1,0,0.957,10,2.902,75,60,699.2,-0.00046,32.604
1918.0,1,0,0.957,10,2.902,75,60,699.2,-0.00046,32.604
1919.0,1,0,0.957,10,2.901,75,61,699.2,-0.00146,32.582
1920.0,1,0,0.957,10,2.901,75,61,699.2,-0.00146,32.561
1921.0,1,1,0.957,10,2.901,75,61,699.2,-0.00146,32.561
1922.0,1,1,0.957,10,2.901,75,61,699.2,-0.00146,32.561
1923.0,1,1,0.957,10,2.901,75,61,699.2,-0.00146,32.561
1924.0,1,1,0.957,10,2.901,75,61,699.2,-0.00146,32.561
1925.0,1,1,0.957,10,2.901,75,61,699.2,-0.00146,32.561
1926.0,1,1,0.957,10,2.901,75,61,699.2,-0.00146,32.561
1927.0,1,1,0.957,10,2.901,75,61,699.2,-0.00146,32.561
1928.0,1,1,0.957,10,2.901,75,61,699.2,-0.00146,32.561
1929.0,1,1,0.957,10,2.901,75,61,699.2,-0.00146,32.561
1930.0,1,1,0.957,10,2.901,75,61,699.2,-0.00146,32.561
1931.0,1,1,0.957,10,2.901,75,61,699.2,-0.00146,32.561
1932.0,1,1,0.957,10,2.901,75,61,699.2,-0.00146,32.561
1933.0,1,1,0.957,10,2.901,75,61,699.2,-0.00146,32.561
1934.0,1,1,0.957,10,2.901,75,61,699.2,-0.00146,32.561
1935.0,3,0,0.917,10,2.901,76,61,705.0,-0.00146,32.32
1936.0,3,0,0.917,10,2.901,76,61,705.0,-0.00146,32.339
1937.0,3,0,0.917,10,2.898,76,62,705.0,-0.00146,32.412
1938.0,3,0,0.917,10,2.898,76,62,705.0,-0.00146,32.431
1939.0,3,1,0.917,10,2.898,76,62,705.0,-0.00146,32.431
1940.0,3,1,0.917,10,2.898,76,62,705.0,-0.00146,32.431
1941.0,3,1,0.917,10,2.898,76,62,705.0,-0.00146,32.431
1942.0,3,1,0.917,10,2.898,76,62,705.0,-0.00146,32.431
1943.0,3,1,0.917,10,2.898,76,62,705.0,-0.00146,32.431
1944.0,3,1,0.917,10,2.898,76,62,705.0,-0.00146,32.431
1945.0,3,1,0.917,10,2.898,76,62,705.0,-0.00146,32.431
1946.0,3,1,0.917,10,2.898,76,62,705.0,-0.00146,32.431
1947.0,3,1,0.917,10,2.898,76,62,705.0,-0.00146,32.431
1948.0,3,1,0.917,10,2.898,76,62,705.0,-0.00146,32.431
1949.0,3,1,0.917,10,2.898,76,62,705.0,-0.00146,32.431
1950.0,3,1,0.917,10,2.898,76,62,705.0,-0.00146,32.431
1951.0,3,1,0.917,10,2.898,76,62,705.0,-0.00146,32.431
1952.0,3,1,0.917,10,2.898,76,62,705.0,-0.00146,32.431
1953.0,3,1,0.917,10,2.898,76,62,705.0,-0.00146,32.431
1954.0,3,1,0.917,10,2.898,76,62,705.0,-0.00146,32.431
1955.0,5,0,0.901,10,2.898,77,62,710.8,-0.00146,32.441
1956.0,5,0,0.901,10,2.898,77,62,710.8,-0.00146,32.46
1957.0,5,0,0.901,10,2.894,77,63,710.8,-0.00175,32.47
1958.0,5,0,0.901,10,2.894,77,63,710.8,-0.00175,32.488
1959.0,5,1,0.901,10,2.894,77,63,710.8,-0.00175,32.488
1960.0,5,1,0.901,10,2.894,77,63,710.8,-0.00175,32.488
1961.0,5,1,0.901,10,2.894,77,63,710.8,-0.00175,32.488
1962.0,5,1,0.901,10,2.894,77,63,710.8,-0.00175,32.488
1963.0,5,1,0.901,10,2.894,77,63,710.8,-0.00175,32.488
1964.0,5,1,0.901,10,2.894,77,63,710.8,-0.00175,32.488
1965.0,5,1,0.901,10,2.894,77,63,710.8,-0.00175,32.488
1966.0,5,1,0.901,10,2.894,77,63,710.8,-0.00175,32.488
1967.0,5,1,0.901,10,2.894,77,63,710.8,-0.00175,32.488
1968.0,5,1,0.901,10,2.894,77,63,710.8,-0.00175,32.488
1969.0,5,1,0.901,10,2.894,77,63,710.8,-0.00175,32.488
1970.0,5,1,0.901,10,2.894,77,63,710.8,-0.00175,32.488
1971.0,6,0,0.956,10,2.894,78,63,713.7,-0.00175,32.289
1972.0,6,0,0.956,10,2.894,78,63,713.7,-0.00175,32.289
1973.0,6,0,0.956,10,2.891,78,64,713.7,-0.00225,32.351
1974.0,6,0,0.956,10,2.891,78,64,713.7,-0.00225,32.369
1975.0,6,0,0.956,10,2.891,78,64,713.7,-0.00225,32.387
1976.0,6,1,0.956,10,2.891,78,64,713.7,-0.00225,32.387
1977.0,6,1,0.956,10,2.891,78,64,713.7,-0.00225,32.387
1978.0,6,1,0.956,10,2.891,78,64,713.7,-0.00225,32.387
1979.0,6,1,0.956,10,2.891,78,64,713.7,-0.00225,32.387
1980.0,6,1,0.956,10,2.891,78,64,713.7,-0.00225,32.387
1981.0,6,1,0.956,10,2.891,78,64,713.7,-0.00225,32.387
1982.0,6,1,0.956,10,2.891,78,64,713.7,-0.00225,32.387
1983.0,6,1,0.956,10,2.891,78,64,713.7,-0.00225,32.387
1984.0,6,1,0.956,10,2.891,78,64,713.7,-0.00225,32.387
1985.0,6,1,0.956,10,2.891,78,64,713.7,-0.00225,32.387
1986.0,6,1,0.956,10,2.891,78,64,713.7,-0.00225,32.387
1987.0,6,1,0.956,10,2.891,78,64,713.7,-0.00225,32.387
1988.0,6,1,0.956,10,2.891,78,64,713.7,-0.00225,32.387
1989.0,6,1,0.956,10,2.891,78,64,713.7,-0.00225,32.387
1990.0,6,1,0.956,10,2.891,78,64,713.7,-0.00225,32.387
1991.0,6,1,0.956,10,2.891,78,64,713.7,-0.00225,32.387
1992.0,6,1,0.956,10,2.891,78,64,713.7,-0.00225,32.387
1993.0,6,1,0.956,10,2.891,78,64,713.7,-0.00225,32.387
1994.0,6,1,0.956,10,2.891,78,64,713.7,-0.00225,32.387
1995.0,6,1,0.956,10,2.891,78,64,713.7,-0.00225,32.387
1996.0,6,1,0.956,10,2.891,78,64,713.7,-0.00225,32.387
1997.0,6,1,0.956,10,2.891,78,64,713.7,-0.00225,32.387
1998.0,6,1,0.956,10,2.891,78,64,713.7,-0.00225,32.387
1999.0,6,1,0.956,10,2.891,78,64,713.7,-0.00225,32.387
2000.0,6,1,0.956,10,2.891,78,64,713.7,-0.00225,32.387
2001.0,6,1,0.956,10,2.891,78,64,713.7,-0.00225,32.387
2002.0,6,1,0.956,10,2.891,78,64,713.7,-0.00225,32.387
2003.0,6,1,0.956,10,2.891,78,64,713.7,-0.00225,32.387
2004.0,6,1,0.956,10,2.891,78,64,713.7,-0.00225,32.387
2005.0,6,1,0.956,10,2.891,78,64,713.7,-0.00225,32.387
2006.0,6,1,0.956,10,2.891,78,64,713.7,-0.00225,32.387
2007.0,6,1,0.956,10,2.891,78,64,713.7,-0.00225,32.387
2008.0,6,1,0.956,10,2.891,78,64,713.7,-0.00225,32.387
2009.0,6,1,0.956,10,2.891,78,64,713.7,-0.00225,32.387
2010.0,6,1,0.956,10,2.891,78,64,713.7,-0.00225,32.387
2011.0,6,1,0.956,10,2.891,78,64,713.7,-0.00225,32.387
2012.0,6,1,0.956,10,2.891,78,64,713.7,-0.00225,32.387
2013.0,9,0,0.728,10,2.891,79,64,722.3,-0.00225,32.638
2014.0,9,0,0.728,10,2.891,79,64,722.3,-0.00225,32.656
2015.0,9,1,0.728,10,2.891,79,64,722.3,-0.00225,32.656
2016.0,9,1,0.728,10,2.891,79,64,722.3,-0.00225,32.656
2017.0,9,1,0.728,10,2.891,79,64,722.3,-0.00225,32.656
2018.0,9,1,0.728,10,2.891,79,64,722.3,-0.00225,32.656
2019.0,9,1,0.728,10,2.891,79,64,722.3,-0.00225,32.656
2020.0,9,1,0.728,10,2.891,79,64,722.3,-0.00225,32.656
2021.0,9,1,0.728,10,2.891,79,64,722.3,-0.00225,32.656
2022.0,9,1,0.728,10,2.891,79,64,722.3,-0.00225,32.656
2023.0,9,1,0.728,10,2.891,79,64,722.3,-0.00225,32.656
2024.0,9,1,0.728,10,2.891,79,64,722.3,-0.00225,32.656
2025.0,9,1,0.728,10,2.891,79,64,722.3,-0.00225,32.656
2026.0,10,0,0.815,10,2.891,80,64,725.2,-0.00225,32.201
2027.0,10,1,0.815,10,2.891,80,64,725.2,-0.00225,32.201
2028.0,10,1,0.815,10,2.891,80,64,725.2,-0.00225,32.201
2029.0,10,0,1.0,10,2.891,80,64,725.2,-0.00225,32.39
2030.0,10,0,1.0,10,2.891,80,64,725.2,-0.00225,32.39
2031.0,10,0,1.0,10,2.891,80,64,725.2,-0.00225,32.408
2032.0,10,0,1.0,10,2.891,80,64,725.2,-0.00225,32.425
2033.0,10,1,1.0,10,2.891,80,64,725.2,-0.00225,32.425
2034.0,10,1,1.0,10,2.891,80,64,725.2,-0.00225,32.425
2035.0,10,1,1.0,10,2.891,80,64,725.2,-0.00225,32.425
2036.0,10,1,1.0,10,2.891,80,64,725.2,-0.00225,32.425
2037.0,10,1,1.0,10,2.891,80,64,725.2,-0.00225,32.425
2038.0,10,1,1.0,10,2.891,80,64,725.2,-0.00225,32.425
2039.0,10,1,1.0,10,2.891,80,64,725.2,-0.00225,32.425
2040.0,10,1,1.0,10,2.891,80,64,725.2,-0.00225,32.425
2041.0,10,1,1.0,10,2.891,80,64,725.2,-0.00225,32.425
2042.0,10,1,1.0,10,2.891,80,64,725.2,-0.00225,32.425
2043.0,10,1,1.0,10,2.891,80,64,725.2,-0.00225,32.425
2044.0,10,1,1.0,10,2.891,80,64,725.2,-0.00225,32.425
2045.0,10,1,1.0,10,2.891,80,64,725.2,-0.00225,32.425
2046.0,10,1,1.0,10,2.891,80,64,725.2,-0.00225,32.425
2047.0,10,1,1.0,10,2.891,80,64,725.2,-0.00225,32.425
2048.0,10,1,1.0,10,2.891,80,64,725.2,-0.00225,32.425
2049.0,10,1,1.0,10,2.891,80,64,725.2,-0.00225,32.425
2050.0,8,0,0.963,10,2.891,81,64,731.0,-0.00225,32.737
2051.0,8,0,0.963,10,2.891,81,64,731.0,-0.00225,32.717
2052.0,8,0,0.963,10,2.892,81,65,731.0,-0.00225,32.629
2053.0,8,0,0.963,10,2.892,81,65,731.0,-0.00225,32.629
2054.0,8,0,0.963,10,2.892,81,65,731.0,-0.00225,32.608
2055.0,8,0,0.963,10,2.892,81,65,731.0,-0.00225,32.608
2056.0,8,0,0.963,10,2.892,81,65,731.0,-0.00225,32.608
2057.0,8,0,0.963,10,2.892,81,65,731.0,-0.00225,32.608
2058.0,8,1,0.963,10,2.892,81,65,731.0,-0.00225,32.608
2059.0,8,1,0.963,10,2.892,81,65,731.0,-0.00225,32.608
2060.0,8,1,0.963,10,2.892,81,65,731.0,-0.00225,32.608
2061.0,8,1,0.963,10,2.892,81,65,731.0,-0.00225,32.608
2062.0,8,1,0.963,10,2.892,81,65,731.0,-0.00225,32.608
2063.0,8,1,0.963,10,2.892,81,65,731.0,-0.00225,32.608
2064.0,8,1,0.963,10,2.892,81,65,731.0,-0.00225,32.608
2065.0,8,1,0.963,10,2.892,81,65,731.0,-0.00225,32.608
2066.0,8,1,0.963,10,2.892,81,65,731.0,-0.00225,32.608
2067.0,8,1,0.963,10,2.892,81,65,731.0,-0.00225,32.608
2068.0,7,0,0.763,10,2.892,82,65,733.9,-0.00225,32.929
2069.0,7,0,0.763,10,2.892,82,65,733.9,-0.00225,32.906
2070.0,7,0,0.763,10,2.875,82,66,733.9,-0.00214,32.798
2071.0,7,0,0.763,10,2.875,82,66,733.9,-0.00214,32.776
2072.0,7,0,0.763,10,2.875,82,66,733.9,-0.00214,32.754
2073.0,7,0,0.763,10,2.875,82,66,733.9,-0.00214,32.732
2074.0,7,1,0.763,10,2.875,82,66,733.9,-0.00214,32.732
2075.0,7,1,0.763,10,2.875,82,66,733.9,-0.00214,32.732
2076.0,7,1,0.763,10,2.875,82,66,733.9,-0.00214,32.732
2077.0,7,1,0.763,10,2.875,82,66,733.9,-0.00214,32.732
2078.0,7,1,0.763,10,2.875,82,66,733.9,-0.00214,32.732
2079.0,7,1,0.763,10,2.875,82,66,733.9,-0.00214,32.732
2080.0,7,1,0.763,10,2.875,82,66,733.9,-0.00214,32.732
2081.0,7,1,0.763,10,2.875,82,66,733.9,-0.00214,32.732
2082.0,7,1,0.763,10,2.875,82,66,733.9,-0.00214,32.732
2083.0,7,1,0.763,10,2.875,82,66,733.9,-0.00214,32.732
2084.0,7,1,0.763,10,2.875,82,66,733.9,-0.00214,32.732
2085.0,7,1,0.763,10,2.875,82,66,733.9,-0.00214,32.732
2086.0,7,1,0.763,10,2.875,82,66,733.9,-0.00214,32.732
2087.0,7,1,0.763,10,2.875,82,66,733.9,-0.00214,32.732
2088.0,7,1,0.763,10,2.875,82,66,733.9,-0.00214,32.732
2089.0,6,0,0.743,10,2.875,83,66,736.8,-0.00214,32.333
2090.0,6,0,0.743,10,2.875,83,66,736.8,-0.00214,32.333
2091.0,6,0,0.743,10,2.894,83,67,736.8,-0.00214,32.425
2092.0,6,1,0.743,10,2.894,83,67,736.8,-0.00214,32.425
2093.0,6,1,0.743,10,2.894,83,67,736.8,-0.00214,32.425
2094.0,6,1,0.743,10,2.894,83,67,736.8,-0.00214,32.425
2095.0,6,1,0.743,10,2.894,83,67,736.8,-0.00214,32.425
2096.0,6,1,0.743,10,2.894,83,67,736.8,-0.00214,32.425
2097.0,6,1,0.743,10,2.894,83,67,736.8,-0.00214,32.425
2098.0,6,1,0.743,10,2.894,83,67,736.8,-0.00214,32.425
2099.0,6,1,0.743,10,2.894,83,67,736.8,-0.00214,32.425
2100.0,6,1,0.743,10,2.894,83,67,736.8,-0.00214,32.425
2101.0,6,1,0.743,10,2.894,83,67,736.8,-0.00214,32.425
2102.0,6,1,0.743,10,2.894,83,67,736.8,-0.00214,32.425
2103.0,6,1,0.743,10,2.894,83,67,736.8,-0.00214,32.425
2104.0,6,1,0.743,10,2.894,83,67,736.8,-0.00214,32.425
2105.0,6,1,0.743,10,2.894,83,67,736.8,-0.00214,32.425
2106.0,6,1,0.743,10,2.894,83,67,736.8,-0.00214,32.425
2107.0,6,1,0.743,10,2.894,83,67,736.8,-0.00214,32.425
2108.0,6,1,0.743,10,2.894,83,67,736.8,-0.00214,32.425
2109.0,6,1,0.743,10,2.894,83,67,736.8,-0.00214,32.425
2110.0,6,1,0.743,10,2.894,83,67,736.8,-0.00214,32.425
2111.0,6,1,0.743,10,2.894,83,67,736.8,-0.00214,32.425
2112.0,6,1,0.743,10,2.894,83,67,736.8,-0.00214,32.425
2113.0,1,0,0.76,10,2.894,84,67,751.3,-0.00214,32.604
2114.0,1,0,0.76,10,2.894,84,67,751.3,-0.00214,32.581
2115.0,1,0,0.76,10,2.89,84,68,751.3,-0.00175,32.56
2116.0,1,0,0.76,10,2.89,84,68,751.3,-0.00175,32.538
2117.0,1,0,0.76,10,2.89,84,68,751.3,-0.00175,32.516
2118.0,1,0,0.76,10,2.89,84,68,751.3,-0.00175,32.494
2119.0,1,1,0.76,10,2.89,84,68,751.3,-0.00175,32.494
2120.0,1,1,0.76,10,2.89,84,68,751.3,-0.00175,32.494
2121.0,1,1,0.76,10,2.89,84,68,751.3,-0.00175,32.494
2122.0,1,1,0.76,10,2.89,84,68,751.3,-0.00175,32.494
2123.0,1,1,0.76,10,2.89,84,68,751.3,-0.00175,32.494
2124.0,1,1,0.76,10,2.89,84,68,751.3,-0.00175,32.494
2125.0,1,1,0.76,10,2.89,84,68,751.3,-0.00175,32.494
2126.0,1,1,0.76,10,2.89,84,68,751.3,-0.00175,32.494
2127.0,1,1,0.76,10,2.89,84,68,751.3,-0.00175,32.494
2128.0,1,1,0.76,10,2.89,84,68,751.3,-0.00175,32.494
2129.0,1,1,0.76,10,2.89,84,68,751.3,-0.00175,32.494
2130.0,1,1,0.76,10,2.89,84,68,751.3,-0.00175,32.494
2131.0,1,1,0.76,10,2.89,84,68,751.3,-0.00175,32.494
2132.0,1,1,0.76,10,2.89,84,68,751.3,-0.00175,32.494
2133.0,1,1,0.76,10,2.89,84,68,751.3,-0.00175,32.494
2134.0,1,1,0.76,10,2.89,84,68,751.3,-0.00175,32.494
2135.0,1,1,0.76,10,2.89,84,68,751.3,-0.00175,32.494
2136.0,1,1,0.76,10,2.89,84,68,751.3,-0.00175,32.494
2137.0,1,1,0.76,10,2.89,84,68,751.3,-0.00175,32.494
2138.0,1,1,0.76,10,2.89,84,68,751.3,-0.00175,32.494
2139.0,1,1,0.76,10,2.89,84,68,751.3,-0.00175,32.494
2140.0,1,1,0.76,10,2.89,84,68,751.3,-0.00175,32.494
2141.0,1,1,0.76,10,2.89,84,68,751.3,-0.00175,32.494
2142.0,1,1,0.76,10,2.89,84,68,751.3,-0.00175,32.494
2143.0,1,1,0.76,10,2.89,84,68,751.3,-0.00175,32.494
2144.0,1,1,0.76,10,2.89,84,68,751.3,-0.00175,32.494
2145.0,1,1,0.76,10,2.89,84,68,751.3,-0.00175,32.494
2146.0,1,1,0.76,10,2.89,84,68,751.3,-0.00175,32.494
2147.0,1,1,0.76,10,2.89,84,68,751.3,-0.00175,32.494
2148.0,1,1,0.76,10,2.89,84,68,751.3,-0.00175,32.494
2149.0,1,1,0.76,10,2.89,84,68,751.3,-0.00175,32.494
2150.0,1,1,0.76,10,2.89,84,68,751.3,-0.00175,32.494
2151.0,1,1,0.76,10,2.89,84,68,751.3,-0.00175,32.494
2152.0,1,1,0.76,10,2.89,84,68,751.3,-0.00175,32.494
2153.0,1,1,0.76,10,2.89,84,68,751.3,-0.00175,32.494
2154.0,1,1,0.76,10,2.89,84,68,751.3,-0.00175,32.494
2155.0,1,1,0.76,10,2.89,84,68,751.3,-0.00175,32.494
2156.0,1,1,0.76,10,2.89,84,68,751.3,-0.00175,32.494
2157.0,1,1,0.76,10,2.89,84,68,751.3,-0.00175,32.494
2158.0,1,1,0.76,10,2.89,84,68,751.3,-0.00175,32.494
2159.0,1,1,0.76,10,2.89,84,68,751.3,-0.00175,32.494
2160.0,1,1,0.76,10,2.89,84,68,751.3,-0.00175,32.494
2161.0,1,1,0.76,10,2.89,84,68,751.3,-0.00175,32.494
2162.0,1,1,0.76,10,2.89,84,68,751.3,-0.00175,32.494
2163.0,1,1,0.76,10,2.89,84,68,751.3,-0.00175,32.494
2164.0,1,1,0.76,10,2.89,84,68,751.3,-0.00175,32.494
2165.0,1,1,0.76,10,2.89,84,68,751.3,-0.00175,32.494
2166.0,1,1,0.76,10,2.89,84,68,751.3,-0.00175,32.494
2167.0,1,1,0.76,10,2.89,84,68,751.3,-0.00175,32.494
2168.0,1,1,0.76,10,2.89,84,68,751.3,-0.00175,32.494
2169.0,1,1,0.76,10,2.89,84,68,751.3,-0.00175,32.494
2170.0,1,1,0.76,10,2.89,84,68,751.3,-0.00175,32.494
2171.0,1,1,0.76,10,2.89,84,68,751.3,-0.00175,32.494
2172.0,1,1,0.76,10,2.89,84,68,751.3,-0.00175,32.494
2173.0,1,1,0.76,10,2.89,84,68,751.3,-0.00175,32.494
2174.0,1,1,0.76,10,2.89,84,68,751.3,-0.00175,32.494
2175.0,1,1,0.76,10,2.89,84,68,751.3,-0.00175,32.494
2176.0,1,1,0.76,10,2.89,84,68,751.3,-0.00175,32.494
2177.0,1,1,0.76,10,2.89,84,68,751.3,-0.00175,32.494
2178.0,1,1,0.76,10,2.89,84,68,751.3,-0.00175,32.494
2179.0,1,0,1.0,10,2.89,84,68,751.3,-0.00175,32.353
2180.0,1,0,1.0,10,2.89,84,68,751.3,-0.00175,32.353
2181.0,1,0,1.0,10,2.89,84,68,751.3,-0.00175,32.371
2182.0,1,0,1.0,10,2.89,84,68,751.3,-0.00175,32.374
2183.0,1,0,1.0,10,2.89,84,68,751.3,-0.00175,32.392
2184.0,1,0,1.0,10,2.89,84,68,751.3,-0.00175,32.395
2185.0,1,0,1.0,10,2.89,84,68,751.3,-0.00175,32.374
2186.0,1,0,1.0,10,2.89,84,68,751.3,-0.00175,32.374
2187.0,1,0,1.0,10,2.89,84,68,751.3,-0.00175,32.353
2188.0,1,0,1.0,10,2.89,84,68,751.3,-0.00175,32.331
2189.0,1,0,1.0,10,2.89,84,68,751.3,-0.00175,32.309
2190.0,1,0,1.0,10,2.89,84,68,751.3,-0.00175,32.288
2191.0,1,0,1.0,10,2.89,84,68,751.3,-0.00175,32.266
2192.0,1,0,1.0,10,2.89,84,68,751.3,-0.00175,32.249
2193.0,1,0,1.0,10,2.89,84,68,751.3,-0.00175,32.249
2194.0,1,0,1.0,10,2.89,84,68,751.3,-0.00175,32.267
2195.0,1,0,1.0,10,2.89,84,68,751.3,-0.00175,32.285
2196.0,1,0,1.0,10,2.89,84,68,751.3,-0.00175,32.29
2197.0,1,0,1.0,10,2.89,84,68,751.3,-0.00175,32.309
2198.0,1,0,1.0,10,2.89,84,68,751.3,-0.00175,32.327
2199.0,1,0,1.0,10,2.89,84,68,751.3,-0.00175,32.332
2200.0,1,0,1.0,10,2.89,84,68,751.3,-0.00175,32.35
2201.0,1,1,1.0,10,2.89,84,68,751.3,-0.00175,32.35
2202.0,1,1,1.0,10,2.89,84,68,751.3,-0.00175,32.35
2203.0,1,1,1.0,10,2.89,84,68,751.3,-0.00175,32.35
2204.0,1,0,1.0,10,2.89,84,68,751.3,-0.00175,32.541
2205.0,1,0,1.0,10,2.89,84,68,751.3,-0.00175,32.541
2206.0,1,0,1.0,10,2.89,84,68,751.3,-0.00175,32.541
2207.0,1,0,1.0,10,2.89,84,68,751.3,-0.00175,32.52
2208.0,1,1,1.0,10,2.89,84,68,751.3,-0.00175,32.52
2209.0,1,1,1.0,10,2.89,84,68,751.3,-0.00175,32.52
2210.0,1,0,1.0,10,2.89,84,68,751.3,-0.00175,32.311
2211.0,1,0,1.0,10,2.89,84,68,751.3,-0.00175,32.311
2212.0,1,0,1.0,10,2.89,84,68,751.3,-0.00175,32.311
2213.0,1,0,1.0,10,2.89,84,68,751.3,-0.00175,32.311
2214.0,1,0,1.0,10,2.89,84,68,751.3,-0.00175,32.311
2215.0,1,0,1.0,10,2.89,84,68,751.3,-0.00175,32.311
2216.0,1,0,1.0,10,2.89,84,68,751.3,-0.00175,32.311
2217.0,1,0,1.0,10,2.89,84,68,751.3,-0.00175,32.289
2218.0,1,0,1.0,10,2.89,84,68,751.3,-0.00175,32.268
2219.0,1,0,1.0,10,2.89,84,68,751.3,-0.00175,32.246
2220.0,1,0,1.0,10,2.89,84,68,751.3,-0.00175,32.224
2221.0,1,0,1.0,10,2.89,84,68,751.3,-0.00175,32.207
2222.0,1,1,1.0,10,2.89,84,68,751.3,-0.00175,32.207
2223.0,1,0,1.0,10,2.89,84,68,751.3,-0.00175,32.249
2224.0,1,0,1.0,10,2.89,84,68,751.3,-0.00175,32.249
2225.0,1,0,1.0,10,2.89,84,68,751.3,-0.00175,32.249
2226.0,1,0,1.0,10,2.89,84,68,751.3,-0.00175,32.249
2227.0,1,0,1.0,10,2.89,84,68,751.3,-0.00175,32.249
2228.0,1,0,1.0,10,2.89,84,68,751.3,-0.00175,32.249
2229.0,1,0,1.0,10,2.89,84,68,751.3,-0.00175,32.249
2230.0,1,0,1.0,10,2.89,84,68,751.3,-0.00175,32.249
2231.0,1,0,1.0,10,2.89,84,68,751.3,-0.00175,32.267
2232.0,1,0,1.0,10,2.89,84,68,751.3,-0.00175,32.285
2233.0,1,0,1.0,10,2.89,84,68,751.3,-0.00175,32.303
2234.0,1,0,1.0,10,2.89,84,68,751.3,-0.00175,32.322
2235.0,1,0,1.0,10,2.89,84,68,751.3,-0.00175,32.332
2236.0,1,0,1.0,10,2.89,84,68,751.3,-0.00175,32.332
2237.0,1,0,1.0,10,2.89,84,68,751.3,-0.00175,32.332
2238.0,1,0,1.0,10,2.89,84,68,751.3,-0.00175,32.35
2239.0,1,0,1.0,10,2.89,84,68,751.3,-0.00175,32.353
2240.0,1,0,1.0,10,2.89,84,68,751.3,-0.00175,32.353
2241.0,1,0,1.0,10,2.89,84,68,751.3,-0.00175,32.371
2242.0,1,0,1.0,10,2.89,84,68,751.3,-0.00175,32.389
2243.0,1,0,1.0,10,2.89,84,68,751.3,-0.00175,32.408
2244.0,1,0,1.0,10,2.89,84,68,751.3,-0.00175,32.426
2245.0,1,0,1.0,10,2.89,84,68,751.3,-0.00175,32.444
2246.0,1,1,1.0,10,2.89,84,68,751.3,-0.00175,32.444
2247.0,1,1,1.0,10,2.89,84,68,751.3,-0.00175,32.444
2248.0,1,1,1.0,10,2.89,84,68,751.3,-0.00175,32.444
2249.0,1,1,1.0,10,2.89,84,68,751.3,-0.00175,32.444
2250.0,1,1,1.0,10,2.89,84,68,751.3,-0.00175,32.444
2251.0,1,1,1.0,10,2.89,84,68,751.3,-0.00175,32.444
2252.0,1,1,1.0,10,2.89,84,68,751.3,-0.00175,32.444
2253.0,1,1,1.0,10,2.89,84,68,751.3,-0.00175,32.444
2254.0,1,1,1.0,10,2.89,84,68,751.3,-0.00175,32.444
2255.0,1,1,1.0,10,2.89,84,68,751.3,-0.00175,32.444
2256.0,1,1,1.0,10,2.89,84,68,751.3,-0.00175,32.444
2257.0,1,1,1.0,10,2.89,84,68,751.3,-0.00175,32.444
2258.0,1,1,1.0,10,2.89,84,68,751.3,-0.00175,32.444
2259.0,1,1,1.0,10,2.89,84,68,751.3,-0.00175,32.444
2260.0,1,1,1.0,10,2.89,84,68,751.3,-0.00175,32.444
2261.0,1,1,1.0,10,2.89,84,68,751.3,-0.00175,32.444
2262.0,1,1,1.0,10,2.89,84,68,751.3,-0.00175,32.444
2263.0,1,1,1.0,10,2.89,84,68,751.3,-0.00175,32.444
2264.0,1,1,1.0,10,2.89,84,68,751.3,-0.00175,32.444
2265.0,1,1,1.0,10,2.89,84,68,751.3,-0.00175,32.444
2266.0,1,1,1.0,10,2.89,84,68,751.3,-0.00175,32.444
2267.0,6,0,0.75,10,2.89,85,68,765.7,-0.00175,32.209
2268.0,6,0,0.75,10,2.89,85,68,765.7,-0.00175,32.209
2269.0,6,0,0.75,10,2.887,85,69,765.7,-0.00076,32.278
2270.0,6,0,0.75,10,2.887,85,69,765.7,-0.00076,32.28
2271.0,6,1,0.75,10,2.887,85,69,765.7,-0.00076,32.28
2272.0,6,1,0.75,10,2.887,85,69,765.7,-0.00076,32.28
2273.0,6,1,0.75,10,2.887,85,69,765.7,-0.00076,32.28
2274.0,6,1,0.75,10,2.887,85,69,765.7,-0.00076,32.28
2275.0,6,1,0.75,10,2.887,85,69,765.7,-0.00076,32.28
2276.0,6,1,0.75,10,2.887,85,69,765.7,-0.00076,32.28
2277.0,6,1,0.75,10,2.887,85,69,765.7,-0.00076,32.28
2278.0,6,1,0.75,10,2.887,85,69,765.7,-0.00076,32.28
2279.0,6,1,0.75,10,2.887,85,69,765.7,-0.00076,32.28
2280.0,6,1,0.75,10,2.887,85,69,765.7,-0.00076,32.28
2281.0,6,1,0.75,10,2.887,85,69,765.7,-0.00076,32.28
2282.0,6,1,0.75,10,2.887,85,69,765.7,-0.00076,32.28
2283.0,6,1,0.75,10,2.887,85,69,765.7,-0.00076,32.28
2284.0,6,1,0.75,10,2.887,85,69,765.7,-0.00076,32.28
2285.0,6,1,0.75,10,2.887,85,69,765.7,-0.00076,32.28
2286.0,6,1,0.75,10,2.887,85,69,765.7,-0.00076,32.28
2287.0,6,1,0.75,10,2.887,85,69,765.7,-0.00076,32.28
2288.0,6,1,0.75,10,2.887,85,69,765.7,-0.00076,32.28
2289.0,6,1,0.75,10,2.887,85,69,765.7,-0.00076,32.28
2290.0,6,1,0.75,10,2.887,85,69,765.7,-0.00076,32.28
2291.0,1,0,0.732,10,2.887,86,69,780.1,-0.00076,32.457
2292.0,1,0,0.732,10,2.887,86,69,780.1,-0.00076,32.437
2293.0,1,0,0.732,10,2.883,86,70,780.1,-0.00041,32.416
2294.0,1,0,0.732,10,2.883,86,70,780.1,-0.00041,32.416
2295.0,1,1,0.732,10,2.883,86,70,780.1,-0.00041,32.416
2296.0,1,1,0.732,10,2.883,86,70,780.1,-0.00041,32.416
2297.0,1,1,0.732,10,2.883,86,70,780.1,-0.00041,32.416
2298.0,1,1,0.732,10,2.883,86,70,780.1,-0.00041,32.416
2299.0,1,1,0.732,10,2.883,86,70,780.1,-0.00041,32.416
2300.0,1,1,0.732,10,2.883,86,70,780.1,-0.00041,32.416
2301.0,1,1,0.732,10,2.883,86,70,780.1,-0.00041,32.416
2302.0,1,1,0.732,10,2.883,86,70,780.1,-0.00041,32.416
2303.0,1,1,0.732,10,2.883,86,70,780.1,-0.00041,32.416
2304.0,1,1,0.732,10,2.883,86,70,780.1,-0.00041,32.416
2305.0,1,1,0.732,10,2.883,86,70,780.1,-0.00041,32.416
2306.0,1,1,0.732,10,2.883,86,70,780.1,-0.00041,32.416
2307.0,1,1,0.732,10,2.883,86,70,780.1,-0.00041,32.416
2308.0,1,1,0.732,10,2.883,86,70,780.1,-0.00041,32.416
2309.0,3,0,0.771,10,2.883,87,70,785.9,-0.00041,32.103
2310.0,3,0,0.771,10,2.883,87,70,785.9,-0.00041,32.123
2311.0,3,1,0.771,10,2.883,87,70,785.9,-0.00041,32.123
2312.0,3,1,0.771,10,2.883,87,70,785.9,-0.00041,32.123
2313.0,3,1,0.771,10,2.883,87,70,785.9,-0.00041,32.123
2314.0,3,1,0.771,10,2.883,87,70,785.9,-0.00041,32.123
2315.0,3,1,0.771,10,2.883,87,70,785.9,-0.00041,32.123
2316.0,3,1,0.771,10,2.883,87,70,785.9,-0.00041,32.123
2317.0,3,1,0.771,10,2.883,87,70,785.9,-0.00041,32.123
2318.0,3,1,0.771,10,2.883,87,70,785.9,-0.00041,32.123
2319.0,3,1,0.771,10,2.883,87,70,785.9,-0.00041,32.123
2320.0,3,1,0.771,10,2.883,87,70,785.9,-0.00041,32.123
2321.0,3,1,0.771,10,2.883,87,70,785.9,-0.00041,32.123
2322.0,3,1,0.771,10,2.883,87,70,785.9,-0.00041,32.123
2323.0,3,1,0.771,10,2.883,87,70,785.9,-0.00041,32.123
2324.0,3,1,0.771,10,2.883,87,70,785.9,-0.00041,32.123
2325.0,3,1,0.771,10,2.883,87,70,785.9,-0.00041,32.123
2326.0,3,1,0.771,10,2.883,87,70,785.9,-0.00041,32.123
2327.0,3,1,0.771,10,2.883,87,70,785.9,-0.00041,32.123
2328.0,3,1,0.771,10,2.883,87,70,785.9,-0.00041,32.123
2329.0,3,1,0.771,10,2.883,87,70,785.9,-0.00041,32.123
2330.0,3,1,0.771,10,2.883,87,70,785.9,-0.00041,32.123
2331.0,3,1,0.771,10,2.883,87,70,785.9,-0.00041,32.123
2332.0,3,1,0.771,10,2.883,87,70,785.9,-0.00041,32.123
2333.0,3,1,0.771,10,2.883,87,70,785.9,-0.00041,32.123
2334.0,3,1,0.771,10,2.883,87,70,785.9,-0.00041,32.123
2335.0,3,1,0.771,10,2.883,87,70,785.9,-0.00041,32.123
2336.0,3,1,0.771,10,2.883,87,70,785.9,-0.00041,32.123
2337.0,3,1,0.771,10,2.883,87,70,785.9,-0.00041,32.123
2338.0,3,1,0.771,10,2.883,87,70,785.9,-0.00041,32.123
2339.0,9,0,0.923,10,2.883,88,70,803.2,-0.00041,32.198
2340.0,9,0,0.923,10,2.883,88,70,803.2,-0.00041,32.218
2341.0,9,0,0.923,10,2.884,88,71,803.2,-0.00041,32.216
2342.0,9,0,0.923,10,2.884,88,71,803.2,-0.00041,32.235
2343.0,9,0,0.923,10,2.884,88,71,803.2,-0.00041,32.255
2344.0,9,1,0.923,10,2.884,88,71,803.2,-0.00041,32.255
2345.0,9,1,0.923,10,2.884,88,71,803.2,-0.00041,32.255
2346.0,9,1,0.923,10,2.884,88,71,803.2,-0.00041,32.255
2347.0,9,1,0.923,10,2.884,88,71,803.2,-0.00041,32.255
2348.0,9,1,0.923,10,2.884,88,71,803.2,-0.00041,32.255
2349.0,9,1,0.923,10,2.884,88,71,803.2,-0.00041,32.255
2350.0,9,1,0.923,10,2.884,88,71,803.2,-0.00041,32.255
2351.0,9,1,0.923,10,2.884,88,71,803.2,-0.00041,32.255
2352.0,9,1,0.923,10,2.884,88,71,803.2,-0.00041,32.255
2353.0,9,1,0.923,10,2.884,88,71,803.2,-0.00041,32.255
2354.0,9,1,0.923,10,2.884,88,71,803.2,-0.00041,32.255
2355.0,9,1,0.923,10,2.884,88,71,803.2,-0.00041,32.255
2356.0,9,1,0.923,10,2.884,88,71,803.2,-0.00041,32.255
2357.0,9,1,0.923,10,2.884,88,71,803.2,-0.00041,32.255
2358.0,9,1,0.923,10,2.884,88,71,803.2,-0.00041,32.255
2359.0,9,1,0.923,10,2.884,88,71,803.2,-0.00041,32.255
2360.0,9,1,0.923,10,2.884,88,71,803.2,-0.00041,32.255
2361.0,9,1,0.923,10,2.884,88,71,803.2,-0.00041,32.255
2362.0,9,1,0.923,10,2.884,88,71,803.2,-0.00041,32.255
2363.0,9,1,0.923,10,2.884,88,71,803.2,-0.00041,32.255
2364.0,9,1,0.923,10,2.884,88,71,803.2,-0.00041,32.255
2365.0,9,1,0.923,10,2.884,88,71,803.2,-0.00041,32.255
2366.0,9,1,0.923,10,2.884,88,71,803.2,-0.00041,32.255
2367.0,9,1,0.923,10,2.884,88,71,803.2,-0.00041,32.255
2368.0,9,1,0.923,10,2.884,88,71,803.2,-0.00041,32.255
2369.0,9,1,0.923,10,2.884,88,71,803.2,-0.00041,32.255
2370.0,9,1,0.923,10,2.884,88,71,803.2,-0.00041,32.255
2371.0,1,0,0.906,10,2.884,89,71,826.3,-0.00041,32.123
2372.0,1,0,0.906,10,2.884,89,71,826.3,-0.00041,32.123
2373.0,1,1,0.906,10,2.884,89,71,826.3,-0.00041,32.123
2374.0,1,1,0.906,10,2.884,89,71,826.3,-0.00041,32.123
2375.0,1,1,0.906,10,2.884,89,71,826.3,-0.00041,32.123
2376.0,1,1,0.906,10,2.884,89,71,826.3,-0.00041,32.123
2377.0,1,1,0.906,10,2.884,89,71,826.3,-0.00041,32.123
2378.0,1,1,0.906,10,2.884,89,71,826.3,-0.00041,32.123
2379.0,1,1,0.906,10,2.884,89,71,826.3,-0.00041,32.123
2380.0,1,1,0.906,10,2.884,89,71,826.3,-0.00041,32.123
2381.0,1,1,0.906,10,2.884,89,71,826.3,-0.00041,32.123
2382.0,1,1,0.906,10,2.884,89,71,826.3,-0.00041,32.123
2383.0,1,1,0.906,10,2.884,89,71,826.3,-0.00041,32.123
2384.0,1,1,0.906,10,2.884,89,71,826.3,-0.00041,32.123
2385.0,1,1,0.906,10,2.884,89,71,826.3,-0.00041,32.123
2386.0,1,1,0.906,10,2.884,89,71,826.3,-0.00041,32.123
2387.0,1,1,0.906,10,2.884,89,71,826.3,-0.00041,32.123
2388.0,1,1,0.906,10,2.884,89,71,826.3,-0.00041,32.123
2389.0,1,1,0.906,10,2.884,89,71,826.3,-0.00041,32.123
2390.0,4,0,0.959,10,2.884,90,71,834.9,-0.00041,32.114
2391.0,4,0,0.959,10,2.884,90,71,834.9,-0.00041,32.134
2392.0,4,0,0.959,10,2.883,90,72,834.9,-0.00047,32.154
2393.0,4,0,0.959,10,2.883,90,72,834.9,-0.00047,32.173
2394.0,4,1,0.959,10,2.883,90,72,834.9,-0.00047,32.173
2395.0,4,1,0.959,10,2.883,90,72,834.9,-0.00047,32.173
2396.0,4,1,0.959,10,2.883,90,72,834.9,-0.00047,32.173
2397.0,4,1,0.959,10,2.883,90,72,834.9,-0.00047,32.173
2398.0,4,1,0.959,10,2.883,90,72,834.9,-0.00047,32.173
2399.0,4,1,0.959,10,2.883,90,72,834.9,-0.00047,32.173
2400.0,4,1,0.959,10,2.883,90,72,834.9,-0.00047,32.173
2401.0,4,1,0.959,10,2.883,90,72,834.9,-0.00047,32.173
2402.0,4,1,0.959,10,2.883,90,72,834.9,-0.00047,32.173
2403.0,4,1,0.959,10,2.883,90,72,834.9,-0.00047,32.173
2404.0,4,1,0.959,10,2.883,90,72,834.9,-0.00047,32.173
2405.0,4,1,0.959,10,2.883,90,72,834.9,-0.00047,32.173
2406.0,4,1,0.959,10,2.883,90,72,834.9,-0.00047,32.173
2407.0,4,1,0.959,10,2.883,90,72,834.9,-0.00047,32.173
2408.0,4,1,0.959,10,2.883,90,72,834.9,-0.00047,32.173
2409.0,4,1,0.959,10,2.883,90,72,834.9,-0.00047,32.173
2410.0,4,1,0.959,10,2.883,90,72,834.9,-0.00047,32.173
2411.0,4,1,0.959,10,2.883,90,72,834.9,-0.00047,32.173
2412.0,1,0,0.995,10,2.883,91,72,843.6,-0.00047,32.102
2413.0,1,0,0.995,10,2.883,91,72,843.6,-0.00047,32.082
2414.0,1,0,0.995,10,2.883,91,73,843.6,-0.00062,32.061
2415.0,1,0,0.995,10,2.883,91,73,843.6,-0.00062,32.061
2416.0,1,0,0.995,10,2.883,91,73,843.6,-0.00062,32.04
2417.0,1,0,0.995,10,2.883,91,73,843.6,-0.00062,32.04
2418.0,1,1,0.995,10,2.883,91,73,843.6,-0.00062,32.04
2419.0,1,1,0.995,10,2.883,91,73,843.6,-0.00062,32.04
2420.0,1,1,0.995,10,2.883,91,73,843.6,-0.00062,32.04
2421.0,1,1,0.995,10,2.883,91,73,843.6,-0.00062,32.04
2422.0,1,1,0.995,10,2.883,91,73,843.6,-0.00062,32.04
2423.0,1,1,0.995,10,2.883,91,73,843.6,-0.00062,32.04
2424.0,1,1,0.995,10,2.883,91,73,843.6,-0.00062,32.04
2425.0,1,1,0.995,10,2.883,91,73,843.6,-0.00062,32.04
2426.0,1,1,0.995,10,2.883,91,73,843.6,-0.00062,32.04
2427.0,1,1,0.995,10,2.883,91,73,843.6,-0.00062,32.04
2428.0,1,1,0.995,10,2.883,91,73,843.6,-0.00062,32.04
2429.0,1,1,0.995,10,2.883,91,73,843.6,-0.00062,32.04
2430.0,1,1,0.995,10,2.883,91,73,843.6,-0.00062,32.04
2431.0,1,1,0.995,10,2.883,91,73,843.6,-0.00062,32.04
2432.0,1,1,0.995,10,2.883,91,73,843.6,-0.00062,32.04
2433.0,1,1,0.995,10,2.883,91,73,843.6,-0.00062,32.04
2434.0,1,1,0.995,10,2.883,91,73,843.6,-0.00062,32.04
2435.0,1,1,0.995,10,2.883,91,73,843.6,-0.00062,32.04
2436.0,1,1,0.995,10,2.883,91,73,843.6,-0.00062,32.04
2437.0,1,1,0.995,10,2.883,91,73,843.6,-0.00062,32.04
2438.0,1,1,0.995,10,2.883,91,73,843.6,-0.00062,32.04
2439.0,1,1,0.995,10,2.883,91,73,843.6,-0.00062,32.04
2440.0,1,1,0.995,10,2.883,91,73,843.6,-0.00062,32.04
2441.0,1,1,0.995,10,2.883,91,73,843.6,-0.00062,32.04
2442.0,1,1,0.995,10,2.883,91,73,843.6,-0.00062,32.04
2443.0,1,1,0.995,10,2.883,91,73,843.6,-0.00062,32.04
2444.0,1,1,0.995,10,2.883,91,73,843.6,-0.00062,32.04
2445.0,1,1,0.995,10,2.883,91,73,843.6,-0.00062,32.04
2446.0,1,1,0.995,10,2.883,91,73,843.6,-0.00062,32.04
2447.0,1,1,0.995,10,2.883,91,73,843.6,-0.00062,32.04
2448.0,1,1,0.995,10,2.883,91,73,843.6,-0.00062,32.04
2449.0,1,1,0.995,10,2.883,91,73,843.6,-0.00062,32.04
2450.0,1,1,0.995,10,2.883,91,73,843.6,-0.00062,32.04
2451.0,1,1,0.995,10,2.883,91,73,843.6,-0.00062,32.04
2452.0,1,1,0.995,10,2.883,91,73,843.6,-0.00062,32.04
2453.0,1,1,0.995,10,2.883,91,73,843.6,-0.00062,32.04
2454.0,1,1,0.995,10,2.883,91,73,843.6,-0.00062,32.04
2455.0,8,0,0.702,10,2.883,92,73,863.7,-0.00062,31.734
2456.0,8,0,0.702,10,2.883,92,73,863.7,-0.00062,31.754
2457.0,8,0,0.702,10,2.88,92,74,863.7,-0.00126,31.843
2458.0,8,0,0.702,10,2.88,92,74,863.7,-0.00126,31.862
2459.0,8,0,0.702,10,2.88,92,74,863.7,-0.00126,31.881
2460.0,8,1,0.702,10,2.88,92,74,863.7,-0.00126,31.881
2461.0,8,1,0.702,10,2.88,92,74,863.7,-0.00126,31.881
2462.0,8,1,0.702,10,2.88,92,74,863.7,-0.00126,31.881
2463.0,8,1,0.702,10,2.88,92,74,863.7,-0.00126,31.881
2464.0,8,1,0.702,10,2.88,92,74,863.7,-0.00126,31.881
2465.0,8,1,0.702,10,2.88,92,74,863.7,-0.00126,31.881
2466.0,8,1,0.702,10,2.88,92,74,863.7,-0.00126,31.881
2467.0,8,1,0.702,10,2.88,92,74,863.7,-0.00126,31.881
2468.0,8,1,0.702,10,2.88,92,74,863.7,-0.00126,31.881
2469.0,8,1,0.702,10,2.88,92,74,863.7,-0.00126,31.881
2470.0,8,1,0.702,10,2.88,92,74,863.7,-0.00126,31.881
2471.0,8,1,0.702,10,2.88,92,74,863.7,-0.00126,31.881
2472.0,8,1,0.702,10,2.88,92,74,863.7,-0.00126,31.881
2473.0,8,1,0.702,10,2.88,92,74,863.7,-0.00126,31.881
2474.0,8,1,0.702,10,2.88,92,74,863.7,-0.00126,31.881
2475.0,9,0,0.744,10,2.88,93,74,866.6,-0.00126,31.973
2476.0,9,0,0.744,10,2.88,93,74,866.6,-0.00126,31.992
2477.0,9,1,0.744,10,2.88,93,74,866.6,-0.00126,31.992
2478.0,9,1,0.744,10,2.88,93,74,866.6,-0.00126,31.992
2479.0,9,1,0.744,10,2.88,93,74,866.6,-0.00126,31.992
2480.0,9,1,0.744,10,2.88,93,74,866.6,-0.00126,31.992
2481.0,9,1,0.744,10,2.88,93,74,866.6,-0.00126,31.992
2482.0,9,1,0.744,10,2.88,93,74,866.6,-0.00126,31.992
2483.0,9,1,0.744,10,2.88,93,74,866.6,-0.00126,31.992
2484.0,9,1,0.744,10,2.88,93,74,866.6,-0.00126,31.992
2485.0,9,1,0.744,10,2.88,93,74,866.6,-0.00126,31.992
2486.0,9,1,0.744,10,2.88,93,74,866.6,-0.00126,31.992
2487.0,9,1,0.744,10,2.88,93,74,866.6,-0.00126,31.992
2488.0,9,1,0.744,10,2.88,93,74,866.6,-0.00126,31.992
2489.0,9,1,0.744,10,2.88,93,74,866.6,-0.00126,31.992
2490.0,9,1,0.744,10,2.88,93,74,866.6,-0.00126,31.992
2491.0,9,1,0.744,10,2.88,93,74,866.6,-0.00126,31.992
2492.0,9,1,0.744,10,2.88,93,74,866.6,-0.00126,31.992
2493.0,9,1,0.744,10,2.88,93,74,866.6,-0.00126,31.992
2494.0,9,1,0.744,10,2.88,93,74,866.6,-0.00126,31.992
2495.0,9,1,0.744,10,2.88,93,74,866.6,-0.00126,31.992
2496.0,9,1,0.744,10,2.88,93,74,866.6,-0.00126,31.992
2497.0,9,1,0.744,10,2.88,93,74,866.6,-0.00126,31.992
2498.0,5,0,0.886,10,2.88,94,74,878.1,-0.00126,31.999
2499.0,5,0,0.886,10,2.88,94,74,878.1,-0.00126,31.978
2500.0,5,1,0.886,10,2.88,94,74,878.1,-0.00126,31.978
2501.0,5,1,0.886,10,2.88,94,74,878.1,-0.00126,31.978
2502.0,5,1,0.886,10,2.88,94,74,878.1,-0.00126,31.978
2503.0,5,1,0.886,10,2.88,94,74,878.1,-0.00126,31.978
2504.0,5,1,0.886,10,2.88,94,74,878.1,-0.00126,31.978
2505.0,5,1,0.886,10,2.88,94,74,878.1,-0.00126,31.978
2506.0,5,1,0.886,10,2.88,94,74,878.1,-0.00126,31.978
2507.0,5,1,0.886,10,2.88,94,74,878.1,-0.00126,31.978
2508.0,5,1,0.886,10,2.88,94,74,878.1,-0.00126,31.978
2509.0,5,1,0.886,10,2.88,94,74,878.1,-0.00126,31.978
2510.0,5,1,0.886,10,2.88,94,74,878.1,-0.00126,31.978
2511.0,5,1,0.886,10,2.88,94,74,878.1,-0.00126,31.978
2512.0,5,1,0.886,10,2.88,94,74,878.1,-0.00126,31.978
2513.0,5,1,0.886,10,2.88,94,74,878.1,-0.00126,31.978
2514.0,5,1,0.886,10,2.88,94,74,878.1,-0.00126,31.978
2515.0,5,1,0.886,10,2.88,94,74,878.1,-0.00126,31.978
2516.0,5,1,0.886,10,2.88,94,74,878.1,-0.00126,31.978
2517.0,5,1,0.886,10,2.88,94,74,878.1,-0.00126,31.978
2518.0,5,1,0.886,10,2.88,94,74,878.1,-0.00126,31.978
2519.0,5,1,0.886,10,2.88,94,74,878.1,-0.00126,31.978
2520.0,5,1,0.886,10,2.88,94,74,878.1,-0.00126,31.978
2521.0,1,0,0.952,10,2.88,95,74,889.7,-0.00126,31.748
2522.0,1,0,0.952,10,2.88,95,74,889.7,-0.00126,31.726
2523.0,1,0,0.952,10,2.881,95,75,889.7,-0.00126,31.705
2524.0,1,0,0.952,10,2.881,95,75,889.7,-0.00126,31.684
2525.0,1,0,0.952,10,2.881,95,75,889.7,-0.00126,31.662
2526.0,1,0,0.952,10,2.881,95,75,889.7,-0.00126,31.641
2527.0,1,0,0.952,10,2.881,95,75,889.7,-0.00126,31.62
2528.0,1,0,0.952,10,2.881,95,75,889.7,-0.00126,31.599
2529.0,1,0,0.952,10,2.881,95,75,889.7,-0.00126,31.577
2530.0,1,0,0.952,10,2.881,95,75,889.7,-0.00126,31.556
2531.0,1,0,0.952,10,2.881,95,75,889.7,-0.00126,31.535
2532.0,1,0,0.952,10,2.881,95,75,889.7,-0.00126,31.514
2533.0,1,0,0.952,10,2.881,95,75,889.7,-0.00126,31.492
2534.0,1,0,0.952,10,2.881,95,75,889.7,-0.00126,31.471
2535.0,1,0,0.952,10,2.881,95,75,889.7,-0.00126,31.45
2536.0,1,0,0.952,10,2.881,95,75,889.7,-0.00126,31.434
2537.0,1,0,0.952,10,2.881,95,75,889.7,-0.00126,31.434
2538.0,1,0,0.952,10,2.881,95,75,889.7,-0.00126,31.453
2539.0,1,0,0.952,10,2.881,95,75,889.7,-0.00126,31.455
2540.0,1,0,0.952,10,2.881,95,75,889.7,-0.00126,31.455
2541.0,1,0,0.952,10,2.881,95,75,889.7,-0.00126,31.455
2542.0,1,0,0.952,10,2.881,95,75,889.7,-0.00126,31.455
2543.0,1,0,0.952,10,2.881,95,75,889.7,-0.00126,31.434
2544.0,1,0,0.952,10,2.881,95,75,889.7,-0.00126,31.414
2545.0,1,0,0.952,10,2.881,95,75,889.7,-0.00126,31.392
2546.0,1,0,0.952,10,2.881,95,75,889.7,-0.00126,31.371
2547.0,1,0,0.952,10,2.881,95,75,889.7,-0.00126,31.35
2548.0,1,0,0.952,10,2.881,95,75,889.7,-0.00126,31.328
2549.0,1,0,0.952,10,2.881,95,75,889.7,-0.00126,31.309
2550.0,1,0,0.952,10,2.881,95,75,889.7,-0.00126,31.328
2551.0,1,0,0.952,10,2.881,95,75,889.7,-0.00126,31.347
2552.0,1,0,0.952,10,2.881,95,75,889.7,-0.00126,31.365
2553.0,1,0,0.952,10,2.881,95,75,889.7,-0.00126,31.372
2554.0,1,0,0.952,10,2.881,95,75,889.7,-0.00126,31.39
2555.0,1,0,0.952,10,2.881,95,75,889.7,-0.00126,31.393
2556.0,1,0,0.952,10,2.881,95,75,889.7,-0.00126,31.393
2557.0,1,0,0.952,10,2.881,95,75,889.7,-0.00126,31.393
2558.0,1,1,0.952,10,2.881,95,75,889.7,-0.00126,31.393
2559.0,1,1,0.952,10,2.881,95,75,889.7,-0.00126,31.393
2560.0,1,1,0.952,10,2.881,95,75,889.7,-0.00126,31.393
2561.0,1,1,0.952,10,2.881,95,75,889.7,-0.00126,31.393
2562.0,1,1,0.952,10,2.881,95,75,889.7,-0.00126,31.393
2563.0,1,1,0.952,10,2.881,95,75,889.7,-0.00126,31.393
2564.0,1,1,0.952,10,2.881,95,75,889.7,-0.00126,31.393
2565.0,1,1,0.952,10,2.881,95,75,889.7,-0.00126,31.393
2566.0,1,1,0.952,10,2.881,95,75,889.7,-0.00126,31.393
2567.0,1,1,0.952,10,2.881,95,75,889.7,-0.00126,31.393
2568.0,1,1,0.952,10,2.881,95,75,889.7,-0.00126,31.393
2569.0,2,0,0.903,10,2.881,96,75,892.5,-0.00126,31.097
2570.0,2,0,0.903,10,2.881,96,75,892.5,-0.00126,31.116
2571.0,2,0,0.903,10,2.888,96,76,892.5,-0.00126,31.205
2572.0,2,0,0.903,10,2.888,96,76,892.5,-0.00126,31.224
2573.0,2,0,0.903,10,2.888,96,76,892.5,-0.00126,31.242
2574.0,2,0,0.903,10,2.888,96,76,892.5,-0.00126,31.261
2575.0,2,1,0.903,10,2.888,96,76,892.5,-0.00126,31.261
2576.0,2,1,0.903,10,2.888,96,76,892.5,-0.00126,31.261
2577.0,2,1,0.903,10,2.888,96,76,892.5,-0.00126,31.261
2578.0,2,1,0.903,10,2.888,96,76,892.5,-0.00126,31.261
2579.0,2,1,0.903,10,2.888,96,76,892.5,-0.00126,31.261
2580.0,2,1,0.903,10,2.888,96,76,892.5,-0.00126,31.261
2581.0,2,1,0.903,10,2.888,96,76,892.5,-0.00126,31.261
2582.0,2,1,0.903,10,2.888,96,76,892.5,-0.00126,31.261
2583.0,2,1,0.903,10,2.888,96,76,892.5,-0.00126,31.261
2584.0,2,1,0.903,10,2.888,96,76,892.5,-0.00126,31.261
2585.0,2,1,0.903,10,2.888,96,76,892.5,-0.00126,31.261
2586.0,2,1,0.903,10,2.888,96,76,892.5,-0.00126,31.261
2587.0,2,1,0.903,10,2.888,96,76,892.5,-0.00126,31.261
2588.0,2,1,0.903,10,2.888,96,76,892.5,-0.00126,31.261
2589.0,2,1,0.903,10,2.888,96,76,892.5,-0.00126,31.261
2590.0,2,1,0.903,10,2.888,96,76,892.5,-0.00126,31.261
2591.0,2,1,0.903,10,2.888,96,76,892.5,-0.00126,31.261
2592.0,2,1,0.903,10,2.888,96,76,892.5,-0.00126,31.261
2593.0,2,1,0.903,10,2.888,96,76,892.5,-0.00126,31.261
2594.0,2,1,0.903,10,2.888,96,76,892.5,-0.00126,31.261
2595.0,2,1,0.903,10,2.888,96,76,892.5,-0.00126,31.261
2596.0,2,1,0.903,10,2.888,96,76,892.5,-0.00126,31.261
2597.0,2,1,0.903,10,2.888,96,76,892.5,-0.00126,31.261
2598.0,2,1,0.903,10,2.888,96,76,892.5,-0.00126,31.261
2599.0,2,1,0.903,10,2.888,96,76,892.5,-0.00126,31.261
2600.0,2,1,0.903,10,2.888,96,76,892.5,-0.00126,31.261
2601.0,2,1,0.903,10,2.888,96,76,892.5,-0.00126,31.261
2602.0,2,1,0.903,10,2.888,96,76,892.5,-0.00126,31.261
2603.0,2,1,0.903,10,2.888,96,76,892.5,-0.00126,31.261
2604.0,2,1,0.903,10,2.888,96,76,892.5,-0.00126,31.261
2605.0,2,1,0.903,10,2.888,96,76,892.5,-0.00126,31.261
2606.0,2,1,0.903,10,2.888,96,76,892.5,-0.00126,31.261
2607.0,2,1,0.903,10,2.888,96,76,892.5,-0.00126,31.261
2608.0,2,1,0.903,10,2.888,96,76,892.5,-0.00126,31.261
2609.0,2,1,0.903,10,2.888,96,76,892.5,-0.00126,31.261
2610.0,2,1,0.903,10,2.888,96,76,892.5,-0.00126,31.261
2611.0,2,1,0.903,10,2.888,96,76,892.5,-0.00126,31.261
2612.0,2,1,0.903,10,2.888,96,76,892.5,-0.00126,31.261
2613.0,2,1,0.903,10,2.888,96,76,892.5,-0.00126,31.261
2614.0,9,0,0.839,10,2.888,97,76,912.8,-0.00126,31.273
2615.0,9,0,0.839,10,2.888,97,76,912.8,-0.00126,31.292
2616.0,9,0,0.839,10,2.886,97,77,912.8,-0.00226,31.294
2617.0,9,0,0.839,10,2.886,97,77,912.8,-0.00226,31.3
2618.0,9,0,0.839,10,2.886,97,77,912.8,-0.00226,31.317
2619.0,9,0,0.839,10,2.886,97,77,912.8,-0.00226,31.335
2620.0,9,0,0.839,10,2.886,97,77,912.8,-0.00226,31.342
2621.0,9,0,0.839,10,2.886,97,77,912.8,-0.00226,31.359
2622.0,9,0,0.839,10,2.886,97,77,912.8,-0.00226,31.377
2623.0,9,0,0.839,10,2.886,97,77,912.8,-0.00226,31.395
2624.0,9,0,0.839,10,2.886,97,77,912.8,-0.00226,31.413
2625.0,9,1,0.839,10,2.886,97,77,912.8,-0.00226,31.413
2626.0,9,1,0.839,10,2.886,97,77,912.8,-0.00226,31.413
2627.0,9,1,0.839,10,2.886,97,77,912.8,-0.00226,31.413
2628.0,9,1,0.839,10,2.886,97,77,912.8,-0.00226,31.413
2629.0,9,1,0.839,10,2.886,97,77,912.8,-0.00226,31.413
2630.0,9,1,0.839,10,2.886,97,77,912.8,-0.00226,31.413
2631.0,9,1,0.839,10,2.886,97,77,912.8,-0.00226,31.413
2632.0,9,1,0.839,10,2.886,97,77,912.8,-0.00226,31.413
2633.0,9,1,0.839,10,2.886,97,77,912.8,-0.00226,31.413
2634.0,9,1,0.839,10,2.886,97,77,912.8,-0.00226,31.413
2635.0,9,1,0.839,10,2.886,97,77,912.8,-0.00226,31.413
2636.0,9,1,0.839,10,2.886,97,77,912.8,-0.00226,31.413
2637.0,9,1,0.839,10,2.886,97,77,912.8,-0.00226,31.413
2638.0,9,1,0.839,10,2.886,97,77,912.8,-0.00226,31.413
2639.0,9,1,0.839,10,2.886,97,77,912.8,-0.00226,31.413
2640.0,9,1,0.839,10,2.886,97,77,912.8,-0.00226,31.413
2641.0,9,1,0.839,10,2.886,97,77,912.8,-0.00226,31.413
2642.0,9,1,0.839,10,2.886,97,77,912.8,-0.00226,31.413
2643.0,9,1,0.839,10,2.886,97,77,912.8,-0.00226,31.413
2644.0,9,1,0.839,10,2.886,97,77,912.8,-0.00226,31.413
2645.0,9,1,0.839,10,2.886,97,77,912.8,-0.00226,31.413
2646.0,9,1,0.839,10,2.886,97,77,912.8,-0.00226,31.413
2647.0,9,1,0.839,10,2.886,97,77,912.8,-0.00226,31.413
2648.0,9,1,0.839,10,2.886,97,77,912.8,-0.00226,31.413
2649.0,9,1,0.839,10,2.886,97,77,912.8,-0.00226,31.413
2650.0,9,1,0.839,10,2.886,97,77,912.8,-0.00226,31.413
2651.0,9,1,0.839,10,2.886,97,77,912.8,-0.00226,31.413
2652.0,9,1,0.839,10,2.886,97,77,912.8,-0.00226,31.413
2653.0,9,1,0.839,10,2.886,97,77,912.8,-0.00226,31.413
2654.0,9,1,0.839,10,2.886,97,77,912.8,-0.00226,31.413
2655.0,9,1,0.839,10,2.886,97,77,912.8,-0.00226,31.413
2656.0,9,1,0.839,10,2.886,97,77,912.8,-0.00226,31.413
2657.0,9,1,0.839,10,2.886,97,77,912.8,-0.00226,31.413
2658.0,9,1,0.839,10,2.886,97,77,912.8,-0.00226,31.413
2659.0,9,1,0.839,10,2.886,97,77,912.8,-0.00226,31.413
2660.0,9,1,0.839,10,2.886,97,77,912.8,-0.00226,31.413
2661.0,9,1,0.839,10,2.886,97,77,912.8,-0.00226,31.413
2662.0,9,1,0.839,10,2.886,97,77,912.8,-0.00226,31.413
2663.0,9,1,0.839,10,2.886,97,77,912.8,-0.00226,31.413
2664.0,9,1,0.839,10,2.886,97,77,912.8,-0.00226,31.413
2665.0,9,1,0.839,10,2.886,97,77,912.8,-0.00226,31.413
2666.0,9,1,0.839,10,2.886,97,77,912.8,-0.00226,31.413
2667.0,9,1,0.839,10,2.886,97,77,912.8,-0.00226,31.413
2668.0,9,1,0.839,10,2.886,97,77,912.8,-0.00226,31.413
2669.0,9,1,0.839,10,2.886,97,77,912.8,-0.00226,31.413
2670.0,9,1,0.839,10,2.886,97,77,912.8,-0.00226,31.413
2671.0,9,1,0.839,10,2.886,97,77,912.8,-0.00226,31.413
2672.0,9,1,0.839,10,2.886,97,77,912.8,-0.00226,31.413
2673.0,9,1,0.839,10,2.886,97,77,912.8,-0.00226,31.413
2674.0,9,1,0.839,10,2.886,97,77,912.8,-0.00226,31.413
2675.0,9,1,0.839,10,2.886,97,77,912.8,-0.00226,31.413
2676.0,9,1,0.839,10,2.886,97,77,912.8,-0.00226,31.413
2677.0,9,1,0.839,10,2.886,97,77,912.8,-0.00226,31.413
2678.0,9,1,0.839,10,2.886,97,77,912.8,-0.00226,31.413
2679.0,9,1,0.839,10,2.886,97,77,912.8,-0.00226,31.413
2680.0,9,1,0.839,10,2.886,97,77,912.8,-0.00226,31.413
2681.0,9,1,0.839,10,2.886,97,77,912.8,-0.00226,31.413
2682.0,9,1,0.839,10,2.886,97,77,912.8,-0.00226,31.413
2683.0,9,1,0.839,10,2.886,97,77,912.8,-0.00226,31.413
2684.0,10,0,0.972,10,2.886,98,77,915.6,-0.00226,31.109
2685.0,10,0,0.972,10,2.886,98,77,915.6,-0.00226,31.126
2686.0,10,0,0.972,10,2.884,98,78,915.6,-0.00226,31.187
2687.0,10,0,0.972,10,2.884,98,78,915.6,-0.00226,31.205
2688.0,10,1,0.972,10,2.884,98,78,915.6,-0.00226,31.205
2689.0,10,1,0.972,10,2.884,98,78,915.6,-0.00226,31.205
2690.0,10,1,0.972,10,2.884,98,78,915.6,-0.00226,31.205
2691.0,10,1,0.972,10,2.884,98,78,915.6,-0.00226,31.205
2692.0,10,1,0.972,10,2.884,98,78,915.6,-0.00226,31.205
2693.0,10,1,0.972,10,2.884,98,78,915.6,-0.00226,31.205
2694.0,10,1,0.972,10,2.884,98,78,915.6,-0.00226,31.205
2695.0,10,1,0.972,10,2.884,98,78,915.6,-0.00226,31.205
2696.0,10,1,0.972,10,2.884,98,78,915.6,-0.00226,31.205
2697.0,10,1,0.972,10,2.884,98,78,915.6,-0.00226,31.205
2698.0,10,1,0.972,10,2.884,98,78,915.6,-0.00226,31.205
2699.0,9,0,0.718,10,2.884,99,78,918.5,-0.00226,31.676
2700.0,9,0,0.718,10,2.884,99,78,918.5,-0.00226,31.654
2701.0,9,0,0.718,10,2.864,99,79,918.5,-0.00226,31.508
2702.0,9,0,0.718,10,2.864,99,79,918.5,-0.00226,31.485
2703.0,9,0,0.718,10,2.864,99,79,918.5,-0.00226,31.463
2704.0,9,0,0.718,10,2.864,99,79,918.5,-0.00226,31.441
2705.0,9,1,0.718,10,2.864,99,79,918.5,-0.00226,31.441
2706.0,9,1,0.718,10,2.864,99,79,918.5,-0.00226,31.441
2707.0,9,1,0.718,10,2.864,99,79,918.5,-0.00226,31.441
2708.0,9,1,0.718,10,2.864,99,79,918.5,-0.00226,31.441
2709.0,9,1,0.718,10,2.864,99,79,918.5,-0.00226,31.441
2710.0,9,1,0.718,10,2.864,99,79,918.5,-0.00226,31.441
2711.0,9,1,0.718,10,2.864,99,79,918.5,-0.00226,31.441
2712.0,9,1,0.718,10,2.864,99,79,918.5,-0.00226,31.441
2713.0,9,1,0.718,10,2.864,99,79,918.5,-0.00226,31.441
2714.0,9,1,0.718,10,2.864,99,79,918.5,-0.00226,31.441
2715.0,9,1,0.718,10,2.864,99,79,918.5,-0.00226,31.441
2716.0,9,1,0.718,10,2.864,99,79,918.5,-0.00226,31.441
2717.0,9,1,0.718,10,2.864,99,79,918.5,-0.00226,31.441
2718.0,9,1,0.718,10,2.864,99,79,918.5,-0.00226,31.441
2719.0,9,1,0.718,10,2.864,99,79,918.5,-0.00226,31.441
2720.0,9,1,0.718,10,2.864,99,79,918.5,-0.00226,31.441
2721.0,9,1,0.718,10,2.864,99,79,918.5,-0.00226,31.441
2722.0,9,1,0.718,10,2.864,99,79,918.5,-0.00226,31.441
2723.0,9,1,0.718,10,2.864,99,79,918.5,-0.00226,31.441
2724.0,9,1,0.718,10,2.864,99,79,918.5,-0.00226,31.441
2725.0,5,0,0.968,10,2.864,100,79,930.0,-0.00226,31.843
2726.0,5,1,0.968,10,2.864,100,79,930.0,-0.00226,31.843
2727.0,5,1,0.968,10,2.864,100,79,930.0,-0.00226,31.843
2728.0,5,1,0.968,10,2.864,100,79,930.0,-0.00226,31.843
2729.0,5,1,0.968,10,2.864,100,79,930.0,-0.00226,31.843
2730.0,5,1,0.968,10,2.864,100,79,930.0,-0.00226,31.843
2731.0,5,1,0.968,10,2.864,100,79,930.0,-0.00226,31.843
2732.0,5,1,0.968,10,2.864,100,79,930.0,-0.00226,31.843
2733.0,5,1,0.968,10,2.864,100,79,930.0,-0.00226,31.843
2734.0,5,1,0.968,10,2.864,100,79,930.0,-0.00226,31.843
2735.0,5,1,0.968,10,2.864,100,79,930.0,-0.00226,31.843
2736.0,5,1,0.968,10,2.864,100,79,930.0,-0.00226,31.843
2737.0,5,1,0.968,10,2.864,100,79,930.0,-0.00226,31.843
2738.0,5,1,0.968,10,2.864,100,79,930.0,-0.00226,31.843
2739.0,5,1,0.968,10,2.864,100,79,930.0,-0.00226,31.843
2740.0,3,0,0.772,10,2.864,101,79,935.7,-0.00226,32.037
2741.0,3,0,0.772,10,2.864,101,79,935.7,-0.00226,32.037
2742.0,3,0,0.772,10,2.855,101,80,935.7,-0.00226,31.958
2743.0,3,1,0.772,10,2.855,101,80,935.7,-0.00226,31.958
2744.0,3,1,0.772,10,2.855,101,80,935.7,-0.00226,31.958
2745.0,3,1,0.772,10,2.855,101,80,935.7,-0.00226,31.958
2746.0,3,1,0.772,10,2.855,101,80,935.7,-0.00226,31.958
2747.0,3,1,0.772,10,2.855,101,80,935.7,-0.00226,31.958
2748.0,3,1,0.772,10,2.855,101,80,935.7,-0.00226,31.958
2749.0,3,1,0.772,10,2.855,101,80,935.7,-0.00226,31.958
2750.0,3,1,0.772,10,2.855,101,80,935.7,-0.00226,31.958
2751.0,3,1,0.772,10,2.855,101,80,935.7,-0.00226,31.958
2752.0,3,1,0.772,10,2.855,101,80,935.7,-0.00226,31.958
2753.0,3,1,0.772,10,2.855,101,80,935.7,-0.00226,31.958
2754.0,3,1,0.772,10,2.855,101,80,935.7,-0.00226,31.958
2755.0,3,1,0.772,10,2.855,101,80,935.7,-0.00226,31.958
2756.0,3,1,0.772,10,2.855,101,80,935.7,-0.00226,31.958
2757.0,3,1,0.772,10,2.855,101,80,935.7,-0.00226,31.958
2758.0,3,1,0.772,10,2.855,101,80,935.7,-0.00226,31.958
2759.0,3,1,0.772,10,2.855,101,80,935.7,-0.00226,31.958
2760.0,3,1,0.772,10,2.855,101,80,935.7,-0.00226,31.958
2761.0,3,1,0.772,10,2.855,101,80,935.7,-0.00226,31.958
2762.0,1,0,0.701,10,2.855,102,80,941.4,-0.00226,31.643
2763.0,1,0,0.701,10,2.855,102,80,941.4,-0.00226,31.622
2764.0,1,1,0.701,10,2.855,102,80,941.4,-0.00226,31.622
2765.0,1,1,0.701,10,2.855,102,80,941.4,-0.00226,31.622
2766.0,1,1,0.701,10,2.855,102,80,941.4,-0.00226,31.622
2767.0,1,1,0.701,10,2.855,102,80,941.4,-0.00226,31.622
2768.0,1,1,0.701,10,2.855,102,80,941.4,-0.00226,31.622
2769.0,1,1,0.701,10,2.855,102,80,941.4,-0.00226,31.622
2770.0,1,1,0.701,10,2.855,102,80,941.4,-0.00226,31.622
2771.0,1,1,0.701,10,2.855,102,80,941.4,-0.00226,31.622
2772.0,1,1,0.701,10,2.855,102,80,941.4,-0.00226,31.622
2773.0,1,1,0.701,10,2.855,102,80,941.4,-0.00226,31.622
2774.0,1,1,0.701,10,2.855,102,80,941.4,-0.00226,31.622
2775.0,1,1,0.701,10,2.855,102,80,941.4,-0.00226,31.622
2776.0,1,1,0.701,10,2.855,102,80,941.4,-0.00226,31.622
2777.0,1,1,0.701,10,2.855,102,80,941.4,-0.00226,31.622
2778.0,1,1,0.701,10,2.855,102,80,941.4,-0.00226,31.622
2779.0,1,1,0.701,10,2.855,102,80,941.4,-0.00226,31.622
2780.0,1,1,0.701,10,2.855,102,80,941.4,-0.00226,31.622
2781.0,1,1,0.701,10,2.855,102,80,941.4,-0.00226,31.622
2782.0,1,1,0.701,10,2.855,102,80,941.4,-0.00226,31.622
2783.0,1,1,0.701,10,2.855,102,80,941.4,-0.00226,31.622
2784.0,1,1,0.701,10,2.855,102,80,941.4,-0.00226,31.622
2785.0,1,1,0.701,10,2.855,102,80,941.4,-0.00226,31.622
2786.0,1,1,0.701,10,2.855,102,80,941.4,-0.00226,31.622
2787.0,1,1,0.701,10,2.855,102,80,941.4,-0.00226,31.622
2788.0,1,1,0.701,10,2.855,102,80,941.4,-0.00226,31.622
2789.0,1,1,0.701,10,2.855,102,80,941.4,-0.00226,31.622
2790.0,1,1,0.701,10,2.855,102,80,941.4,-0.00226,31.622
2791.0,1,1,0.701,10,2.855,102,80,941.4,-0.00226,31.622
2792.0,1,1,0.701,10,2.855,102,80,941.4,-0.00226,31.622
2793.0,1,1,0.701,10,2.855,102,80,941.4,-0.00226,31.622
2794.0,1,1,0.701,10,2.855,102,80,941.4,-0.00226,31.622
2795.0,1,1,0.701,10,2.855,102,80,941.4,-0.00226,31.622
2796.0,1,1,0.701,10,2.855,102,80,941.4,-0.00226,31.622
2797.0,1,1,0.701,10,2.855,102,80,941.4,-0.00226,31.622
2798.0,1,1,0.701,10,2.855,102,80,941.4,-0.00226,31.622
2799.0,1,1,0.701,10,2.855,102,80,941.4,-0.00226,31.622
2800.0,1,1,0.701,10,2.855,102,80,941.4,-0.00226,31.622
2801.0,1,1,0.701,10,2.855,102,80,941.4,-0.00226,31.622
2802.0,1,1,0.701,10,2.855,102,80,941.4,-0.00226,31.622
2803.0,1,1,0.701,10,2.855,102,80,941.4,-0.00226,31.622
2804.0,1,1,0.701,10,2.855,102,80,941.4,-0.00226,31.622
2805.0,9,0,0.979,10,2.855,103,80,964.3,-0.00226,31.113
2806.0,9,0,0.979,10,2.855,103,80,964.3,-0.00226,31.113
2807.0,9,0,0.979,10,2.856,103,81,964.3,-0.00286,31.234
2808.0,9,0,0.979,10,2.856,103,81,964.3,-0.00286,31.251
2809.0,9,1,0.979,10,2.856,103,81,964.3,-0.00286,31.251
2810.0,9,1,0.979,10,2.856,103,81,964.3,-0.00286,31.251
2811.0,9,1,0.979,10,2.856,103,81,964.3,-0.00286,31.251
2812.0,9,1,0.979,10,2.856,103,81,964.3,-0.00286,31.251
2813.0,9,1,0.979,10,2.856,103,81,964.3,-0.00286,31.251
2814.0,9,1,0.979,10,2.856,103,81,964.3,-0.00286,31.251
2815.0,9,1,0.979,10,2.856,103,81,964.3,-0.00286,31.251
2816.0,9,1,0.979,10,2.856,103,81,964.3,-0.00286,31.251
2817.0,9,1,0.979,10,2.856,103,81,964.3,-0.00286,31.251
2818.0,9,1,0.979,10,2.856,103,81,964.3,-0.00286,31.251
2819.0,9,1,0.979,10,2.856,103,81,964.3,-0.00286,31.251
2820.0,9,1,0.979,10,2.856,103,81,964.3,-0.00286,31.251
2821.0,9,1,0.979,10,2.856,103,81,964.3,-0.00286,31.251
2822.0,9,1,0.979,10,2.856,103,81,964.3,-0.00286,31.251
2823.0,9,1,0.979,10,2.856,103,81,964.3,-0.00286,31.251
2824.0,9,1,0.979,10,2.856,103,81,964.3,-0.00286,31.251
2825.0,9,1,0.979,10,2.856,103,81,964.3,-0.00286,31.251
2826.0,9,1,0.979,10,2.856,103,81,964.3,-0.00286,31.251
2827.0,9,1,0.979,10,2.856,103,81,964.3,-0.00286,31.251
2828.0,9,1,0.979,10,2.856,103,81,964.3,-0.00286,31.251
2829.0,9,1,0.979,10,2.856,103,81,964.3,-0.00286,31.251
2830.0,9,1,0.979,10,2.856,103,81,964.3,-0.00286,31.251
2831.0,9,1,0.979,10,2.856,103,81,964.3,-0.00286,31.251
2832.0,9,1,0.979,10,2.856,103,81,964.3,-0.00286,31.251
2833.0,9,1,0.979,10,2.856,103,81,964.3,-0.00286,31.251
2834.0,9,1,0.979,10,2.856,103,81,964.3,-0.00286,31.251
2835.0,1,0,0.913,10,2.856,104,81,987.1,-0.00286,31.643
2836.0,1,0,0.913,10,2.856,104,81,987.1,-0.00286,31.643
2837.0,1,0,0.913,10,2.855,104,82,987.1,-0.00171,31.643
2838.0,1,0,0.913,10,2.855,104,82,987.1,-0.00171,31.622
2839.0,1,0,0.913,10,2.855,104,82,987.1,-0.00171,31.601
2840.0,1,0,0.913,10,2.855,104,82,987.1,-0.00171,31.579
2841.0,1,1,0.913,10,2.855,104,82,987.1,-0.00171,31.579
2842.0,1,1,0.913,10,2.855,104,82,987.1,-0.00171,31.579
2843.0,1,1,0.913,10,2.855,104,82,987.1,-0.00171,31.579
2844.0,1,1,0.913,10,2.855,104,82,987.1,-0.00171,31.579
2845.0,1,1,0.913,10,2.855,104,82,987.1,-0.00171,31.579
2846.0,1,1,0.913,10,2.855,104,82,987.1,-0.00171,31.579
2847.0,1,1,0.913,10,2.855,104,82,987.1,-0.00171,31.579
2848.0,1,1,0.913,10,2.855,104,82,987.1,-0.00171,31.579
2849.0,1,1,0.913,10,2.855,104,82,987.1,-0.00171,31.579
2850.0,1,1,0.913,10,2.855,104,82,987.1,-0.00171,31.579
2851.0,1,1,0.913,10,2.855,104,82,987.1,-0.00171,31.579
2852.0,1,1,0.913,10,2.855,104,82,987.1,-0.00171,31.579
2853.0,1,1,0.913,10,2.855,104,82,987.1,-0.00171,31.579
2854.0,1,1,0.913,10,2.855,104,82,987.1,-0.00171,31.579
2855.0,3,0,0.983,10,2.855,105,82,992.8,-0.00171,31.491
2856.0,3,0,0.983,10,2.855,105,82,992.8,-0.00171,31.491
2857.0,3,0,0.983,10,2.854,105,83,992.8,-0.00198,31.525
2858.0,3,0,0.983,10,2.854,105,83,992.8,-0.00198,31.543
2859.0,3,1,0.983,10,2.854,105,83,992.8,-0.00198,31.543
2860.0,3,1,0.983,10,2.854,105,83,992.8,-0.00198,31.543
2861.0,3,1,0.983,10,2.854,105,83,992.8,-0.00198,31.543
2862.0,3,1,0.983,10,2.854,105,83,992.8,-0.00198,31.543
2863.0,3,1,0.983,10,2.854,105,83,992.8,-0.00198,31.543
2864.0,3,1,0.983,10,2.854,105,83,992.8,-0.00198,31.543
2865.0,3,1,0.983,10,2.854,105,83,992.8,-0.00198,31.543
2866.0,3,1,0.983,10,2.854,105,83,992.8,-0.00198,31.543
2867.0,3,1,0.983,10,2.854,105,83,992.8,-0.00198,31.543
2868.0,3,1,0.983,10,2.854,105,83,992.8,-0.00198,31.543
2869.0,3,1,0.983,10,2.854,105,83,992.8,-0.00198,31.543
2870.0,3,1,0.983,10,2.854,105,83,992.8,-0.00198,31.543
2871.0,4,0,0.982,10,2.854,106,83,995.7,-0.00198,31.538
2872.0,4,0,0.982,10,2.854,106,83,995.7,-0.00198,31.556
2873.0,4,0,0.982,10,2.853,106,84,995.7,-0.00047,31.571
2874.0,4,0,0.982,10,2.853,106,84,995.7,-0.00047,31.59
2875.0,4,0,0.982,10,2.853,106,84,995.7,-0.00047,31.61
2876.0,4,0,0.982,10,2.853,106,84,995.7,-0.00047,31.629
2877.0,4,0,0.982,10,2.853,106,84,995.7,-0.00047,31.638
2878.0,4,0,0.982,10,2.853,106,84,995.7,-0.00047,31.617
2879.0,4,0,0.982,10,2.853,106,84,995.7,-0.00047,31.597
2880.0,4,0,0.982,10,2.853,106,84,995.7,-0.00047,31.576
2881.0,4,1,0.982,10,2.853,106,84,995.7,-0.00047,31.576
2882.0,4,1,0.982,10,2.853,106,84,995.7,-0.00047,31.576
2883.0,4,0,1.0,10,2.853,106,84,995.7,-0.00047,31.679
2884.0,4,0,1.0,10,2.853,106,84,995.7,-0.00047,31.679
2885.0,4,0,1.0,10,2.853,106,84,995.7,-0.00047,31.679
2886.0,4,0,1.0,10,2.853,106,84,995.7,-0.00047,31.679
2887.0,4,0,1.0,10,2.853,106,84,995.7,-0.00047,31.659
2888.0,4,0,1.0,10,2.853,106,84,995.7,-0.00047,31.639
2889.0,4,0,1.0,10,2.853,106,84,995.7,-0.00047,31.618
2890.0,4,0,1.0,10,2.853,106,84,995.7,-0.00047,31.617
2891.0,4,0,1.0,10,2.853,106,84,995.7,-0.00047,31.617
2892.0,4,0,1.0,10,2.853,106,84,995.7,-0.00047,31.596
2893.0,4,0,1.0,10,2.853,106,84,995.7,-0.00047,31.596
2894.0,4,0,1.0,10,2.853,106,84,995.7,-0.00047,31.575
2895.0,4,0,1.0,10,2.853,106,84,995.7,-0.00047,31.575
2896.0,4,0,1.0,10,2.853,106,84,995.7,-0.00047,31.555
2897.0,4,0,1.0,10,2.853,106,84,995.7,-0.00047,31.554
2898.0,4,0,1.0,10,2.853,106,84,995.7,-0.00047,31.534
2899.0,4,0,1.0,10,2.853,106,84,995.7,-0.00047,31.533
2900.0,4,0,1.0,10,2.853,106,84,995.7,-0.00047,31.533
2901.0,4,0,1.0,10,2.853,106,84,995.7,-0.00047,31.533
2902.0,4,0,1.0,10,2.853,106,84,995.7,-0.00047,31.553
2903.0,4,0,1.0,10,2.853,106,84,995.7,-0.00047,31.572
2904.0,4,0,1.0,10,2.853,106,84,995.7,-0.00047,31.575
2905.0,4,0,1.0,10,2.853,106,84,995.7,-0.00047,31.575
2906.0,4,0,1.0,10,2.853,106,84,995.7,-0.00047,31.555
2907.0,4,0,1.0,10,2.853,106,84,995.7,-0.00047,31.554
2908.0,4,0,1.0,10,2.853,106,84,995.7,-0.00047,31.554
2909.0,4,0,1.0,10,2.853,106,84,995.7,-0.00047,31.574
2910.0,4,0,1.0,10,2.853,106,84,995.7,-0.00047,31.575
2911.0,4,0,1.0,10,2.853,106,84,995.7,-0.00047,31.595
2912.0,4,0,1.0,10,2.853,106,84,995.7,-0.00047,31.596
2913.0,4,0,1.0,10,2.853,106,84,995.7,-0.00047,31.596
2914.0,4,0,1.0,10,2.853,106,84,995.7,-0.00047,31.575
2915.0,4,0,1.0,10,2.853,106,84,995.7,-0.00047,31.575
2916.0,4,0,1.0,10,2.853,106,84,995.7,-0.00047,31.575
2917.0,4,0,1.0,10,2.853,106,84,995.7,-0.00047,31.555
2918.0,4,0,1.0,10,2.853,106,84,995.7,-0.00047,31.534
2919.0,4,0,1.0,10,2.853,106,84,995.7,-0.00047,31.554
2920.0,4,0,1.0,10,2.853,106,84,995.7,-0.00047,31.554
2921.0,4,0,1.0,10,2.853,106,84,995.7,-0.00047,31.554
2922.0,4,0,1.0,10,2.853,106,84,995.7,-0.00047,31.574
2923.0,4,0,1.0,10,2.853,106,84,995.7,-0.00047,31.593
2924.0,4,0,1.0,10,2.853,106,84,995.7,-0.00047,31.613
2925.0,4,0,1.0,10,2.853,106,84,995.7,-0.00047,31.632
2926.0,4,1,1.0,10,2.853,106,84,995.7,-0.00061,31.632
2927.0,4,1,1.0,10,2.853,106,84,995.7,-0.00061,31.632
2928.0,4,0,1.0,10,2.853,106,84,995.7,-0.00061,31.491
2929.0,4,0,1.0,10,2.853,106,84,995.7,-0.00061,31.471
2930.0,4,0,1.0,10,2.853,106,84,995.7,-0.00061,31.45
2931.0,4,0,1.0,10,2.853,106,84,995.7,-0.00061,31.45
2932.0,4,0,1.0,10,2.853,106,84,995.7,-0.00061,31.469
2933.0,4,0,1.0,10,2.853,106,84,995.7,-0.00061,31.488
2934.0,4,0,1.0,10,2.853,106,84,995.7,-0.00061,31.508
2935.0,4,0,1.0,10,2.853,106,84,995.7,-0.00061,31.527
2936.0,4,0,1.0,10,2.853,106,84,995.7,-0.00061,31.547
2937.0,4,0,1.0,10,2.853,106,84,995.7,-0.00061,31.566
2938.0,4,0,1.0,10,2.853,106,84,995.7,-0.00061,31.585
2939.0,4,1,1.0,10,2.853,106,84,995.7,-0.00061,31.585
2940.0,4,1,1.0,10,2.853,106,84,995.7,-0.00061,31.585
2941.0,4,1,1.0,10,2.853,106,84,995.7,-0.00061,31.585
2942.0,4,1,1.0,10,2.853,106,84,995.7,-0.00061,31.585
2943.0,4,1,1.0,10,2.853,106,84,995.7,-0.00061,31.585
2944.0,4,1,1.0,10,2.853,106,84,995.7,-0.00061,31.585
2945.0,4,1,1.0,10,2.853,106,84,995.7,-0.00061,31.585
2946.0,4,1,1.0,10,2.853,106,84,995.7,-0.00061,31.585
2947.0,4,1,1.0,10,2.853,106,84,995.7,-0.00061,31.585
2948.0,4,1,1.0,10,2.853,106,84,995.7,-0.00061,31.585
2949.0,4,1,1.0,10,2.853,106,84,995.7,-0.00061,31.585
2950.0,4,1,1.0,10,2.853,106,84,995.7,-0.00061,31.585
2951.0,4,1,1.0,10,2.853,106,84,995.7,-0.00061,31.585
2952.0,4,1,1.0,10,2.853,106,84,995.7,-0.00061,31.585
2953.0,4,1,1.0,10,2.853,106,84,995.7,-0.00061,31.585
2954.0,4,1,1.0,10,2.853,106,84,995.7,-0.00061,31.585
2955.0,4,1,1.0,10,2.853,106,84,995.7,-0.00061,31.585
2956.0,4,1,1.0,10,2.853,106,84,995.7,-0.00061,31.585
2957.0,4,1,1.0,10,2.853,106,84,995.7,-0.00061,31.585
2958.0,4,1,1.0,10,2.853,106,84,995.7,-0.00061,31.585
2959.0,4,1,1.0,10,2.853,106,84,995.7,-0.00061,31.585
2960.0,4,1,1.0,10,2.853,106,84,995.7,-0.00061,31.585
2961.0,4,1,1.0,10,2.853,106,84,995.7,-0.00061,31.585
2962.0,4,1,1.0,10,2.853,106,84,995.7,-0.00061,31.585
2963.0,4,1,1.0,10,2.853,106,84,995.7,-0.00061,31.585
2964.0,4,1,1.0,10,2.853,106,84,995.7,-0.00061,31.585
2965.0,4,1,1.0,10,2.853,106,84,995.7,-0.00061,31.585
2966.0,4,1,1.0,10,2.853,106,84,995.7,-0.00061,31.585
2967.0,4,1,1.0,10,2.853,106,84,995.7,-0.00061,31.585
2968.0,4,1,1.0,10,2.853,106,84,995.7,-0.00061,31.585
2969.0,4,1,1.0,10,2.853,106,84,995.7,-0.00061,31.585
2970.0,4,1,1.0,10,2.853,106,84,995.7,-0.00061,31.585
2971.0,4,1,1.0,10,2.853,106,84,995.7,-0.00061,31.585
2972.0,4,1,1.0,10,2.853,106,84,995.7,-0.00061,31.585
2973.0,4,1,1.0,10,2.853,106,84,995.7,-0.00061,31.585
2974.0,4,1,1.0,10,2.853,106,84,995.7,-0.00061,31.585
2975.0,4,1,1.0,10,2.853,106,84,995.7,-0.00061,31.585
2976.0,4,1,1.0,10,2.853,106,84,995.7,-0.00061,31.585
2977.0,4,1,1.0,10,2.853,106,84,995.7,-0.00061,31.585
2978.0,4,1,1.0,10,2.853,106,84,995.7,-0.00061,31.585
2979.0,4,1,1.0,10,2.853,106,84,995.7,-0.00061,31.585
2980.0,4,1,1.0,10,2.853,106,84,995.7,-0.00061,31.585
2981.0,4,1,1.0,10,2.853,106,84,995.7,-0.00061,31.585
2982.0,7,0,0.981,10,2.853,107,84,1004.2,-0.00061,31.533
2983.0,7,1,0.981,10,2.853,107,84,1004.2,-0.00061,31.533
2984.0,7,1,0.981,10,2.853,107,84,1004.2,-0.00061,31.533
2985.0,7,1,0.981,10,2.853,107,84,1004.2,-0.00061,31.533
2986.0,7,1,0.981,10,2.853,107,84,1004.2,-0.00061,31.533
2987.0,7,1,0.981,10,2.853,107,84,1004.2,-0.00061,31.533
2988.0,7,1,0.981,10,2.853,107,84,1004.2,-0.00061,31.533
2989.0,7,1,0.981,10,2.853,107,84,1004.2,-0.00061,31.533
2990.0,7,1,0.981,10,2.853,107,84,1004.2,-0.00061,31.533
2991.0,7,1,0.981,10,2.853,107,84,1004.2,-0.00061,31.533
2992.0,7,1,0.981,10,2.853,107,84,1004.2,-0.00061,31.533
2993.0,7,1,0.981,10,2.853,107,84,1004.2,-0.00061,31.533
2994.0,7,1,0.981,10,2.853,107,84,1004.2,-0.00061,31.533
2995.0,7,1,0.981,10,2.853,107,84,1004.2,-0.00061,31.533
2996.0,7,1,0.981,10,2.853,107,84,1004.2,-0.00061,31.533
2997.0,7,1,0.981,10,2.853,107,84,1004.2,-0.00061,31.533
2998.0,7,1,0.981,10,2.853,107,84,1004.2,-0.00061,31.533
2999.0,7,1,0.981,10,2.853,107,84,1004.2,-0.00061,31.533
3000.0,7,1,0.981,10,2.853,107,84,1004.2,-0.00061,31.533
3001.0,7,1,0.981,10,2.853,107,84,1004.2,-0.00061,31.533
3002.0,7,1,0.981,10,2.853,107,84,1004.2,-0.00061,31.533
3003.0,7,1,0.981,10,2.853,107,84,1004.2,-0.00061,31.533
3004.0,7,1,0.981,10,2.853,107,84,1004.2,-0.00061,31.533
3005.0,7,1,0.981,10,2.853,107,84,1004.2,-0.00061,31.533
3006.0,7,1,0.981,10,2.853,107,84,1004.2,-0.00061,31.533
3007.0,1,0,0.794,10,2.853,108,84,1021.3,-0.00061,31.267
3008.0,1,1,0.794,10,2.853,108,84,1021.3,-0.00061,31.267
3009.0,1,0,1.0,10,2.853,108,84,1021.3,-0.00061,31.205
3010.0,1,1,1.0,10,2.853,108,84,1021.3,-0.00061,31.205
3011.0,1,1,1.0,10,2.853,108,84,1021.3,-0.00061,31.205
3012.0,1,1,1.0,10,2.853,108,84,1021.3,-0.00061,31.205
3013.0,1,1,1.0,10,2.853,108,84,1021.3,-0.00061,31.205
3014.0,1,1,1.0,10,2.853,108,84,1021.3,-0.00061,31.205
3015.0,1,1,1.0,10,2.853,108,84,1021.3,-0.00061,31.205
3016.0,1,1,1.0,10,2.853,108,84,1021.3,-0.00061,31.205
3017.0,1,1,1.0,10,2.853,108,84,1021.3,-0.00061,31.205
3018.0,1,1,1.0,10,2.853,108,84,1021.3,-0.00061,31.205
3019.0,1,1,1.0,10,2.853,108,84,1021.3,-0.00061,31.205
3020.0,1,1,1.0,10,2.853,108,84,1021.3,-0.00061,31.205
3021.0,1,1,1.0,10,2.853,108,84,1021.3,-0.00061,31.205
3022.0,1,1,1.0,10,2.853,108,84,1021.3,-0.00061,31.205
3023.0,1,1,1.0,10,2.853,108,84,1021.3,-0.00061,31.205
3024.0,1,1,1.0,10,2.853,108,84,1021.3,-0.00061,31.205
3025.0,1,1,1.0,10,2.853,108,84,1021.3,-0.00061,31.205
3026.0,4,0,0.961,10,2.853,109,84,1029.9,-0.00061,31.262
3027.0,4,0,0.961,10,2.853,109,84,1029.9,-0.00061,31.281
3028.0,4,0,0.961,10,2.854,109,85,1029.9,-0.00092,31.283
3029.0,4,0,0.961,10,2.854,109,85,1029.9,-0.00092,31.302
3030.0,4,0,0.961,10,2.854,109,85,1029.9,-0.00092,31.308
3031.0,4,1,0.961,10,2.854,109,85,1029.9,-0.00092,31.308
3032.0,4,1,0.961,10,2.854,109,85,1029.9,-0.00092,31.308
3033.0,4,1,0.961,10,2.854,109,85,1029.9,-0.00092,31.308
3034.0,4,1,0.961,10,2.854,109,85,1029.9,-0.00092,31.308
3035.0,4,1,0.961,10,2.854,109,85,1029.9,-0.00092,31.308
3036.0,4,1,0.961,10,2.854,109,85,1029.9,-0.00092,31.308
3037.0,4,1,0.961,10,2.854,109,85,1029.9,-0.00092,31.308
3038.0,4,1,0.961,10,2.854,109,85,1029.9,-0.00092,31.308
3039.0,4,1,0.961,10,2.854,109,85,1029.9,-0.00092,31.308
3040.0,4,1,0.961,10,2.854,109,85,1029.9,-0.00092,31.308
3041.0,4,1,0.961,10,2.854,109,85,1029.9,-0.00092,31.308
3042.0,4,1,0.961,10,2.854,109,85,1029.9,-0.00092,31.308
3043.0,4,1,0.961,10,2.854,109,85,1029.9,-0.00092,31.308
3044.0,3,0,0.953,10,2.854,110,85,1032.8,-0.00092,31.34
3045.0,3,0,0.953,10,2.854,110,85,1032.8,-0.00092,31.34
3046.0,3,0,0.953,10,2.85,110,86,1032.8,-0.00102,31.329
3047.0,3,1,0.953,10,2.85,110,86,1032.8,-0.00102,31.329
3048.0,3,1,0.953,10,2.85,110,86,1032.8,-0.00102,31.329
3049.0,3,1,0.953,10,2.85,110,86,1032.8,-0.00102,31.329
3050.0,3,1,0.953,10,2.85,110,86,1032.8,-0.00102,31.329
3051.0,3,1,0.953,10,2.85,110,86,1032.8,-0.00102,31.329
3052.0,3,1,0.953,10,2.85,110,86,1032.8,-0.00102,31.329
3053.0,3,1,0.953,10,2.85,110,86,1032.8,-0.00102,31.329
3054.0,3,1,0.953,10,2.85,110,86,1032.8,-0.00102,31.329
3055.0,3,1,0.953,10,2.85,110,86,1032.8,-0.00102,31.329
3056.0,3,1,0.953,10,2.85,110,86,1032.8,-0.00102,31.329
3057.0,3,1,0.953,10,2.85,110,86,1032.8,-0.00102,31.329
3058.0,3,1,0.953,10,2.85,110,86,1032.8,-0.00102,31.329
3059.0,3,1,0.953,10,2.85,110,86,1032.8,-0.00102,31.329
3060.0,3,1,0.953,10,2.85,110,86,1032.8,-0.00102,31.329
3061.0,1,0,0.99,10,2.85,111,86,1038.5,-0.00102,31.372
3062.0,1,0,0.99,10,2.85,111,86,1038.5,-0.00102,31.351
3063.0,1,1,0.99,10,2.85,111,86,1038.5,-0.00102,31.351
3064.0,1,1,0.99,10,2.85,111,86,1038.5,-0.00102,31.351
3065.0,1,1,0.99,10,2.85,111,86,1038.5,-0.00102,31.351
3066.0,1,1,0.99,10,2.85,111,86,1038.5,-0.00102,31.351
3067.0,1,1,0.99,10,2.85,111,86,1038.5,-0.00102,31.351
3068.0,1,1,0.99,10,2.85,111,86,1038.5,-0.00102,31.351
3069.0,1,1,0.99,10,2.85,111,86,1038.5,-0.00102,31.351
3070.0,1,1,0.99,10,2.85,111,86,1038.5,-0.00102,31.351
3071.0,1,1,0.99,10,2.85,111,86,1038.5,-0.00102,31.351
3072.0,1,1,0.99,10,2.85,111,86,1038.5,-0.00102,31.351
3073.0,1,1,0.99,10,2.85,111,86,1038.5,-0.00102,31.351
3074.0,1,1,0.99,10,2.85,111,86,1038.5,-0.00102,31.351
3075.0,1,1,0.99,10,2.85,111,86,1038.5,-0.00102,31.351
3076.0,1,1,0.99,10,2.85,111,86,1038.5,-0.00102,31.351
3077.0,1,1,0.99,10,2.85,111,86,1038.5,-0.00102,31.351
3078.0,1,1,0.99,10,2.85,111,86,1038.5,-0.00102,31.351
3079.0,1,1,0.99,10,2.85,111,86,1038.5,-0.00102,31.351
3080.0,1,1,0.99,10,2.85,111,86,1038.5,-0.00102,31.351
3081.0,1,1,0.99,10,2.85,111,86,1038.5,-0.00102,31.351
3082.0,1,1,0.99,10,2.85,111,86,1038.5,-0.00102,31.351
3083.0,1,1,0.99,10,2.85,111,86,1038.5,-0.00102,31.351
3084.0,1,1,0.99,10,2.85,111,86,1038.5,-0.00102,31.351
3085.0,1,1,0.99,10,2.85,111,86,1038.5,-0.00102,31.351
3086.0,1,1,0.99,10,2.85,111,86,1038.5,-0.00102,31.351
3087.0,1,1,0.99,10,2.85,111,86,1038.5,-0.00102,31.351
3088.0,1,1,0.99,10,2.85,111,86,1038.5,-0.00102,31.351
3089.0,1,1,0.99,10,2.85,111,86,1038.5,-0.00102,31.351
3090.0,1,1,0.99,10,2.85,111,86,1038.5,-0.00102,31.351
3091.0,1,1,0.99,10,2.85,111,86,1038.5,-0.00102,31.351
3092.0,1,1,0.99,10,2.85,111,86,1038.5,-0.00102,31.351
3093.0,1,1,0.99,10,2.85,111,86,1038.5,-0.00102,31.351
3094.0,8,0,0.73,10,2.85,112,86,1058.4,-0.00102,30.992
3095.0,8,1,0.73,10,2.85,112,86,1058.4,-0.00102,30.992
3096.0,8,1,0.73,10,2.85,112,86,1058.4,-0.00102,30.992
3097.0,8,1,0.73,10,2.85,112,86,1058.4,-0.00102,30.992
3098.0,8,1,0.73,10,2.85,112,86,1058.4,-0.00102,30.992
3099.0,8,1,0.73,10,2.85,112,86,1058.4,-0.00102,30.992
3100.0,8,1,0.73,10,2.85,112,86,1058.4,-0.00102,30.992
3101.0,8,1,0.73,10,2.85,112,86,1058.4,-0.00102,30.992
3102.0,8,1,0.73,10,2.85,112,86,1058.4,-0.00102,30.992
3103.0,8,1,0.73,10,2.85,112,86,1058.4,-0.00102,30.992
3104.0,8,1,0.73,10,2.85,112,86,1058.4,-0.00102,30.992
3105.0,8,1,0.73,10,2.85,112,86,1058.4,-0.00102,30.992
3106.0,8,1,0.73,10,2.85,112,86,1058.4,-0.00102,30.992
3107.0,8,1,0.73,10,2.85,112,86,1058.4,-0.00102,30.992
3108.0,8,1,0.73,10,2.85,112,86,1058.4,-0.00102,30.992
3109.0,8,1,0.73,10,2.85,112,86,1058.4,-0.00102,30.992
3110.0,8,1,0.73,10,2.85,112,86,1058.4,-0.00102,30.992
3111.0,8,1,0.73,10,2.85,112,86,1058.4,-0.00102,30.992
3112.0,8,1,0.73,10,2.85,112,86,1058.4,-0.00102,30.992
3113.0,8,1,0.73,10,2.85,112,86,1058.4,-0.00102,30.992
3114.0,8,1,0.73,10,2.85,112,86,1058.4,-0.00102,30.992
3115.0,8,1,0.73,10,2.85,112,86,1058.4,-0.00102,30.992
3116.0,8,1,0.73,10,2.85,112,86,1058.4,-0.00102,30.992
3117.0,8,1,0.73,10,2.85,112,86,1058.4,-0.00102,30.992
3118.0,8,1,0.73,10,2.85,112,86,1058.4,-0.00102,30.992
3119.0,8,1,0.73,10,2.85,112,86,1058.4,-0.00102,30.992
3120.0,8,1,0.73,10,2.85,112,86,1058.4,-0.00102,30.992
3121.0,8,1,0.73,10,2.85,112,86,1058.4,-0.00102,30.992
3122.0,8,1,0.73,10,2.85,112,86,1058.4,-0.00102,30.992
3123.0,8,1,0.73,10,2.85,112,86,1058.4,-0.00102,30.992
3124.0,8,1,0.73,10,2.85,112,86,1058.4,-0.00102,30.992
3125.0,8,1,0.73,10,2.85,112,86,1058.4,-0.00102,30.992
3126.0,8,1,0.73,10,2.85,112,86,1058.4,-0.00102,30.992
3127.0,8,1,0.73,10,2.85,112,86,1058.4,-0.00102,30.992
3128.0,8,1,0.73,10,2.85,112,86,1058.4,-0.00102,30.992
3129.0,8,1,0.73,10,2.85,112,86,1058.4,-0.00102,30.992
3130.0,8,1,0.73,10,2.85,112,86,1058.4,-0.00102,30.992
3131.0,8,1,0.73,10,2.85,112,86,1058.4,-0.00102,30.992
3132.0,8,1,0.73,10,2.85,112,86,1058.4,-0.00102,30.992
3133.0,8,1,0.73,10,2.85,112,86,1058.4,-0.00102,30.992
3134.0,8,1,0.73,10,2.85,112,86,1058.4,-0.00102,30.992
3135.0,8,1,0.73,10,2.85,112,86,1058.4,-0.00102,30.992
3136.0,8,1,0.73,10,2.85,112,86,1058.4,-0.00102,30.992
3137.0,8,1,0.73,10,2.85,112,86,1058.4,-0.00102,30.992
3138.0,8,1,0.73,10,2.85,112,86,1058.4,-0.00102,30.992
3139.0,8,1,0.73,10,2.85,112,86,1058.4,-0.00102,30.992
3140.0,8,1,0.73,10,2.85,112,86,1058.4,-0.00102,30.992
3141.0,8,1,0.73,10,2.85,112,86,1058.4,-0.00102,30.992
3142.0,8,1,0.73,10,2.85,112,86,1058.4,-0.00102,30.992
3143.0,8,1,0.73,10,2.85,112,86,1058.4,-0.00102,30.992
3144.0,8,1,0.73,10,2.85,112,86,1058.4,-0.00102,30.992
3145.0,7,0,0.938,10,2.85,113,86,1061.3,-0.00102,30.739
3146.0,7,0,0.938,10,2.85,113,86,1061.3,-0.00102,30.739
3147.0,7,0,0.938,10,2.855,113,87,1061.3,-0.00102,30.789
3148.0,7,1,0.938,10,2.855,113,87,1061.3,-0.00102,30.789
3149.0,7,1,0.938,10,2.855,113,87,1061.3,-0.00102,30.789
3150.0,7,1,0.938,10,2.855,113,87,1061.3,-0.00102,30.789
3151.0,7,1,0.938,10,2.855,113,87,1061.3,-0.00102,30.789
3152.0,7,1,0.938,10,2.855,113,87,1061.3,-0.00102,30.789
3153.0,7,1,0.938,10,2.855,113,87,1061.3,-0.00102,30.789
3154.0,7,1,0.938,10,2.855,113,87,1061.3,-0.00102,30.789
3155.0,7,1,0.938,10,2.855,113,87,1061.3,-0.00102,30.789
3156.0,7,1,0.938,10,2.855,113,87,1061.3,-0.00102,30.789
3157.0,7,1,0.938,10,2.855,113,87,1061.3,-0.00102,30.789
3158.0,7,1,0.938,10,2.855,113,87,1061.3,-0.00102,30.789
3159.0,7,1,0.938,10,2.855,113,87,1061.3,-0.00102,30.789
3160.0,7,1,0.938,10,2.855,113,87,1061.3,-0.00102,30.789
3161.0,7,1,0.938,10,2.855,113,87,1061.3,-0.00102,30.789
3162.0,7,1,0.938,10,2.855,113,87,1061.3,-0.00102,30.789
3163.0,7,1,0.938,10,2.855,113,87,1061.3,-0.00102,30.789
3164.0,7,1,0.938,10,2.855,113,87,1061.3,-0.00102,30.789
3165.0,7,1,0.938,10,2.855,113,87,1061.3,-0.00102,30.789
3166.0,7,1,0.938,10,2.855,113,87,1061.3,-0.00102,30.789
3167.0,7,1,0.938,10,2.855,113,87,1061.3,-0.00102,30.789
3168.0,7,1,0.938,10,2.855,113,87,1061.3,-0.00102,30.789
3169.0,3,0,0.935,10,2.855,114,87,1072.7,-0.00102,30.807
3170.0,3,0,0.935,10,2.855,114,87,1072.7,-0.00102,30.786
3171.0,3,0,0.935,10,2.854,114,88,1072.7,-0.00102,30.755
3172.0,3,0,0.935,10,2.854,114,88,1072.7,-0.00102,30.734
3173.0,3,0,0.935,10,2.854,114,88,1072.7,-0.00102,30.713
3174.0,3,0,0.935,10,2.854,114,88,1072.7,-0.00102,30.693
3175.0,3,0,0.935,10,2.854,114,88,1072.7,-0.00102,30.712
3176.0,3,0,0.935,10,2.854,114,88,1072.7,-0.00102,30.714
3177.0,3,0,0.935,10,2.854,114,88,1072.7,-0.00102,30.714
3178.0,3,0,0.935,10,2.854,114,88,1072.7,-0.00102,30.714
3179.0,3,0,0.935,10,2.854,114,88,1072.7,-0.00102,30.714
3180.0,3,0,0.935,10,2.854,114,88,1072.7,-0.00102,30.714
3181.0,3,1,0.935,10,2.854,114,88,1072.7,-0.00102,30.714
3182.0,3,0,1.0,10,2.854,114,88,1072.7,-0.00102,30.881
3183.0,3,0,1.0,10,2.854,114,88,1072.7,-0.00102,30.881
3184.0,3,0,1.0,10,2.854,114,88,1072.7,-0.00102,30.881
3185.0,3,1,1.0,10,2.854,114,88,1072.7,-0.00102,30.881
3186.0,3,1,1.0,10,2.854,114,88,1072.7,-0.00102,30.881
3187.0,3,1,1.0,10,2.854,114,88,1072.7,-0.00102,30.881
3188.0,3,1,1.0,10,2.854,114,88,1072.7,-0.00102,30.881
3189.0,3,1,1.0,10,2.854,114,88,1072.7,-0.00102,30.881
3190.0,3,1,1.0,10,2.854,114,88,1072.7,-0.00102,30.881
3191.0,3,1,1.0,10,2.854,114,88,1072.7,-0.00102,30.881
3192.0,3,1,1.0,10,2.854,114,88,1072.7,-0.00102,30.881
3193.0,3,1,1.0,10,2.854,114,88,1072.7,-0.00102,30.881
3194.0,3,1,1.0,10,2.854,114,88,1072.7,-0.00102,30.881
3195.0,3,1,1.0,10,2.854,114,88,1072.7,-0.00102,30.881
3196.0,3,1,1.0,10,2.854,114,88,1072.7,-0.00102,30.881
3197.0,3,1,1.0,10,2.854,114,88,1072.7,-0.00102,30.881
3198.0,3,1,1.0,10,2.854,114,88,1072.7,-0.00102,30.881
3199.0,3,1,1.0,10,2.854,114,88,1072.7,-0.00102,30.881
3200.0,3,1,1.0,10,2.854,114,88,1072.7,-0.00102,30.881
3201.0,1,0,0.49,10,2.854,115,88,1078.4,-0.00102,30.182
3202.0,1,0,0.49,10,2.854,115,88,1078.4,-0.00102,30.161
3203.0,1,0,0.49,10,2.872,115,89,1078.4,-0.00123,30.14
3204.0,1,0,0.49,10,2.872,115,89,1078.4,-0.00123,30.14
3205.0,1,1,0.49,10,2.872,115,89,1078.4,-0.00123,30.14
3206.0,1,1,0.49,10,2.872,115,89,1078.4,-0.00123,30.14
3207.0,1,1,0.49,10,2.872,115,89,1078.4,-0.00123,30.14
3208.0,1,1,0.49,10,2.872,115,89,1078.4,-0.00123,30.14
3209.0,1,1,0.49,10,2.872,115,89,1078.4,-0.00123,30.14
3210.0,1,1,0.49,10,2.872,115,89,1078.4,-0.00123,30.14
3211.0,1,1,0.49,10,2.872,115,89,1078.4,-0.00123,30.14
3212.0,1,1,0.49,10,2.872,115,89,1078.4,-0.00123,30.14
3213.0,1,1,0.49,10,2.872,115,89,1078.4,-0.00123,30.14
3214.0,1,1,0.49,10,2.872,115,89,1078.4,-0.00123,30.14
3215.0,1,1,0.49,10,2.872,115,89,1078.4,-0.00123,30.14
3216.0,1,1,0.49,10,2.872,115,89,1078.4,-0.00123,30.14
3217.0,1,1,0.49,10,2.872,115,89,1078.4,-0.00123,30.14
3218.0,3,0,0.961,10,2.872,116,89,1084.1,-0.00123,30.0
3219.0,3,0,0.961,10,2.872,116,89,1084.1,-0.00123,30.019
3220.0,3,0,0.961,10,2.873,116,90,1084.1,-0.00123,30.068
3221.0,3,0,0.961,10,2.873,116,90,1084.1,-0.00123,30.087
3222.0,3,0,0.961,10,2.873,116,90,1084.1,-0.00123,30.106
3223.0,3,0,0.961,10,2.873,116,90,1084.1,-0.00123,30.125
3224.0,3,0,0.961,10,2.873,116,90,1084.1,-0.00123,30.144
3225.0,3,0,0.961,10,2.873,116,90,1084.1,-0.00123,30.162
3226.0,3,0,0.961,10,2.873,116,90,1084.1,-0.00123,30.181
3227.0,3,0,0.961,10,2.873,116,90,1084.1,-0.00123,30.2
3228.0,3,0,0.961,10,2.873,116,90,1084.1,-0.00123,30.219
3229.0,3,0,0.961,10,2.873,116,90,1084.1,-0.00123,30.237
3230.0,3,0,0.961,10,2.873,116,90,1084.1,-0.00123,30.256
3231.0,3,1,0.961,10,2.873,116,90,1084.1,-0.00123,30.256
3232.0,3,1,0.961,10,2.873,116,90,1084.1,-0.00123,30.256
3233.0,3,1,0.961,10,2.873,116,90,1084.1,-0.00123,30.256
3234.0,3,1,0.961,10,2.873,116,90,1084.1,-0.00123,30.256
3235.0,3,1,0.961,10,2.873,116,90,1084.1,-0.00123,30.256
3236.0,3,1,0.961,10,2.873,116,90,1084.1,-0.00123,30.256
3237.0,3,1,0.961,10,2.873,116,90,1084.1,-0.00123,30.256
3238.0,3,1,0.961,10,2.873,116,90,1084.1,-0.00123,30.256
3239.0,3,1,0.961,10,2.873,116,90,1084.1,-0.00123,30.256
3240.0,3,1,0.961,10,2.873,116,90,1084.1,-0.00123,30.256
3241.0,3,1,0.961,10,2.873,116,90,1084.1,-0.00123,30.256
3242.0,3,1,0.961,10,2.873,116,90,1084.1,-0.00123,30.256
3243.0,3,1,0.961,10,2.873,116,90,1084.1,-0.00123,30.256
3244.0,3,1,0.961,10,2.873,116,90,1084.1,-0.00123,30.256
3245.0,3,1,0.961,10,2.873,116,90,1084.1,-0.00123,30.256
3246.0,3,1,0.961,10,2.873,116,90,1084.1,-0.00123,30.256
3247.0,3,1,0.961,10,2.873,116,90,1084.1,-0.00123,30.256
3248.0,3,1,0.961,10,2.873,116,90,1084.1,-0.00123,30.256
3249.0,3,1,0.961,10,2.873,116,90,1084.1,-0.00123,30.256
3250.0,7,0,0.937,10,2.873,117,90,1095.6,-0.00123,30.43
3251.0,7,0,0.937,10,2.873,117,90,1095.6,-0.00123,30.449
3252.0,7,0,0.937,10,2.875,117,91,1095.6,-0.00125,30.418
3253.0,7,0,0.937,10,2.875,117,91,1095.6,-0.00125,30.423
3254.0,7,1,0.937,10,2.875,117,91,1095.6,-0.00125,30.423
3255.0,7,1,0.937,10,2.875,117,91,1095.6,-0.00125,30.423
3256.0,7,1,0.937,10,2.875,117,91,1095.6,-0.00125,30.423
3257.0,7,1,0.937,10,2.875,117,91,1095.6,-0.00125,30.423
3258.0,7,1,0.937,10,2.875,117,91,1095.6,-0.00125,30.423
3259.0,7,1,0.937,10,2.875,117,91,1095.6,-0.00125,30.423
3260.0,7,1,0.937,10,2.875,117,91,1095.6,-0.00125,30.423
3261.0,7,1,0.937,10,2.875,117,91,1095.6,-0.00125,30.423
3262.0,7,1,0.937,10,2.875,117,91,1095.6,-0.00125,30.423
3263.0,7,1,0.937,10,2.875,117,91,1095.6,-0.00125,30.423
3264.0,7,1,0.937,10,2.875,117,91,1095.6,-0.00125,30.423
3265.0,7,1,0.937,10,2.875,117,91,1095.6,-0.00125,30.423
3266.0,7,1,0.937,10,2.875,117,91,1095.6,-0.00125,30.423
3267.0,7,1,0.937,10,2.875,117,91,1095.6,-0.00125,30.423
3268.0,7,1,0.937,10,2.875,117,91,1095.6,-0.00125,30.423
3269.0,7,1,0.937,10,2.875,117,91,1095.6,-0.00125,30.423
3270.0,7,1,0.937,10,2.875,117,91,1095.6,-0.00125,30.423
3271.0,7,1,0.937,10,2.875,117,91,1095.6,-0.00125,30.423
3272.0,7,1,0.937,10,2.875,117,91,1095.6,-0.00125,30.423
3273.0,7,1,0.937,10,2.875,117,91,1095.6,-0.00125,30.423
3274.0,7,1,0.937,10,2.875,117,91,1095.6,-0.00125,30.423
3275.0,7,1,0.937,10,2.875,117,91,1095.6,-0.00125,30.423
3276.0,7,1,0.937,10,2.875,117,91,1095.6,-0.00125,30.423
3277.0,7,1,0.937,10,2.875,117,91,1095.6,-0.00125,30.423
3278.0,7,1,0.937,10,2.875,117,91,1095.6,-0.00125,30.423
3279.0,7,1,0.937,10,2.875,117,91,1095.6,-0.00125,30.423
3280.0,7,1,0.937,10,2.875,117,91,1095.6,-0.00125,30.423
3281.0,7,1,0.937,10,2.875,117,91,1095.6,-0.00125,30.423
3282.0,7,1,0.937,10,2.875,117,91,1095.6,-0.00125,30.423
3283.0,7,1,0.937,10,2.875,117,91,1095.6,-0.00125,30.423
3284.0,7,1,0.937,10,2.875,117,91,1095.6,-0.00125,30.423
3285.0,7,1,0.937,10,2.875,117,91,1095.6,-0.00125,30.423
3286.0,7,1,0.937,10,2.875,117,91,1095.6,-0.00125,30.423
3287.0,7,1,0.937,10,2.875,117,91,1095.6,-0.00125,30.423
3288.0,7,1,0.937,10,2.875,117,91,1095.6,-0.00125,30.423
3289.0,7,1,0.937,10,2.875,117,91,1095.6,-0.00125,30.423
3290.0,7,1,0.937,10,2.875,117,91,1095.6,-0.00125,30.423
3291.0,7,1,0.937,10,2.875,117,91,1095.6,-0.00125,30.423
3292.0,7,1,0.937,10,2.875,117,91,1095.6,-0.00125,30.423
3293.0,7,1,0.937,10,2.875,117,91,1095.6,-0.00125,30.423
3294.0,7,1,0.937,10,2.875,117,91,1095.6,-0.00125,30.423
3295.0,7,1,0.937,10,2.875,117,91,1095.6,-0.00125,30.423
3296.0,3,0,0.975,10,2.875,118,91,1107.1,-0.00125,30.344
3297.0,3,0,0.975,10,2.875,118,91,1107.1,-0.00125,30.363
3298.0,3,0,0.975,10,2.874,118,92,1107.1,-0.00071,30.389
3299.0,3,1,0.975,10,2.874,118,92,1107.1,-0.00071,30.389
3300.0,3,1,0.975,10,2.874,118,92,1107.1,-0.00071,30.389
3301.0,3,1,0.975,10,2.874,118,92,1107.1,-0.00071,30.389
3302.0,3,1,0.975,10,2.874,118,92,1107.1,-0.00071,30.389
3303.0,3,1,0.975,10,2.874,118,92,1107.1,-0.00071,30.389
3304.0,3,1,0.975,10,2.874,118,92,1107.1,-0.00071,30.389
3305.0,3,1,0.975,10,2.874,118,92,1107.1,-0.00071,30.389
3306.0,3,1,0.975,10,2.874,118,92,1107.1,-0.00071,30.389
3307.0,3,1,0.975,10,2.874,118,92,1107.1,-0.00071,30.389
3308.0,3,1,0.975,10,2.874,118,92,1107.1,-0.00071,30.389
3309.0,3,1,0.975,10,2.874,118,92,1107.1,-0.00071,30.389
3310.0,3,1,0.975,10,2.874,118,92,1107.1,-0.00071,30.389
3311.0,3,1,0.975,10,2.874,118,92,1107.1,-0.00071,30.389
3312.0,3,1,0.975,10,2.874,118,92,1107.1,-0.00071,30.389
3313.0,3,1,0.975,10,2.874,118,92,1107.1,-0.00071,30.389
3314.0,3,1,0.975,10,2.874,118,92,1107.1,-0.00071,30.389
3315.0,3,1,0.975,10,2.874,118,92,1107.1,-0.00071,30.389
3316.0,3,1,0.975,10,2.874,118,92,1107.1,-0.00071,30.389
3317.0,3,1,0.975,10,2.874,118,92,1107.1,-0.00071,30.389
3318.0,3,1,0.975,10,2.874,118,92,1107.1,-0.00071,30.389
3319.0,3,1,0.975,10,2.874,118,92,1107.1,-0.00071,30.389
3320.0,3,1,0.975,10,2.874,118,92,1107.1,-0.00071,30.389
3321.0,3,1,0.975,10,2.874,118,92,1107.1,-0.00071,30.389
3322.0,3,1,0.975,10,2.874,118,92,1107.1,-0.00071,30.389
3323.0,10,0,0.903,10,2.874,119,92,1127.2,-0.00071,30.323
3324.0,10,0,0.903,10,2.874,119,92,1127.2,-0.00071,30.323
3325.0,10,0,0.903,10,2.875,119,93,1127.2,-0.00071,30.335
3326.0,10,0,0.903,10,2.875,119,93,1127.2,-0.00071,30.314
3327.0,10,0,0.903,10,2.875,119,93,1127.2,-0.00071,30.294
3328.0,10,0,0.903,10,2.875,119,93,1127.2,-0.00071,30.273
3329.0,10,1,0.903,10,2.875,119,93,1127.2,-0.00071,30.273
3330.0,10,1,0.903,10,2.875,119,93,1127.2,-0.00071,30.273
3331.0,10,1,0.903,10,2.875,119,93,1127.2,-0.00071,30.273
3332.0,10,1,0.903,10,2.875,119,93,1127.2,-0.00071,30.273
3333.0,10,0,1.0,10,2.875,119,93,1127.2,-0.00071,30.524
3334.0,10,0,1.0,10,2.875,119,93,1127.2,-0.00071,30.524
3335.0,10,0,1.0,10,2.875,119,93,1127.2,-0.00071,30.524
3336.0,10,0,1.0,10,2.875,119,93,1127.2,-0.00071,30.503
3337.0,10,0,1.0,10,2.875,119,93,1127.2,-0.00071,30.482
3338.0,10,0,1.0,10,2.875,119,93,1127.2,-0.00071,30.482
3339.0,10,0,1.0,10,2.875,119,93,1127.2,-0.00071,30.501
3340.0,10,0,1.0,10,2.875,119,93,1127.2,-0.00071,30.52
3341.0,10,0,1.0,10,2.875,119,93,1127.2,-0.00071,30.54
3342.0,10,0,1.0,10,2.875,119,93,1127.2,-0.00071,30.559
3343.0,10,0,1.0,10,2.875,119,93,1127.2,-0.00071,30.578
3344.0,10,0,1.0,10,2.875,119,93,1127.2,-0.00071,30.565
3345.0,10,0,1.0,10,2.875,119,93,1127.2,-0.00071,30.545
3346.0,10,0,1.0,10,2.875,119,93,1127.2,-0.00071,30.524
3347.0,10,0,1.0,10,2.875,119,93,1127.2,-0.00071,30.503
3348.0,10,0,1.0,10,2.875,119,93,1127.2,-0.00071,30.503
3349.0,10,0,1.0,10,2.875,119,93,1127.2,-0.00071,30.503
3350.0,10,0,1.0,10,2.875,119,93,1127.2,-0.00071,30.503
3351.0,10,0,1.0,10,2.875,119,93,1127.2,-0.00071,30.503
3352.0,10,0,1.0,10,2.875,119,93,1127.2,-0.00071,30.522
3353.0,10,0,1.0,10,2.875,119,93,1127.2,-0.00071,30.541
3354.0,10,0,1.0,10,2.875,119,93,1127.2,-0.00071,30.56
3355.0,10,0,1.0,10,2.875,119,93,1127.2,-0.00071,30.58
3356.0,10,0,1.0,10,2.875,119,93,1127.2,-0.00071,30.599
3357.0,10,0,1.0,10,2.875,119,93,1127.2,-0.00071,30.618
3358.0,10,0,1.0,10,2.875,119,93,1127.2,-0.00071,30.638
3359.0,10,0,1.0,10,2.875,119,93,1127.2,-0.00071,30.649
3360.0,10,0,1.0,10,2.875,119,93,1127.2,-0.00071,30.649
3361.0,10,0,1.0,10,2.875,119,93,1127.2,-0.00071,30.649
3362.0,10,0,1.0,10,2.875,119,93,1127.2,-0.00071,30.668
3363.0,10,0,1.0,10,2.875,119,93,1127.2,-0.00071,30.688
3364.0,10,0,1.0,10,2.875,119,93,1127.2,-0.00071,30.707
3365.0,10,0,1.0,10,2.875,119,93,1127.2,-0.00071,30.726
3366.0,10,0,1.0,10,2.875,119,93,1127.2,-0.00071,30.746
3367.0,10,0,1.0,10,2.875,119,93,1127.2,-0.00071,30.754
3368.0,10,0,1.0,10,2.875,119,93,1127.2,-0.00071,30.754
3369.0,10,0,1.0,10,2.875,119,93,1127.2,-0.00071,30.733
3370.0,10,0,1.0,10,2.875,119,93,1127.2,-0.00071,30.712
3371.0,10,0,1.0,10,2.875,119,93,1127.2,-0.00071,30.692
3372.0,10,0,1.0,10,2.875,119,93,1127.2,-0.00071,30.691
3373.0,10,0,1.0,10,2.875,119,93,1127.2,-0.00071,30.691
3374.0,10,0,1.0,10,2.875,119,93,1127.2,-0.00071,30.691
3375.0,10,0,1.0,10,2.875,119,93,1127.2,-0.00071,30.691
3376.0,10,0,1.0,10,2.875,119,93,1127.2,-0.00071,30.67
3377.0,10,0,1.0,10,2.875,119,93,1127.2,-0.00071,30.67
3378.0,10,0,1.0,10,2.875,119,93,1127.2,-0.00071,30.67
3379.0,10,0,1.0,10,2.875,119,93,1127.2,-0.00071,30.689
3380.0,10,0,1.0,10,2.875,119,93,1127.2,-0.00071,30.709
3381.0,10,0,1.0,10,2.875,119,93,1127.2,-0.00071,30.728
3382.0,10,0,1.0,10,2.875,119,93,1127.2,-0.00071,30.747
3383.0,10,0,1.0,10,2.875,119,93,1127.2,-0.00071,30.766
3384.0,10,0,1.0,10,2.875,119,93,1127.2,-0.00071,30.786
3385.0,10,0,1.0,10,2.875,119,93,1127.2,-0.00071,30.805
3386.0,10,0,1.0,10,2.875,119,93,1127.2,-0.00071,30.824
3387.0,10,0,1.0,10,2.875,119,93,1127.2,-0.00071,30.837
3388.0,10,0,1.0,10,2.875,119,93,1127.2,-0.00071,30.857
3389.0,10,0,1.0,10,2.875,119,93,1127.2,-0.00071,30.858
3390.0,10,0,1.0,10,2.875,119,93,1127.2,-0.00071,30.858
3391.0,10,0,1.0,10,2.875,119,93,1127.2,-0.00071,30.878
3392.0,10,0,1.0,10,2.875,119,93,1127.2,-0.00071,30.897
3393.0,10,0,1.0,10,2.875,119,93,1127.2,-0.00071,30.9
3394.0,10,0,1.0,10,2.875,119,93,1127.2,-0.00071,30.9
3395.0,10,0,1.0,10,2.875,119,93,1127.2,-0.00071,30.879
3396.0,10,0,1.0,10,2.875,119,93,1127.2,-0.00071,30.859
3397.0,10,0,1.0,10,2.875,119,93,1127.2,-0.00071,30.838
3398.0,10,0,1.0,10,2.875,119,93,1127.2,-0.00071,30.837
3399.0,10,0,1.0,10,2.875,119,93,1127.2,-0.00071,30.837
3400.0,10,0,1.0,10,2.875,119,93,1127.2,-0.00071,30.837
3401.0,10,0,1.0,10,2.875,119,93,1127.2,-0.00071,30.817
3402.0,10,0,1.0,10,2.875,119,93,1127.2,-0.00071,30.836
3403.0,10,0,1.0,10,2.875,119,93,1127.2,-0.00071,30.837
3404.0,10,0,1.0,10,2.875,119,93,1127.2,-0.00071,30.837
3405.0,10,0,1.0,10,2.875,119,93,1127.2,-0.00071,30.857
3406.0,10,0,1.0,10,2.875,119,93,1127.2,-0.00071,30.858
3407.0,10,0,1.0,10,2.875,119,93,1127.2,-0.00071,30.858
3408.0,10,0,1.0,10,2.875,119,93,1127.2,-0.00071,30.838
3409.0,10,0,1.0,10,2.875,119,93,1127.2,-0.00071,30.817
3410.0,10,0,1.0,10,2.875,119,93,1127.2,-0.00071,30.796
3411.0,10,0,1.0,10,2.875,119,93,1127.2,-0.00071,30.775
3412.0,10,0,1.0,10,2.875,119,93,1127.2,-0.00071,30.775
3413.0,10,0,1.0,10,2.875,119,93,1127.2,-0.00071,30.775
3414.0,10,0,1.0,10,2.875,119,93,1127.2,-0.00071,30.775
3415.0,10,0,1.0,10,2.875,119,93,1127.2,-0.00071,30.754
3416.0,10,0,1.0,10,2.875,119,93,1127.2,-0.00071,30.733
3417.0,10,0,1.0,10,2.875,119,93,1127.2,-0.00071,30.713
3418.0,10,0,1.0,10,2.875,119,93,1127.2,-0.00071,30.692
3419.0,10,0,1.0,10,2.875,119,93,1127.2,-0.00071,30.691
3420.0,10,0,1.0,10,2.875,119,93,1127.2,-0.00071,30.691
3421.0,10,0,1.0,10,2.875,119,93,1127.2,-0.00071,30.691
3422.0,10,0,1.0,10,2.875,119,93,1127.2,-0.00071,30.691
3423.0,10,0,1.0,10,2.875,119,93,1127.2,-0.00071,30.691
3424.0,10,1,1.0,10,2.875,119,93,1127.2,-0.00179,30.691
3425.0,10,1,1.0,10,2.875,119,93,1127.2,-0.00179,30.691
3426.0,10,1,1.0,10,2.875,119,93,1127.2,-0.00179,30.691
3427.0,10,1,1.0,10,2.875,119,93,1127.2,-0.00179,30.691
3428.0,10,1,1.0,10,2.875,119,93,1127.2,-0.00179,30.691
3429.0,10,1,1.0,10,2.875,119,93,1127.2,-0.00179,30.691
3430.0,10,1,1.0,10,2.875,119,93,1127.2,-0.00179,30.691
3431.0,10,1,1.0,10,2.875,119,93,1127.2,-0.00179,30.691
3432.0,10,1,1.0,10,2.875,119,93,1127.2,-0.00179,30.691
3433.0,10,1,1.0,10,2.875,119,93,1127.2,-0.00179,30.691
3434.0,10,1,1.0,10,2.875,119,93,1127.2,-0.00179,30.691
3435.0,10,1,1.0,10,2.875,119,93,1127.2,-0.00179,30.691
3436.0,10,1,1.0,10,2.875,119,93,1127.2,-0.00179,30.691
3437.0,10,1,1.0,10,2.875,119,93,1127.2,-0.00179,30.691
3438.0,10,1,1.0,10,2.875,119,93,1127.2,-0.00179,30.691
3439.0,10,1,1.0,10,2.875,119,93,1127.2,-0.00179,30.691
3440.0,10,1,1.0,10,2.875,119,93,1127.2,-0.00179,30.691
3441.0,10,1,1.0,10,2.875,119,93,1127.2,-0.00179,30.691
3442.0,10,1,1.0,10,2.875,119,93,1127.2,-0.00179,30.691
3443.0,10,1,1.0,10,2.875,119,93,1127.2,-0.00179,30.691
3444.0,10,1,1.0,10,2.875,119,93,1127.2,-0.00179,30.691
3445.0,10,1,1.0,10,2.875,119,93,1127.2,-0.00179,30.691
3446.0,10,1,1.0,10,2.875,119,93,1127.2,-0.00179,30.691
3447.0,10,1,1.0,10,2.875,119,93,1127.2,-0.00179,30.691
3448.0,10,1,1.0,10,2.875,119,93,1127.2,-0.00179,30.691
3449.0,3,0,0.931,10,2.875,120,93,1147.4,-0.00179,30.915
3450.0,3,1,0.931,10,2.875,120,93,1147.4,-0.00179,30.915
3451.0,3,1,0.931,10,2.875,120,93,1147.4,-0.00179,30.915
3452.0,3,1,0.931,10,2.875,120,93,1147.4,-0.00179,30.915
3453.0,3,1,0.931,10,2.875,120,93,1147.4,-0.00179,30.915
3454.0,3,1,0.931,10,2.875,120,93,1147.4,-0.00179,30.915
3455.0,3,1,0.931,10,2.875,120,93,1147.4,-0.00179,30.915
3456.0,3,1,0.931,10,2.875,120,93,1147.4,-0.00179,30.915
3457.0,3,1,0.931,10,2.875,120,93,1147.4,-0.00179,30.915
3458.0,3,1,0.931,10,2.875,120,93,1147.4,-0.00179,30.915
3459.0,3,1,0.931,10,2.875,120,93,1147.4,-0.00179,30.915
3460.0,3,1,0.931,10,2.875,120,93,1147.4,-0.00179,30.915
3461.0,3,1,0.931,10,2.875,120,93,1147.4,-0.00179,30.915
3462.0,3,1,0.931,10,2.875,120,93,1147.4,-0.00179,30.915
3463.0,3,1,0.931,10,2.875,120,93,1147.4,-0.00179,30.915
3464.0,3,1,0.931,10,2.875,120,93,1147.4,-0.00179,30.915
3465.0,3,1,0.931,10,2.875,120,93,1147.4,-0.00179,30.915
3466.0,3,1,0.931,10,2.875,120,93,1147.4,-0.00179,30.915
3467.0,3,1,0.931,10,2.875,120,93,1147.4,-0.00179,30.915
3468.0,3,1,0.931,10,2.875,120,93,1147.4,-0.00179,30.915
3469.0,3,1,0.931,10,2.875,120,93,1147.4,-0.00179,30.915
3470.0,3,1,0.931,10,2.875,120,93,1147.4,-0.00179,30.915
3471.0,3,1,0.931,10,2.875,120,93,1147.4,-0.00179,30.915
3472.0,3,1,0.931,10,2.875,120,93,1147.4,-0.00179,30.915
3473.0,3,1,0.931,10,2.875,120,93,1147.4,-0.00179,30.915
3474.0,3,1,0.931,10,2.875,120,93,1147.4,-0.00179,30.915
3475.0,9,0,0.577,10,2.875,121,93,1164.6,-0.00179,30.159
3476.0,9,0,0.577,10,2.875,121,93,1164.6,-0.00179,30.177
3477.0,9,1,0.577,10,2.875,121,93,1164.6,-0.00179,30.177
3478.0,9,1,0.577,10,2.875,121,93,1164.6,-0.00179,30.177
3479.0,9,1,0.577,10,2.875,121,93,1164.6,-0.00179,30.177
3480.0,9,1,0.577,10,2.875,121,93,1164.6,-0.00179,30.177
3481.0,9,1,0.577,10,2.875,121,93,1164.6,-0.00179,30.177
3482.0,9,1,0.577,10,2.875,121,93,1164.6,-0.00179,30.177
3483.0,9,1,0.577,10,2.875,121,93,1164.6,-0.00179,30.177
3484.0,9,1,0.577,10,2.875,121,93,1164.6,-0.00179,30.177
3485.0,9,1,0.577,10,2.875,121,93,1164.6,-0.00179,30.177
3486.0,9,1,0.577,10,2.875,121,93,1164.6,-0.00179,30.177
3487.0,9,1,0.577,10,2.875,121,93,1164.6,-0.00179,30.177
3488.0,9,1,0.577,10,2.875,121,93,1164.6,-0.00179,30.177
3489.0,9,1,0.577,10,2.875,121,93,1164.6,-0.00179,30.177
3490.0,9,1,0.577,10,2.875,121,93,1164.6,-0.00179,30.177
3491.0,7,0,0.705,10,2.875,122,93,1170.4,-0.00179,30.736
3492.0,7,0,0.705,10,2.875,122,93,1170.4,-0.00179,30.715
3493.0,7,0,0.705,10,2.864,122,94,1170.4,-0.00019,30.548
3494.0,7,0,0.705,10,2.864,122,94,1170.4,-0.00019,30.528
3495.0,7,0,0.705,10,2.864,122,94,1170.4,-0.00019,30.508
3496.0,7,0,0.705,10,2.864,122,94,1170.4,-0.00019,30.488
3497.0,7,0,0.705,10,2.864,122,94,1170.4,-0.00019,30.468
3498.0,7,1,0.705,10,2.864,122,94,1170.4,-0.00019,30.468
3499.0,7,1,0.705,10,2.864,122,94,1170.4,-0.00019,30.468
3500.0,7,1,0.705,10,2.864,122,94,1170.4,-0.00019,30.468
3501.0,7,1,0.705,10,2.864,122,94,1170.4,-0.00019,30.468
3502.0,7,1,0.705,10,2.864,122,94,1170.4,-0.00019,30.468
3503.0,7,1,0.705,10,2.864,122,94,1170.4,-0.00019,30.468
3504.0,7,1,0.705,10,2.864,122,94,1170.4,-0.00019,30.468
3505.0,7,1,0.705,10,2.864,122,94,1170.4,-0.00019,30.468
3506.0,7,1,0.705,10,2.864,122,94,1170.4,-0.00019,30.468
3507.0,7,1,0.705,10,2.864,122,94,1170.4,-0.00019,30.468
3508.0,7,1,0.705,10,2.864,122,94,1170.4,-0.00019,30.468
3509.0,7,1,0.705,10,2.864,122,94,1170.4,-0.00019,30.468
3510.0,7,1,0.705,10,2.864,122,94,1170.4,-0.00019,30.468
3511.0,7,1,0.705,10,2.864,122,94,1170.4,-0.00019,30.468
3512.0,7,1,0.705,10,2.864,122,94,1170.4,-0.00019,30.468
3513.0,7,1,0.705,10,2.864,122,94,1170.4,-0.00019,30.468
3514.0,7,1,0.705,10,2.864,122,94,1170.4,-0.00019,30.468
3515.0,7,1,0.705,10,2.864,122,94,1170.4,-0.00019,30.468
3516.0,7,1,0.705,10,2.864,122,94,1170.4,-0.00019,30.468
3517.0,7,1,0.705,10,2.864,122,94,1170.4,-0.00019,30.468
3518.0,7,1,0.705,10,2.864,122,94,1170.4,-0.00019,30.468
3519.0,7,1,0.705,10,2.864,122,94,1170.4,-0.00019,30.468
3520.0,7,1,0.705,10,2.864,122,94,1170.4,-0.00019,30.468
3521.0,7,1,0.705,10,2.864,122,94,1170.4,-0.00019,30.468
3522.0,7,1,0.705,10,2.864,122,94,1170.4,-0.00019,30.468
3523.0,7,1,0.705,10,2.864,122,94,1170.4,-0.00019,30.468
3524.0,7,1,0.705,10,2.864,122,94,1170.4,-0.00019,30.468
3525.0,7,1,0.705,10,2.864,122,94,1170.4,-0.00019,30.468
3526.0,7,1,0.705,10,2.864,122,94,1170.4,-0.00019,30.468
3527.0,7,1,0.705,10,2.864,122,94,1170.4,-0.00019,30.468
3528.0,7,1,0.705,10,2.864,122,94,1170.4,-0.00019,30.468
3529.0,7,1,0.705,10,2.864,122,94,1170.4,-0.00019,30.468
3530.0,7,1,0.705,10,2.864,122,94,1170.4,-0.00019,30.468
3531.0,7,1,0.705,10,2.864,122,94,1170.4,-0.00019,30.468
3532.0,7,1,0.705,10,2.864,122,94,1170.4,-0.00019,30.468
3533.0,7,1,0.705,10,2.864,122,94,1170.4,-0.00019,30.468
3534.0,7,1,0.705,10,2.864,122,94,1170.4,-0.00019,30.468
3535.0,7,1,0.705,10,2.864,122,94,1170.4,-0.00019,30.468
3536.0,7,1,0.705,10,2.864,122,94,1170.4,-0.00019,30.468
3537.0,1,0,0.867,10,2.864,123,94,1187.6,-0.00019,30.558
3538.0,1,0,0.867,10,2.864,123,94,1187.6,-0.00019,30.537
3539.0,1,0,0.867,10,2.866,123,95,1187.6,0.00021,30.518
3540.0,1,0,0.867,10,2.866,123,95,1187.6,0.00021,30.498
3541.0,1,0,0.867,10,2.866,123,95,1187.6,0.00021,30.478
3542.0,1,0,0.867,10,2.866,123,95,1187.6,0.00021,30.474
3543.0,1,0,0.867,10,2.866,123,95,1187.6,0.00021,30.474
3544.0,1,1,0.867,10,2.866,123,95,1187.6,0.00021,30.474
3545.0,1,1,0.867,10,2.866,123,95,1187.6,0.00021,30.474
3546.0,1,1,0.867,10,2.866,123,95,1187.6,0.00021,30.474
3547.0,1,1,0.867,10,2.866,123,95,1187.6,0.00021,30.474
3548.0,1,1,0.867,10,2.866,123,95,1187.6,0.00021,30.474
3549.0,1,1,0.867,10,2.866,123,95,1187.6,0.00021,30.474
3550.0,1,1,0.867,10,2.866,123,95,1187.6,0.00021,30.474
3551.0,1,1,0.867,10,2.866,123,95,1187.6,0.00021,30.474
3552.0,1,1,0.867,10,2.866,123,95,1187.6,0.00021,30.474
3553.0,1,1,0.867,10,2.866,123,95,1187.6,0.00021,30.474
3554.0,1,1,0.867,10,2.866,123,95,1187.6,0.00021,30.474
3555.0,1,1,0.867,10,2.866,123,95,1187.6,0.00021,30.474
3556.0,1,1,0.867,10,2.866,123,95,1187.6,0.00021,30.474
3557.0,1,1,0.867,10,2.866,123,95,1187.6,0.00021,30.474
3558.0,1,1,0.867,10,2.866,123,95,1187.6,0.00021,30.474
3559.0,1,1,0.867,10,2.866,123,95,1187.6,0.00021,30.474
3560.0,1,1,0.867,10,2.866,123,95,1187.6,0.00021,30.474
3561.0,1,1,0.867,10,2.866,123,95,1187.6,0.00021,30.474
3562.0,1,1,0.867,10,2.866,123,95,1187.6,0.00021,30.474
3563.0,1,1,0.867,10,2.866,123,95,1187.6,0.00021,30.474
3564.0,1,1,0.867,10,2.866,123,95,1187.6,0.00021,30.474
3565.0,1,1,0.867,10,2.866,123,95,1187.6,0.00021,30.474
3566.0,1,1,0.867,10,2.866,123,95,1187.6,0.00021,30.474
3567.0,1,1,0.867,10,2.866,123,95,1187.6,0.00021,30.474
3568.0,1,1,0.867,10,2.866,123,95,1187.6,0.00021,30.474
3569.0,1,1,0.867,10,2.866,123,95,1187.6,0.00021,30.474
3570.0,1,1,0.867,10,2.866,123,95,1187.6,0.00021,30.474
3571.0,1,1,0.867,10,2.866,123,95,1187.6,0.00021,30.474
3572.0,1,1,0.867,10,2.866,123,95,1187.6,0.00021,30.474
3573.0,1,1,0.867,10,2.866,123,95,1187.6,0.00021,30.474
3574.0,1,1,0.867,10,2.866,123,95,1187.6,0.00021,30.474
3575.0,1,1,0.867,10,2.866,123,95,1187.6,0.00021,30.474
3576.0,1,1,0.867,10,2.866,123,95,1187.6,0.00021,30.474
3577.0,1,1,0.867,10,2.866,123,95,1187.6,0.00021,30.474
3578.0,1,1,0.867,10,2.866,123,95,1187.6,0.00021,30.474
3579.0,1,1,0.867,10,2.866,123,95,1187.6,0.00021,30.474
3580.0,1,1,0.867,10,2.866,123,95,1187.6,0.00021,30.474
3581.0,1,1,0.867,10,2.866,123,95,1187.6,0.00021,30.474
3582.0,1,1,0.867,10,2.866,123,95,1187.6,0.00021,30.474
3583.0,1,1,0.867,10,2.866,123,95,1187.6,0.00021,30.474
3584.0,9,0,0.685,10,2.866,124,95,1210.5,0.00021,29.744
3585.0,9,1,0.685,10,2.866,124,95,1210.5,0.00021,29.744
3586.0,9,1,0.685,10,2.866,124,95,1210.5,0.00021,29.744
3587.0,9,1,0.685,10,2.866,124,95,1210.5,0.00021,29.744
3588.0,9,1,0.685,10,2.866,124,95,1210.5,0.00021,29.744
3589.0,9,1,0.685,10,2.866,124,95,1210.5,0.00021,29.744
3590.0,9,1,0.685,10,2.866,124,95,1210.5,0.00021,29.744
3591.0,9,1,0.685,10,2.866,124,95,1210.5,0.00021,29.744
3592.0,9,1,0.685,10,2.866,124,95,1210.5,0.00021,29.744
3593.0,9,1,0.685,10,2.866,124,95,1210.5,0.00021,29.744
3594.0,9,1,0.685,10,2.866,124,95,1210.5,0.00021,29.744
3595.0,9,1,0.685,10,2.866,124,95,1210.5,0.00021,29.744
3596.0,9,1,0.685,10,2.866,124,95,1210.5,0.00021,29.744
3597.0,9,1,0.685,10,2.866,124,95,1210.5,0.00021,29.744
3598.0,9,1,0.685,10,2.866,124,95,1210.5,0.00021,29.744
3599.0,9,1,0.685,10,2.866,124,95,1210.5,0.00021,29.744
3600.0,9,1,0.685,10,2.866,124,95,1210.5,0.00021,29.744
3601.0,9,1,0.685,10,2.866,124,95,1210.5,0.00021,29.744
3602.0,9,1,0.685,10,2.866,124,95,1210.5,0.00021,29.744
3603.0,9,1,0.685,10,2.866,124,95,1210.5,0.00021,29.744
3604.0,9,1,0.685,10,2.866,124,95,1210.5,0.00021,29.744
3605.0,9,1,0.685,10,2.866,124,95,1210.5,0.00021,29.744
3606.0,9,1,0.685,10,2.866,124,95,1210.5,0.00021,29.744
3607.0,9,1,0.685,10,2.866,124,95,1210.5,0.00021,29.744
3608.0,9,1,0.685,10,2.866,124,95,1210.5,0.00021,29.744
3609.0,9,1,0.685,10,2.866,124,95,1210.5,0.00021,29.744
3610.0,9,1,0.685,10,2.866,124,95,1210.5,0.00021,29.744
3611.0,9,1,0.685,10,2.866,124,95,1210.5,0.00021,29.744
3612.0,9,1,0.685,10,2.866,124,95,1210.5,0.00021,29.744
3613.0,9,1,0.685,10,2.866,124,95,1210.5,0.00021,29.744
3614.0,9,1,0.685,10,2.866,124,95,1210.5,0.00021,29.744
3615.0,9,1,0.685,10,2.866,124,95,1210.5,0.00021,29.744
3616.0,9,1,0.685,10,2.866,124,95,1210.5,0.00021,29.744
3617.0,9,1,0.685,10,2.866,124,95,1210.5,0.00021,29.744
3618.0,9,1,0.685,10,2.866,124,95,1210.5,0.00021,29.744
3619.0,9,1,0.685,10,2.866,124,95,1210.5,0.00021,29.744
3620.0,9,1,0.685,10,2.866,124,95,1210.5,0.00021,29.744
3621.0,9,1,0.685,10,2.866,124,95,1210.5,0.00021,29.744
3622.0,9,1,0.685,10,2.866,124,95,1210.5,0.00021,29.744
3623.0,4,0,0.488,10,2.866,125,95,1224.8,0.00021,30.66
3624.0,4,0,0.488,10,2.866,125,95,1224.8,0.00021,30.64
3625.0,4,0,0.488,10,2.859,125,96,1224.8,0.0003,30.393
3626.0,4,0,0.488,10,2.859,125,96,1224.8,0.0003,30.391
3627.0,4,1,0.488,10,2.859,125,96,1224.8,0.0003,30.391
3628.0,4,1,0.488,10,2.859,125,96,1224.8,0.0003,30.391
3629.0,4,1,0.488,10,2.859,125,96,1224.8,0.0003,30.391
3630.0,4,1,0.488,10,2.859,125,96,1224.8,0.0003,30.391
3631.0,4,1,0.488,10,2.859,125,96,1224.8,0.0003,30.391
3632.0,4,1,0.488,10,2.859,125,96,1224.8,0.0003,30.391
3633.0,4,1,0.488,10,2.859,125,96,1224.8,0.0003,30.391
3634.0,4,1,0.488,10,2.859,125,96,1224.8,0.0003,30.391
3635.0,4,1,0.488,10,2.859,125,96,1224.8,0.0003,30.391
3636.0,4,1,0.488,10,2.859,125,96,1224.8,0.0003,30.391
3637.0,4,1,0.488,10,2.859,125,96,1224.8,0.0003,30.391
3638.0,4,1,0.488,10,2.859,125,96,1224.8,0.0003,30.391
3639.0,4,1,0.488,10,2.859,125,96,1224.8,0.0003,30.391
3640.0,4,1,0.488,10,2.859,125,96,1224.8,0.0003,30.391
3641.0,4,1,0.488,10,2.859,125,96,1224.8,0.0003,30.391
3642.0,4,1,0.488,10,2.859,125,96,1224.8,0.0003,30.391
3643.0,4,1,0.488,10,2.859,125,96,1224.8,0.0003,30.391
3644.0,4,1,0.488,10,2.859,125,96,1224.8,0.0003,30.391
3645.0,4,1,0.488,10,2.859,125,96,1224.8,0.0003,30.391
3646.0,1,0,0.903,10,2.859,126,96,1233.4,0.0003,30.62
3647.0,1,0,0.903,10,2.859,126,96,1233.4,0.0003,30.601
3648.0,1,1,0.903,10,2.859,126,96,1233.4,0.0003,30.601
3649.0,1,1,0.903,10,2.859,126,96,1233.4,0.0003,30.601
3650.0,1,1,0.903,10,2.859,126,96,1233.4,0.0003,30.601
3651.0,1,1,0.903,10,2.859,126,96,1233.4,0.0003,30.601
3652.0,1,1,0.903,10,2.859,126,96,1233.4,0.0003,30.601
3653.0,1,1,0.903,10,2.859,126,96,1233.4,0.0003,30.601
3654.0,1,1,0.903,10,2.859,126,96,1233.4,0.0003,30.601
3655.0,1,1,0.903,10,2.859,126,96,1233.4,0.0003,30.601
3656.0,1,1,0.903,10,2.859,126,96,1233.4,0.0003,30.601
3657.0,1,1,0.903,10,2.859,126,96,1233.4,0.0003,30.601
3658.0,1,1,0.903,10,2.859,126,96,1233.4,0.0003,30.601
3659.0,1,1,0.903,10,2.859,126,96,1233.4,0.0003,30.601
3660.0,1,1,0.903,10,2.859,126,96,1233.4,0.0003,30.601
3661.0,1,1,0.903,10,2.859,126,96,1233.4,0.0003,30.601
3662.0,1,1,0.903,10,2.859,126,96,1233.4,0.0003,30.601
3663.0,1,1,0.903,10,2.859,126,96,1233.4,0.0003,30.601
3664.0,1,1,0.903,10,2.859,126,96,1233.4,0.0003,30.601
3665.0,1,1,0.903,10,2.859,126,96,1233.4,0.0003,30.601
3666.0,1,1,0.903,10,2.859,126,96,1233.4,0.0003,30.601
3667.0,1,1,0.903,10,2.859,126,96,1233.4,0.0003,30.601
3668.0,1,1,0.903,10,2.859,126,96,1233.4,0.0003,30.601
3669.0,1,1,0.903,10,2.859,126,96,1233.4,0.0003,30.601
3670.0,1,1,0.903,10,2.859,126,96,1233.4,0.0003,30.601
3671.0,1,1,0.903,10,2.859,126,96,1233.4,0.0003,30.601
3672.0,1,1,0.903,10,2.859,126,96,1233.4,0.0003,30.601
3673.0,1,1,0.903,10,2.859,126,96,1233.4,0.0003,30.601
3674.0,1,1,0.903,10,2.859,126,96,1233.4,0.0003,30.601
3675.0,1,1,0.903,10,2.859,126,96,1233.4,0.0003,30.601
3676.0,9,0,0.637,10,2.859,127,96,1256.3,0.0003,29.744
3677.0,9,0,0.637,10,2.859,127,96,1256.3,0.0003,29.764
3678.0,9,1,0.637,10,2.859,127,96,1256.3,0.0003,29.764
3679.0,9,1,0.637,10,2.859,127,96,1256.3,0.0003,29.764
3680.0,9,0,1.0,10,2.859,127,96,1256.3,0.0003,29.911
3681.0,9,1,1.0,10,2.859,127,96,1256.3,0.0003,29.911
3682.0,9,1,1.0,10,2.859,127,96,1256.3,0.0003,29.911
3683.0,9,1,1.0,10,2.859,127,96,1256.3,0.0003,29.911
3684.0,9,1,1.0,10,2.859,127,96,1256.3,0.0003,29.911
3685.0,9,1,1.0,10,2.859,127,96,1256.3,0.0003,29.911
3686.0,9,1,1.0,10,2.859,127,96,1256.3,0.0003,29.911
3687.0,9,1,1.0,10,2.859,127,96,1256.3,0.0003,29.911
3688.0,9,1,1.0,10,2.859,127,96,1256.3,0.0003,29.911
3689.0,9,1,1.0,10,2.859,127,96,1256.3,0.0003,29.911
3690.0,9,1,1.0,10,2.859,127,96,1256.3,0.0003,29.911
3691.0,9,1,1.0,10,2.859,127,96,1256.3,0.0003,29.911
3692.0,9,1,1.0,10,2.859,127,96,1256.3,0.0003,29.911
3693.0,9,1,1.0,10,2.859,127,96,1256.3,0.0003,29.911
3694.0,7,0,0.617,10,2.859,128,96,1262.0,0.0003,30.51
3695.0,7,0,0.617,10,2.859,128,96,1262.0,0.0003,30.49
3696.0,7,0,0.617,10,2.845,128,97,1262.0,0.00036,30.322
3697.0,7,0,0.617,10,2.845,128,97,1262.0,0.00036,30.302
3698.0,7,1,0.617,10,2.845,128,97,1262.0,0.00036,30.302
3699.0,7,1,0.617,10,2.845,128,97,1262.0,0.00036,30.302
3700.0,7,1,0.617,10,2.845,128,97,1262.0,0.00036,30.302
3701.0,7,1,0.617,10,2.845,128,97,1262.0,0.00036,30.302
3702.0,7,1,0.617,10,2.845,128,97,1262.0,0.00036,30.302
3703.0,7,1,0.617,10,2.845,128,97,1262.0,0.00036,30.302
3704.0,7,1,0.617,10,2.845,128,97,1262.0,0.00036,30.302
3705.0,7,1,0.617,10,2.845,128,97,1262.0,0.00036,30.302
3706.0,7,1,0.617,10,2.845,128,97,1262.0,0.00036,30.302
3707.0,7,1,0.617,10,2.845,128,97,1262.0,0.00036,30.302
3708.0,7,1,0.617,10,2.845,128,97,1262.0,0.00036,30.302
3709.0,7,1,0.617,10,2.845,128,97,1262.0,0.00036,30.302
3710.0,7,1,0.617,10,2.845,128,97,1262.0,0.00036,30.302
3711.0,7,1,0.617,10,2.845,128,97,1262.0,0.00036,30.302
3712.0,7,1,0.617,10,2.845,128,97,1262.0,0.00036,30.302
3713.0,7,1,0.617,10,2.845,128,97,1262.0,0.00036,30.302
3714.0,7,1,0.617,10,2.845,128,97,1262.0,0.00036,30.302
3715.0,7,1,0.617,10,2.845,128,97,1262.0,0.00036,30.302
3716.0,7,1,0.617,10,2.845,128,97,1262.0,0.00036,30.302
3717.0,7,1,0.617,10,2.845,128,97,1262.0,0.00036,30.302
3718.0,3,0,0.838,10,2.845,129,97,1273.4,0.00036,30.897
3719.0,3,1,0.838,10,2.845,129,97,1273.4,0.00036,30.897
3720.0,3,1,0.838,10,2.845,129,97,1273.4,0.00036,30.897
3721.0,3,1,0.838,10,2.845,129,97,1273.4,0.00036,30.897
3722.0,3,1,0.838,10,2.845,129,97,1273.4,0.00036,30.897
3723.0,3,1,0.838,10,2.845,129,97,1273.4,0.00036,30.897
3724.0,3,1,0.838,10,2.845,129,97,1273.4,0.00036,30.897
3725.0,3,1,0.838,10,2.845,129,97,1273.4,0.00036,30.897
3726.0,3,1,0.838,10,2.845,129,97,1273.4,0.00036,30.897
3727.0,3,1,0.838,10,2.845,129,97,1273.4,0.00036,30.897
3728.0,3,1,0.838,10,2.845,129,97,1273.4,0.00036,30.897
3729.0,3,1,0.838,10,2.845,129,97,1273.4,0.00036,30.897
3730.0,3,1,0.838,10,2.845,129,97,1273.4,0.00036,30.897
3731.0,3,1,0.838,10,2.845,129,97,1273.4,0.00036,30.897
3732.0,3,1,0.838,10,2.845,129,97,1273.4,0.00036,30.897
3733.0,3,1,0.838,10,2.845,129,97,1273.4,0.00036,30.897
3734.0,3,1,0.838,10,2.845,129,97,1273.4,0.00036,30.897
3735.0,3,1,0.838,10,2.845,129,97,1273.4,0.00036,30.897
3736.0,1,0,0.651,10,2.845,130,97,1279.1,0.00036,30.578
3737.0,1,0,0.651,10,2.845,130,97,1279.1,0.00036,30.559
3738.0,1,0,0.651,10,2.857,130,98,1279.1,0.0,30.539
3739.0,1,0,0.651,10,2.857,130,98,1279.1,0.0,30.537
3740.0,1,0,0.651,10,2.857,130,98,1279.1,0.0,30.557
3741.0,1,1,0.651,10,2.857,130,98,1279.1,0.0,30.557
3742.0,1,1,0.651,10,2.857,130,98,1279.1,0.0,30.557
3743.0,1,1,0.651,10,2.857,130,98,1279.1,0.0,30.557
3744.0,1,1,0.651,10,2.857,130,98,1279.1,0.0,30.557
3745.0,1,1,0.651,10,2.857,130,98,1279.1,0.0,30.557
3746.0,1,1,0.651,10,2.857,130,98,1279.1,0.0,30.557
3747.0,1,1,0.651,10,2.857,130,98,1279.1,0.0,30.557
3748.0,1,1,0.651,10,2.857,130,98,1279.1,0.0,30.557
3749.0,1,1,0.651,10,2.857,130,98,1279.1,0.0,30.557
3750.0,1,1,0.651,10,2.857,130,98,1279.1,0.0,30.557
3751.0,1,1,0.651,10,2.857,130,98,1279.1,0.0,30.557
3752.0,1,1,0.651,10,2.857,130,98,1279.1,0.0,30.557
3753.0,1,1,0.651,10,2.857,130,98,1279.1,0.0,30.557
3754.0,1,1,0.651,10,2.857,130,98,1279.1,0.0,30.557
3755.0,1,1,0.651,10,2.857,130,98,1279.1,0.0,30.557
3756.0,1,1,0.651,10,2.857,130,98,1279.1,0.0,30.557
3757.0,1,1,0.651,10,2.857,130,98,1279.1,0.0,30.557
3758.0,1,1,0.651,10,2.857,130,98,1279.1,0.0,30.557
3759.0,1,1,0.651,10,2.857,130,98,1279.1,0.0,30.557
3760.0,1,1,0.651,10,2.857,130,98,1279.1,0.0,30.557
3761.0,1,1,0.651,10,2.857,130,98,1279.1,0.0,30.557
3762.0,1,1,0.651,10,2.857,130,98,1279.1,0.0,30.557
3763.0,1,1,0.651,10,2.857,130,98,1279.1,0.0,30.557
3764.0,1,1,0.651,10,2.857,130,98,1279.1,0.0,30.557
3765.0,1,1,0.651,10,2.857,130,98,1279.1,0.0,30.557
3766.0,1,1,0.651,10,2.857,130,98,1279.1,0.0,30.557
3767.0,1,1,0.651,10,2.857,130,98,1279.1,0.0,30.557
3768.0,1,1,0.651,10,2.857,130,98,1279.1,0.0,30.557
3769.0,1,1,0.651,10,2.857,130,98,1279.1,0.0,30.557
3770.0,1,1,0.651,10,2.857,130,98,1279.1,0.0,30.557
3771.0,1,1,0.651,10,2.857,130,98,1279.1,0.0,30.557
3772.0,1,1,0.651,10,2.857,130,98,1279.1,0.0,30.557
3773.0,1,1,0.651,10,2.857,130,98,1279.1,0.0,30.557
3774.0,1,1,0.651,10,2.857,130,98,1279.1,0.0,30.557
3775.0,1,1,0.651,10,2.857,130,98,1279.1,0.0,30.557
3776.0,1,1,0.651,10,2.857,130,98,1279.1,0.0,30.557
3777.0,1,1,0.651,10,2.857,130,98,1279.1,0.0,30.557
3778.0,1,1,0.651,10,2.857,130,98,1279.1,0.0,30.557
3779.0,1,1,0.651,10,2.857,130,98,1279.1,0.0,30.557
3780.0,1,1,0.651,10,2.857,130,98,1279.1,0.0,30.557
3781.0,1,1,0.651,10,2.857,130,98,1279.1,0.0,30.557
3782.0,1,1,0.651,10,2.857,130,98,1279.1,0.0,30.557
3783.0,1,1,0.651,10,2.857,130,98,1279.1,0.0,30.557
3784.0,8,0,0.945,10,2.857,131,98,1299.1,0.0,30.514
3785.0,8,1,0.945,10,2.857,131,98,1299.1,0.0,30.514
3786.0,8,1,0.945,10,2.857,131,98,1299.1,0.0,30.514
3787.0,8,1,0.945,10,2.857,131,98,1299.1,0.0,30.514
3788.0,8,1,0.945,10,2.857,131,98,1299.1,0.0,30.514
3789.0,8,1,0.945,10,2.857,131,98,1299.1,0.0,30.514
3790.0,8,1,0.945,10,2.857,131,98,1299.1,0.0,30.514
3791.0,8,1,0.945,10,2.857,131,98,1299.1,0.0,30.514
3792.0,8,1,0.945,10,2.857,131,98,1299.1,0.0,30.514
3793.0,8,1,0.945,10,2.857,131,98,1299.1,0.0,30.514
3794.0,8,1,0.945,10,2.857,131,98,1299.1,0.0,30.514
3795.0,8,1,0.945,10,2.857,131,98,1299.1,0.0,30.514
3796.0,8,1,0.945,10,2.857,131,98,1299.1,0.0,30.514
3797.0,8,1,0.945,10,2.857,131,98,1299.1,0.0,30.514
3798.0,8,1,0.945,10,2.857,131,98,1299.1,0.0,30.514
3799.0,8,1,0.945,10,2.857,131,98,1299.1,0.0,30.514
3800.0,8,1,0.945,10,2.857,131,98,1299.1,0.0,30.514
3801.0,8,1,0.945,10,2.857,131,98,1299.1,0.0,30.514
3802.0,8,1,0.945,10,2.857,131,98,1299.1,0.0,30.514
3803.0,8,1,0.945,10,2.857,131,98,1299.1,0.0,30.514
3804.0,8,1,0.945,10,2.857,131,98,1299.1,0.0,30.514
3805.0,8,1,0.945,10,2.857,131,98,1299.1,0.0,30.514
3806.0,8,1,0.945,10,2.857,131,98,1299.1,0.0,30.514
3807.0,8,1,0.945,10,2.857,131,98,1299.1,0.0,30.514
3808.0,8,1,0.945,10,2.857,131,98,1299.1,0.0,30.514
3809.0,8,1,0.945,10,2.857,131,98,1299.1,0.0,30.514
3810.0,1,0,0.683,10,2.857,132,98,1319.1,0.0,30.182
3811.0,1,0,0.683,10,2.857,132,98,1319.1,0.0,30.162
3812.0,1,0,0.683,10,2.861,132,99,1319.1,0.0,30.142
3813.0,1,0,0.683,10,2.861,132,99,1319.1,0.0,30.122
3814.0,1,0,0.683,10,2.861,132,99,1319.1,0.0,30.102
3815.0,1,0,0.683,10,2.861,132,99,1319.1,0.0,30.119
3816.0,1,1,0.683,10,2.861,132,99,1319.1,0.0,30.119
3817.0,1,1,0.683,10,2.861,132,99,1319.1,0.0,30.119
3818.0,1,1,0.683,10,2.861,132,99,1319.1,0.0,30.119
3819.0,1,1,0.683,10,2.861,132,99,1319.1,0.0,30.119
3820.0,1,1,0.683,10,2.861,132,99,1319.1,0.0,30.119
3821.0,1,1,0.683,10,2.861,132,99,1319.1,0.0,30.119
3822.0,1,1,0.683,10,2.861,132,99,1319.1,0.0,30.119
3823.0,1,1,0.683,10,2.861,132,99,1319.1,0.0,30.119
3824.0,1,1,0.683,10,2.861,132,99,1319.1,0.0,30.119
3825.0,1,1,0.683,10,2.861,132,99,1319.1,0.0,30.119
3826.0,1,1,0.683,10,2.861,132,99,1319.1,0.0,30.119
3827.0,1,1,0.683,10,2.861,132,99,1319.1,0.0,30.119
3828.0,1,1,0.683,10,2.861,132,99,1319.1,0.0,30.119
3829.0,1,1,0.683,10,2.861,132,99,1319.1,0.0,30.119
3830.0,1,1,0.683,10,2.861,132,99,1319.1,0.0,30.119
3831.0,1,1,0.683,10,2.861,132,99,1319.1,0.0,30.119
3832.0,1,1,0.683,10,2.861,132,99,1319.1,0.0,30.119
3833.0,1,1,0.683,10,2.861,132,99,1319.1,0.0,30.119
3834.0,1,1,0.683,10,2.861,132,99,1319.1,0.0,30.119
3835.0,1,1,0.683,10,2.861,132,99,1319.1,0.0,30.119
3836.0,1,1,0.683,10,2.861,132,99,1319.1,0.0,30.119
3837.0,1,1,0.683,10,2.861,132,99,1319.1,0.0,30.119
3838.0,6,0,0.836,10,2.861,133,99,1333.4,0.0,30.207
3839.0,6,0,0.836,10,2.861,133,99,1333.4,0.0,30.207
3840.0,6,0,0.836,10,2.863,133,100,1333.4,0.0,30.185
3841.0,6,0,0.836,10,2.863,133,100,1333.4,0.0,30.205
3842.0,6,1,0.836,10,2.863,133,100,1333.4,0.0,30.205
3843.0,6,1,0.836,10,2.863,133,100,1333.4,0.0,30.205
3844.0,6,1,0.836,10,2.863,133,100,1333.4,0.0,30.205
3845.0,6,1,0.836,10,2.863,133,100,1333.4,0.0,30.205
3846.0,6,1,0.836,10,2.863,133,100,1333.4,0.0,30.205
3847.0,6,1,0.836,10,2.863,133,100,1333.4,0.0,30.205
3848.0,6,1,0.836,10,2.863,133,100,1333.4,0.0,30.205
3849.0,6,1,0.836,10,2.863,133,100,1333.4,0.0,30.205
3850.0,6,1,0.836,10,2.863,133,100,1333.4,0.0,30.205
3851.0,6,1,0.836,10,2.863,133,100,1333.4,0.0,30.205
3852.0,6,1,0.836,10,2.863,133,100,1333.4,0.0,30.205
3853.0,6,1,0.836,10,2.863,133,100,1333.4,0.0,30.205
3854.0,6,1,0.836,10,2.863,133,100,1333.4,0.0,30.205
3855.0,6,1,0.836,10,2.863,133,100,1333.4,0.0,30.205
3856.0,6,1,0.836,10,2.863,133,100,1333.4,0.0,30.205
3857.0,4,0,0.882,10,2.863,134,100,1339.1,0.0,30.018
3858.0,4,0,0.882,10,2.863,134,100,1339.1,0.0,30.018
3859.0,4,0,0.882,10,2.859,134,101,1339.1,-0.00021,30.045
3860.0,4,0,0.882,10,2.859,134,101,1339.1,-0.00021,30.044
3861.0,4,1,0.882,10,2.859,134,101,1339.1,-0.00021,30.044
3862.0,4,1,0.882,10,2.859,134,101,1339.1,-0.00021,30.044
3863.0,4,1,0.882,10,2.859,134,101,1339.1,-0.00021,30.044
3864.0,4,1,0.882,10,2.859,134,101,1339.1,-0.00021,30.044
3865.0,4,1,0.882,10,2.859,134,101,1339.1,-0.00021,30.044
3866.0,4,1,0.882,10,2.859,134,101,1339.1,-0.00021,30.044
3867.0,4,1,0.882,10,2.859,134,101,1339.1,-0.00021,30.044
3868.0,4,1,0.882,10,2.859,134,101,1339.1,-0.00021,30.044
3869.0,4,1,0.882,10,2.859,134,101,1339.1,-0.00021,30.044
3870.0,4,1,0.882,10,2.859,134,101,1339.1,-0.00021,30.044
3871.0,4,1,0.882,10,2.859,134,101,1339.1,-0.00021,30.044
3872.0,4,1,0.882,10,2.859,134,101,1339.1,-0.00021,30.044
3873.0,4,1,0.882,10,2.859,134,101,1339.1,-0.00021,30.044
3874.0,4,1,0.882,10,2.859,134,101,1339.1,-0.00021,30.044
3875.0,2,0,0.797,10,2.859,135,101,1344.8,-0.00021,30.243
3876.0,2,0,0.797,10,2.859,135,101,1344.8,-0.00021,30.223
3877.0,2,0,0.797,10,2.852,135,102,1344.8,-0.00021,30.152
3878.0,2,1,0.797,10,2.852,135,102,1344.8,-0.00021,30.152
3879.0,2,1,0.797,10,2.852,135,102,1344.8,-0.00021,30.152
3880.0,2,1,0.797,10,2.852,135,102,1344.8,-0.00021,30.152
3881.0,2,1,0.797,10,2.852,135,102,1344.8,-0.00021,30.152
3882.0,2,1,0.797,10,2.852,135,102,1344.8,-0.00021,30.152
3883.0,2,1,0.797,10,2.852,135,102,1344.8,-0.00021,30.152
3884.0,2,1,0.797,10,2.852,135,102,1344.8,-0.00021,30.152
3885.0,2,1,0.797,10,2.852,135,102,1344.8,-0.00021,30.152
3886.0,2,1,0.797,10,2.852,135,102,1344.8,-0.00021,30.152
3887.0,2,1,0.797,10,2.852,135,102,1344.8,-0.00021,30.152
3888.0,2,1,0.797,10,2.852,135,102,1344.8,-0.00021,30.152
3889.0,2,1,0.797,10,2.852,135,102,1344.8,-0.00021,30.152
3890.0,2,1,0.797,10,2.852,135,102,1344.8,-0.00021,30.152
3891.0,2,1,0.797,10,2.852,135,102,1344.8,-0.00021,30.152
3892.0,1,0,0.483,10,2.852,136,102,1347.7,-0.00021,30.036
3893.0,1,0,0.483,10,2.852,136,102,1347.7,-0.00021,30.016
3894.0,1,0,0.483,10,2.888,136,103,1347.7,-0.00032,29.995
3895.0,1,0,0.483,10,2.888,136,103,1347.7,-0.00032,29.975
3896.0,1,0,0.483,10,2.888,136,103,1347.7,-0.00032,29.955
3897.0,1,1,0.483,10,2.888,136,103,1347.7,-0.00032,29.955
3898.0,1,1,0.483,10,2.888,136,103,1347.7,-0.00032,29.955
3899.0,1,1,0.483,10,2.888,136,103,1347.7,-0.00032,29.955
3900.0,1,1,0.483,10,2.888,136,103,1347.7,-0.00032,29.955
3901.0,1,1,0.483,10,2.888,136,103,1347.7,-0.00032,29.955
3902.0,1,1,0.483,10,2.888,136,103,1347.7,-0.00032,29.955
3903.0,1,1,0.483,10,2.888,136,103,1347.7,-0.00032,29.955
3904.0,1,1,0.483,10,2.888,136,103,1347.7,-0.00032,29.955
3905.0,1,1,0.483,10,2.888,136,103,1347.7,-0.00032,29.955
3906.0,1,1,0.483,10,2.888,136,103,1347.7,-0.00032,29.955
3907.0,1,1,0.483,10,2.888,136,103,1347.7,-0.00032,29.955
3908.0,1,1,0.483,10,2.888,136,103,1347.7,-0.00032,29.955
3909.0,1,1,0.483,10,2.888,136,103,1347.7,-0.00032,29.955
3910.0,1,1,0.483,10,2.888,136,103,1347.7,-0.00032,29.955
3911.0,1,1,0.483,10,2.888,136,103,1347.7,-0.00032,29.955
3912.0,1,1,0.483,10,2.888,136,103,1347.7,-0.00032,29.955
3913.0,1,1,0.483,10,2.888,136,103,1347.7,-0.00032,29.955
3914.0,1,1,0.483,10,2.888,136,103,1347.7,-0.00032,29.955
3915.0,1,1,0.483,10,2.888,136,103,1347.7,-0.00032,29.955
3916.0,1,1,0.483,10,2.888,136,103,1347.7,-0.00032,29.955
3917.0,1,1,0.483,10,2.888,136,103,1347.7,-0.00032,29.955
3918.0,1,1,0.483,10,2.888,136,103,1347.7,-0.00032,29.955
3919.0,1,1,0.483,10,2.888,136,103,1347.7,-0.00032,29.955
3920.0,1,1,0.483,10,2.888,136,103,1347.7,-0.00032,29.955
3921.0,1,1,0.483,10,2.888,136,103,1347.7,-0.00032,29.955
3922.0,1,1,0.483,10,2.888,136,103,1347.7,-0.00032,29.955
3923.0,1,1,0.483,10,2.888,136,103,1347.7,-0.00032,29.955
3924.0,1,1,0.483,10,2.888,136,103,1347.7,-0.00032,29.955
3925.0,1,1,0.483,10,2.888,136,103,1347.7,-0.00032,29.955
3926.0,1,1,0.483,10,2.888,136,103,1347.7,-0.00032,29.955
3927.0,1,1,0.483,10,2.888,136,103,1347.7,-0.00032,29.955
3928.0,1,1,0.483,10,2.888,136,103,1347.7,-0.00032,29.955
3929.0,1,1,0.483,10,2.888,136,103,1347.7,-0.00032,29.955
3930.0,1,1,0.483,10,2.888,136,103,1347.7,-0.00032,29.955
3931.0,1,1,0.483,10,2.888,136,103,1347.7,-0.00032,29.955
3932.0,1,1,0.483,10,2.888,136,103,1347.7,-0.00032,29.955
3933.0,1,1,0.483,10,2.888,136,103,1347.7,-0.00032,29.955
3934.0,1,1,0.483,10,2.888,136,103,1347.7,-0.00032,29.955
3935.0,1,1,0.483,10,2.888,136,103,1347.7,-0.00032,29.955
3936.0,1,1,0.483,10,2.888,136,103,1347.7,-0.00032,29.955
3937.0,1,1,0.483,10,2.888,136,103,1347.7,-0.00032,29.955
3938.0,1,1,0.483,10,2.888,136,103,1347.7,-0.00032,29.955
3939.0,1,1,0.483,10,2.888,136,103,1347.7,-0.00032,29.955
3940.0,1,1,0.483,10,2.888,136,103,1347.7,-0.00032,29.955
3941.0,7,0,0.812,10,2.888,137,103,1365.0,-0.00032,29.751
3942.0,7,0,0.812,10,2.888,137,103,1365.0,-0.00032,29.73
3943.0,7,0,0.812,10,2.891,137,104,1365.0,-0.0008,29.757
3944.0,7,0,0.812,10,2.891,137,104,1365.0,-0.0008,29.736
3945.0,7,1,0.812,10,2.891,137,104,1365.0,-0.0008,29.736
3946.0,7,1,0.812,10,2.891,137,104,1365.0,-0.0008,29.736
3947.0,7,0,1.0,10,2.891,137,104,1365.0,-0.0008,29.568
3948.0,7,0,1.0,10,2.891,137,104,1365.0,-0.0008,29.547
3949.0,7,0,1.0,10,2.891,137,104,1365.0,-0.0008,29.547
3950.0,7,0,1.0,10,2.891,137,104,1365.0,-0.0008,29.566
3951.0,7,0,1.0,10,2.891,137,104,1365.0,-0.0008,29.568
3952.0,7,1,1.0,10,2.891,137,104,1365.0,-0.0008,29.568
3953.0,7,1,1.0,10,2.891,137,104,1365.0,-0.0008,29.568
3954.0,7,1,1.0,10,2.891,137,104,1365.0,-0.0008,29.568
3955.0,7,1,1.0,10,2.891,137,104,1365.0,-0.0008,29.568
3956.0,7,1,1.0,10,2.891,137,104,1365.0,-0.0008,29.568
3957.0,7,1,1.0,10,2.891,137,104,1365.0,-0.0008,29.568
3958.0,7,1,1.0,10,2.891,137,104,1365.0,-0.0008,29.568
3959.0,7,1,1.0,10,2.891,137,104,1365.0,-0.0008,29.568
3960.0,7,1,1.0,10,2.891,137,104,1365.0,-0.0008,29.568
3961.0,7,1,1.0,10,2.891,137,104,1365.0,-0.0008,29.568
3962.0,7,1,1.0,10,2.891,137,104,1365.0,-0.0008,29.568
3963.0,7,1,1.0,10,2.891,137,104,1365.0,-0.0008,29.568
3964.0,7,1,1.0,10,2.891,137,104,1365.0,-0.0008,29.568
3965.0,6,0,0.989,10,2.891,138,104,1367.9,-0.0008,29.927
3966.0,6,0,0.989,10,2.891,138,104,1367.9,-0.0008,29.906
3967.0,6,0,0.989,10,2.89,138,105,1367.9,-0.00149,29.793
3968.0,6,0,0.989,10,2.89,138,105,1367.9,-0.00149,29.772
3969.0,6,0,0.989,10,2.89,138,105,1367.9,-0.00149,29.772
3970.0,6,0,0.989,10,2.89,138,105,1367.9,-0.00149,29.751
3971.0,6,1,0.989,10,2.89,138,105,1367.9,-0.00149,29.751
3972.0,6,1,0.989,10,2.89,138,105,1367.9,-0.00149,29.751
3973.0,6,1,0.989,10,2.89,138,105,1367.9,-0.00149,29.751
3974.0,6,1,0.989,10,2.89,138,105,1367.9,-0.00149,29.751
3975.0,6,1,0.989,10,2.89,138,105,1367.9,-0.00149,29.751
3976.0,6,1,0.989,10,2.89,138,105,1367.9,-0.00149,29.751
3977.0,6,1,0.989,10,2.89,138,105,1367.9,-0.00149,29.751
3978.0,6,1,0.989,10,2.89,138,105,1367.9,-0.00149,29.751
3979.0,6,1,0.989,10,2.89,138,105,1367.9,-0.00149,29.751
3980.0,6,1,0.989,10,2.89,138,105,1367.9,-0.00149,29.751
3981.0,6,1,0.989,10,2.89,138,105,1367.9,-0.00149,29.751
3982.0,6,1,0.989,10,2.89,138,105,1367.9,-0.00149,29.751
3983.0,6,1,0.989,10,2.89,138,105,1367.9,-0.00149,29.751
3984.0,6,1,0.989,10,2.89,138,105,1367.9,-0.00149,29.751
3985.0,5,0,0.982,10,2.89,139,105,1370.8,-0.00149,29.803
3986.0,5,0,0.982,10,2.89,139,105,1370.8,-0.00149,29.782
3987.0,5,0,0.982,10,2.889,139,106,1370.8,-0.00149,29.743
3988.0,5,1,0.982,10,2.889,139,106,1370.8,-0.00149,29.743
3989.0,5,1,0.982,10,2.889,139,106,1370.8,-0.00149,29.743
3990.0,5,1,0.982,10,2.889,139,106,1370.8,-0.00149,29.743
3991.0,5,1,0.982,10,2.889,139,106,1370.8,-0.00149,29.743
3992.0,5,1,0.982,10,2.889,139,106,1370.8,-0.00149,29.743
3993.0,5,1,0.982,10,2.889,139,106,1370.8,-0.00149,29.743
3994.0,5,1,0.982,10,2.889,139,106,1370.8,-0.00149,29.743
3995.0,5,1,0.982,10,2.889,139,106,1370.8,-0.00149,29.743
3996.0,5,1,0.982,10,2.889,139,106,1370.8,-0.00149,29.743
3997.0,5,1,0.982,10,2.889,139,106,1370.8,-0.00149,29.743
3998.0,5,1,0.982,10,2.889,139,106,1370.8,-0.00149,29.743
3999.0,5,1,0.982,10,2.889,139,106,1370.8,-0.00149,29.743
4000.0,5,1,0.982,10,2.889,139,106,1370.8,-0.00149,29.743
4001.0,5,1,0.982,10,2.889,139,106,1370.8,-0.00149,29.743
4002.0,5,1,0.982,10,2.889,139,106,1370.8,-0.00149,29.743
4003.0,5,1,0.982,10,2.889,139,106,1370.8,-0.00149,29.743
4004.0,5,1,0.982,10,2.889,139,106,1370.8,-0.00149,29.743
4005.0,5,1,0.982,10,2.889,139,106,1370.8,-0.00149,29.743
4006.0,5,1,0.982,10,2.889,139,106,1370.8,-0.00149,29.743
4007.0,1,0,0.821,10,2.889,140,106,1382.3,-0.00149,29.577
4008.0,1,0,0.821,10,2.889,140,106,1382.3,-0.00149,29.555
4009.0,1,0,0.821,10,2.892,140,107,1382.3,-0.00154,29.535
4010.0,1,0,0.821,10,2.892,140,107,1382.3,-0.00154,29.513
4011.0,1,0,0.821,10,2.892,140,107,1382.3,-0.00154,29.493
4012.0,1,0,0.821,10,2.892,140,107,1382.3,-0.00154,29.472
4013.0,1,0,0.821,10,2.892,140,107,1382.3,-0.00154,29.451
4014.0,1,0,0.821,10,2.892,140,107,1382.3,-0.00154,29.451
4015.0,1,0,0.821,10,2.892,140,107,1382.3,-0.00154,29.43
4016.0,1,1,0.821,10,2.892,140,107,1382.3,-0.00154,29.43
4017.0,1,1,0.821,10,2.892,140,107,1382.3,-0.00154,29.43
4018.0,1,1,0.821,10,2.892,140,107,1382.3,-0.00154,29.43
4019.0,1,1,0.821,10,2.892,140,107,1382.3,-0.00154,29.43
4020.0,1,1,0.821,10,2.892,140,107,1382.3,-0.00154,29.43
4021.0,1,1,0.821,10,2.892,140,107,1382.3,-0.00154,29.43
4022.0,1,1,0.821,10,2.892,140,107,1382.3,-0.00154,29.43
4023.0,1,1,0.821,10,2.892,140,107,1382.3,-0.00154,29.43
4024.0,1,1,0.821,10,2.892,140,107,1382.3,-0.00154,29.43
4025.0,1,1,0.821,10,2.892,140,107,1382.3,-0.00154,29.43
4026.0,1,1,0.821,10,2.892,140,107,1382.3,-0.00154,29.43
4027.0,1,1,0.821,10,2.892,140,107,1382.3,-0.00154,29.43
4028.0,1,1,0.821,10,2.892,140,107,1382.3,-0.00154,29.43
4029.0,1,1,0.821,10,2.892,140,107,1382.3,-0.00154,29.43
4030.0,1,1,0.821,10,2.892,140,107,1382.3,-0.00154,29.43
4031.0,1,1,0.821,10,2.892,140,107,1382.3,-0.00154,29.43
4032.0,1,1,0.821,10,2.892,140,107,1382.3,-0.00154,29.43
4033.0,1,1,0.821,10,2.892,140,107,1382.3,-0.00154,29.43
4034.0,1,1,0.821,10,2.892,140,107,1382.3,-0.00154,29.43
4035.0,1,1,0.821,10,2.892,140,107,1382.3,-0.00154,29.43
4036.0,5,0,0.89,10,2.892,141,107,1393.9,-0.00154,29.416
4037.0,5,1,0.89,10,2.892,141,107,1393.9,-0.00154,29.416
4038.0,5,1,0.89,10,2.892,141,107,1393.9,-0.00154,29.416
4039.0,5,1,0.89,10,2.892,141,107,1393.9,-0.00154,29.416
4040.0,5,1,0.89,10,2.892,141,107,1393.9,-0.00154,29.416
4041.0,5,1,0.89,10,2.892,141,107,1393.9,-0.00154,29.416
4042.0,5,1,0.89,10,2.892,141,107,1393.9,-0.00154,29.416
4043.0,5,1,0.89,10,2.892,141,107,1393.9,-0.00154,29.416
4044.0,5,1,0.89,10,2.892,141,107,1393.9,-0.00154,29.416
4045.0,5,1,0.89,10,2.892,141,107,1393.9,-0.00154,29.416
4046.0,5,1,0.89,10,2.892,141,107,1393.9,-0.00154,29.416
4047.0,5,1,0.89,10,2.892,141,107,1393.9,-0.00154,29.416
4048.0,5,1,0.89,10,2.892,141,107,1393.9,-0.00154,29.416
4049.0,5,1,0.89,10,2.892,141,107,1393.9,-0.00154,29.416
4050.0,5,1,0.89,10,2.892,141,107,1393.9,-0.00154,29.416
4051.0,5,1,0.89,10,2.892,141,107,1393.9,-0.00154,29.416
4052.0,5,1,0.89,10,2.892,141,107,1393.9,-0.00154,29.416
4053.0,5,1,0.89,10,2.892,141,107,1393.9,-0.00154,29.416
4054.0,7,0,0.993,10,2.892,142,107,1399.7,-0.00154,29.095
4055.0,7,0,0.993,10,2.892,142,107,1399.7,-0.00154,29.095
4056.0,7,0,0.993,10,2.892,142,108,1399.7,-0.00155,29.147
4057.0,7,0,0.993,10,2.892,142,108,1399.7,-0.00155,29.147
4058.0,7,1,0.993,10,2.892,142,108,1399.7,-0.00155,29.147
4059.0,7,1,0.993,10,2.892,142,108,1399.7,-0.00155,29.147
4060.0,7,1,0.993,10,2.892,142,108,1399.7,-0.00155,29.147
4061.0,7,1,0.993,10,2.892,142,108,1399.7,-0.00155,29.147
4062.0,7,1,0.993,10,2.892,142,108,1399.7,-0.00155,29.147
4063.0,7,1,0.993,10,2.892,142,108,1399.7,-0.00155,29.147
4064.0,7,1,0.993,10,2.892,142,108,1399.7,-0.00155,29.147
4065.0,7,1,0.993,10,2.892,142,108,1399.7,-0.00155,29.147
4066.0,7,1,0.993,10,2.892,142,108,1399.7,-0.00155,29.147
4067.0,7,1,0.993,10,2.892,142,108,1399.7,-0.00155,29.147
4068.0,7,1,0.993,10,2.892,142,108,1399.7,-0.00155,29.147
4069.0,7,1,0.993,10,2.892,142,108,1399.7,-0.00155,29.147
4070.0,7,1,0.993,10,2.892,142,108,1399.7,-0.00155,29.147
4071.0,7,1,0.993,10,2.892,142,108,1399.7,-0.00155,29.147
4072.0,7,1,0.993,10,2.892,142,108,1399.7,-0.00155,29.147
4073.0,7,1,0.993,10,2.892,142,108,1399.7,-0.00155,29.147
4074.0,7,1,0.993,10,2.892,142,108,1399.7,-0.00155,29.147
4075.0,9,0,0.75,10,2.892,143,108,1405.5,-0.00155,28.806
4076.0,9,0,0.75,10,2.892,143,108,1405.5,-0.00155,28.806
4077.0,9,0,0.75,10,2.883,143,109,1405.5,-0.00155,28.903
4078.0,9,0,0.75,10,2.883,143,109,1405.5,-0.00155,28.905
4079.0,9,0,0.75,10,2.883,143,109,1405.5,-0.00155,28.884
4080.0,9,0,0.75,10,2.883,143,109,1405.5,-0.00155,28.884
4081.0,9,0,0.75,10,2.883,143,109,1405.5,-0.00155,28.884
4082.0,9,0,0.75,10,2.883,143,109,1405.5,-0.00155,28.884
4083.0,9,0,0.75,10,2.883,143,109,1405.5,-0.00155,28.884
4084.0,9,0,0.75,10,2.883,143,109,1405.5,-0.00155,28.884
4085.0,9,1,0.75,10,2.883,143,109,1405.5,-0.00155,28.884
4086.0,9,1,0.75,10,2.883,143,109,1405.5,-0.00155,28.884
4087.0,9,0,1.0,10,2.883,143,109,1405.5,-0.00155,28.78
4088.0,9,0,1.0,10,2.883,143,109,1405.5,-0.00155,28.758
4089.0,9,0,1.0,10,2.883,143,109,1405.5,-0.00155,28.738
4090.0,9,0,1.0,10,2.883,143,109,1405.5,-0.00155,28.738
4091.0,9,0,1.0,10,2.883,143,109,1405.5,-0.00155,28.756
4092.0,9,0,1.0,10,2.883,143,109,1405.5,-0.00155,28.759
4093.0,9,0,1.0,10,2.883,143,109,1405.5,-0.00155,28.777
4094.0,9,0,1.0,10,2.883,143,109,1405.5,-0.00155,28.796
4095.0,9,0,1.0,10,2.883,143,109,1405.5,-0.00155,28.814
4096.0,9,0,1.0,10,2.883,143,109,1405.5,-0.00155,28.822
4097.0,9,0,1.0,10,2.883,143,109,1405.5,-0.00155,28.822
4098.0,9,0,1.0,10,2.883,143,109,1405.5,-0.00155,28.822
4099.0,9,0,1.0,10,2.883,143,109,1405.5,-0.00155,28.822
4100.0,9,0,1.0,10,2.883,143,109,1405.5,-0.00155,28.822
4101.0,9,0,1.0,10,2.883,143,109,1405.5,-0.00155,28.822
4102.0,9,0,1.0,10,2.883,143,109,1405.5,-0.00155,28.84
4103.0,9,0,1.0,10,2.883,143,109,1405.5,-0.00155,28.822
4104.0,9,0,1.0,10,2.883,143,109,1405.5,-0.00155,28.8
4105.0,9,0,1.0,10,2.883,143,109,1405.5,-0.00155,28.801
4106.0,9,0,1.0,10,2.883,143,109,1405.5,-0.00155,28.78
4107.0,9,0,1.0,10,2.883,143,109,1405.5,-0.00155,28.78
4108.0,9,0,1.0,10,2.883,143,109,1405.5,-0.00155,28.758
4109.0,9,0,1.0,10,2.883,143,109,1405.5,-0.00155,28.737
4110.0,9,0,1.0,10,2.883,143,109,1405.5,-0.00155,28.715
4111.0,9,0,1.0,10,2.883,143,109,1405.5,-0.00155,28.694
4112.0,9,0,1.0,10,2.883,143,109,1405.5,-0.00155,28.672
4113.0,9,0,1.0,10,2.883,143,109,1405.5,-0.00155,28.651
4114.0,9,0,1.0,10,2.883,143,109,1405.5,-0.00155,28.629
4115.0,9,0,1.0,10,2.883,143,109,1405.5,-0.00155,28.607
4116.0,9,0,1.0,10,2.883,143,109,1405.5,-0.00155,28.586
4117.0,9,0,1.0,10,2.883,143,109,1405.5,-0.00155,28.564
4118.0,9,0,1.0,10,2.883,143,109,1405.5,-0.00155,28.543
4119.0,9,0,1.0,10,2.883,143,109,1405.5,-0.00155,28.521
4120.0,9,0,1.0,10,2.883,143,109,1405.5,-0.00155,28.5
4121.0,9,0,1.0,10,2.883,143,109,1405.5,-0.00155,28.487
4122.0,9,0,1.0,10,2.883,143,109,1405.5,-0.00155,28.505
4123.0,9,0,1.0,10,2.883,143,109,1405.5,-0.00155,28.524
4124.0,9,0,1.0,10,2.883,143,109,1405.5,-0.00155,28.542
4125.0,9,1,1.0,10,2.883,143,109,1405.5,-0.00155,28.542
4126.0,9,1,1.0,10,2.883,143,109,1405.5,-0.00155,28.542
4127.0,9,1,1.0,10,2.883,143,109,1405.5,-0.00155,28.542
4128.0,9,1,1.0,10,2.883,143,109,1405.5,-0.00155,28.542
4129.0,9,1,1.0,10,2.883,143,109,1405.5,-0.00155,28.542
4130.0,9,1,1.0,10,2.883,143,109,1405.5,-0.00155,28.542
4131.0,9,0,1.0,10,2.883,143,109,1405.5,-0.00155,28.131
4132.0,9,0,1.0,10,2.883,143,109,1405.5,-0.00155,28.131
4133.0,9,1,1.0,10,2.883,143,109,1405.5,-0.00155,28.131
4134.0,9,1,1.0,10,2.883,143,109,1405.5,-0.00155,28.131
4135.0,9,1,1.0,10,2.883,143,109,1405.5,-0.00155,28.131
4136.0,9,1,1.0,10,2.883,143,109,1405.5,-0.00155,28.131
4137.0,9,1,1.0,10,2.883,143,109,1405.5,-0.00155,28.131
4138.0,9,1,1.0,10,2.883,143,109,1405.5,-0.00155,28.131
4139.0,9,1,1.0,10,2.883,143,109,1405.5,-0.00155,28.131
4140.0,9,1,1.0,10,2.883,143,109,1405.5,-0.00155,28.131
4141.0,9,1,1.0,10,2.883,143,109,1405.5,-0.00155,28.131
4142.0,9,1,1.0,10,2.883,143,109,1405.5,-0.00155,28.131
4143.0,9,1,1.0,10,2.883,143,109,1405.5,-0.00155,28.131
4144.0,9,1,1.0,10,2.883,143,109,1405.5,-0.00155,28.131
4145.0,9,1,1.0,10,2.883,143,109,1405.5,-0.00155,28.131
4146.0,9,1,1.0,10,2.883,143,109,1405.5,-0.00155,28.131
4147.0,9,1,1.0,10,2.883,143,109,1405.5,-0.00155,28.131
4148.0,9,1,1.0,10,2.883,143,109,1405.5,-0.00155,28.131
4149.0,9,1,1.0,10,2.883,143,109,1405.5,-0.00155,28.131
4150.0,7,0,0.58,10,2.883,144,109,1411.2,-0.00155,28.604
4151.0,7,0,0.58,10,2.883,144,109,1411.2,-0.00155,28.604
4152.0,7,0,0.58,10,2.867,144,110,1411.2,-0.00155,28.458
4153.0,7,0,0.58,10,2.867,144,110,1411.2,-0.00155,28.436
4154.0,7,0,0.58,10,2.867,144,110,1411.2,-0.00155,28.415
4155.0,7,1,0.58,10,2.867,144,110,1411.2,-0.00155,28.415
4156.0,7,1,0.58,10,2.867,144,110,1411.2,-0.00155,28.415
4157.0,7,1,0.58,10,2.867,144,110,1411.2,-0.00155,28.415
4158.0,7,1,0.58,10,2.867,144,110,1411.2,-0.00155,28.415
4159.0,7,1,0.58,10,2.867,144,110,1411.2,-0.00155,28.415
4160.0,7,1,0.58,10,2.867,144,110,1411.2,-0.00155,28.415
4161.0,7,1,0.58,10,2.867,144,110,1411.2,-0.00155,28.415
4162.0,7,1,0.58,10,2.867,144,110,1411.2,-0.00155,28.415
4163.0,7,1,0.58,10,2.867,144,110,1411.2,-0.00155,28.415
4164.0,7,1,0.58,10,2.867,144,110,1411.2,-0.00155,28.415
4165.0,7,1,0.58,10,2.867,144,110,1411.2,-0.00155,28.415
4166.0,7,1,0.58,10,2.867,144,110,1411.2,-0.00155,28.415
4167.0,7,1,0.58,10,2.867,144,110,1411.2,-0.00155,28.415
4168.0,7,1,0.58,10,2.867,144,110,1411.2,-0.00155,28.415
4169.0,7,1,0.58,10,2.867,144,110,1411.2,-0.00155,28.415
4170.0,7,1,0.58,10,2.867,144,110,1411.2,-0.00155,28.415
4171.0,7,1,0.58,10,2.867,144,110,1411.2,-0.00155,28.415
4172.0,5,0,0.953,10,2.867,145,110,1417.0,-0.00155,28.706
4173.0,5,0,0.953,10,2.867,145,110,1417.0,-0.00155,28.706
4174.0,5,1,0.953,10,2.867,145,110,1417.0,-0.00155,28.706
4175.0,5,1,0.953,10,2.867,145,110,1417.0,-0.00155,28.706
4176.0,5,1,0.953,10,2.867,145,110,1417.0,-0.00155,28.706
4177.0,5,1,0.953,10,2.867,145,110,1417.0,-0.00155,28.706
4178.0,5,1,0.953,10,2.867,145,110,1417.0,-0.00155,28.706
4179.0,5,1,0.953,10,2.867,145,110,1417.0,-0.00155,28.706
4180.0,5,1,0.953,10,2.867,145,110,1417.0,-0.00155,28.706
4181.0,5,1,0.953,10,2.867,145,110,1417.0,-0.00155,28.706
4182.0,5,1,0.953,10,2.867,145,110,1417.0,-0.00155,28.706
4183.0,5,1,0.953,10,2.867,145,110,1417.0,-0.00155,28.706
4184.0,5,1,0.953,10,2.867,145,110,1417.0,-0.00155,28.706
4185.0,5,1,0.953,10,2.867,145,110,1417.0,-0.00155,28.706
4186.0,5,1,0.953,10,2.867,145,110,1417.0,-0.00155,28.706
4187.0,5,1,0.953,10,2.867,145,110,1417.0,-0.00155,28.706
4188.0,5,1,0.953,10,2.867,145,110,1417.0,-0.00155,28.706
4189.0,5,1,0.953,10,2.867,145,110,1417.0,-0.00155,28.706
4190.0,3,0,0.85,10,2.867,146,110,1422.7,-0.00155,28.352
4191.0,3,0,0.85,10,2.867,146,110,1422.7,-0.00155,28.352
4192.0,3,0,0.85,10,2.873,146,111,1422.7,-0.00155,28.434
4193.0,3,0,0.85,10,2.873,146,111,1422.7,-0.00155,28.434
4194.0,3,1,0.85,10,2.873,146,111,1422.7,-0.00155,28.434
4195.0,3,1,0.85,10,2.873,146,111,1422.7,-0.00155,28.434
4196.0,3,1,0.85,10,2.873,146,111,1422.7,-0.00155,28.434
4197.0,3,1,0.85,10,2.873,146,111,1422.7,-0.00155,28.434
4198.0,3,1,0.85,10,2.873,146,111,1422.7,-0.00155,28.434
4199.0,3,1,0.85,10,2.873,146,111,1422.7,-0.00155,28.434
4200.0,3,1,0.85,10,2.873,146,111,1422.7,-0.00155,28.434
4201.0,3,1,0.85,10,2.873,146,111,1422.7,-0.00155,28.434
4202.0,3,1,0.85,10,2.873,146,111,1422.7,-0.00155,28.434
4203.0,3,1,0.85,10,2.873,146,111,1422.7,-0.00155,28.434
4204.0,3,1,0.85,10,2.873,146,111,1422.7,-0.00155,28.434
4205.0,3,1,0.85,10,2.873,146,111,1422.7,-0.00155,28.434
4206.0,3,1,0.85,10,2.873,146,111,1422.7,-0.00155,28.434
4207.0,3,1,0.85,10,2.873,146,111,1422.7,-0.00155,28.434
4208.0,3,1,0.85,10,2.873,146,111,1422.7,-0.00155,28.434
4209.0,3,1,0.85,10,2.873,146,111,1422.7,-0.00155,28.434
4210.0,1,0,0.802,10,2.873,147,111,1428.4,-0.00155,28.387
4211.0,1,0,0.802,10,2.873,147,111,1428.4,-0.00155,28.387
4212.0,1,0,0.802,10,2.88,147,112,1428.4,-0.00324,28.387
4213.0,1,0,0.802,10,2.88,147,112,1428.4,-0.00324,28.387
4214.0,1,0,0.802,10,2.88,147,112,1428.4,-0.00324,28.387
4215.0,1,0,0.802,10,2.88,147,112,1428.4,-0.00324,28.366
4216.0,1,0,0.802,10,2.88,147,112,1428.4,-0.00324,28.345
4217.0,1,1,0.802,10,2.88,147,112,1428.4,-0.00324,28.345
4218.0,1,1,0.802,10,2.88,147,112,1428.4,-0.00324,28.345
4219.0,1,1,0.802,10,2.88,147,112,1428.4,-0.00324,28.345
4220.0,1,1,0.802,10,2.88,147,112,1428.4,-0.00324,28.345
4221.0,1,1,0.802,10,2.88,147,112,1428.4,-0.00324,28.345
4222.0,1,1,0.802,10,2.88,147,112,1428.4,-0.00324,28.345
4223.0,1,1,0.802,10,2.88,147,112,1428.4,-0.00324,28.345
4224.0,1,1,0.802,10,2.88,147,112,1428.4,-0.00324,28.345
4225.0,1,1,0.802,10,2.88,147,112,1428.4,-0.00324,28.345
4226.0,1,1,0.802,10,2.88,147,112,1428.4,-0.00324,28.345
4227.0,1,1,0.802,10,2.88,147,112,1428.4,-0.00324,28.345
4228.0,1,1,0.802,10,2.88,147,112,1428.4,-0.00324,28.345
4229.0,1,1,0.802,10,2.88,147,112,1428.4,-0.00324,28.345
4230.0,1,1,0.802,10,2.88,147,112,1428.4,-0.00324,28.345
4231.0,1,1,0.802,10,2.88,147,112,1428.4,-0.00324,28.345
4232.0,1,1,0.802,10,2.88,147,112,1428.4,-0.00324,28.345
4233.0,1,1,0.802,10,2.88,147,112,1428.4,-0.00324,28.345
4234.0,1,1,0.802,10,2.88,147,112,1428.4,-0.00324,28.345
4235.0,1,1,0.802,10,2.88,147,112,1428.4,-0.00324,28.345
4236.0,1,1,0.802,10,2.88,147,112,1428.4,-0.00324,28.345
4237.0,1,1,0.802,10,2.88,147,112,1428.4,-0.00324,28.345
4238.0,1,1,0.802,10,2.88,147,112,1428.4,-0.00324,28.345
4239.0,1,1,0.802,10,2.88,147,112,1428.4,-0.00324,28.345
4240.0,7,0,0.917,10,2.88,148,112,1445.7,-0.00324,27.596
4241.0,7,1,0.917,10,2.88,148,112,1445.7,-0.00324,27.596
4242.0,7,1,0.917,10,2.88,148,112,1445.7,-0.00324,27.596
4243.0,7,1,0.917,10,2.88,148,112,1445.7,-0.00324,27.596
4244.0,7,1,0.917,10,2.88,148,112,1445.7,-0.00324,27.596
4245.0,7,1,0.917,10,2.88,148,112,1445.7,-0.00324,27.596
4246.0,7,1,0.917,10,2.88,148,112,1445.7,-0.00324,27.596
4247.0,7,1,0.917,10,2.88,148,112,1445.7,-0.00324,27.596
4248.0,7,1,0.917,10,2.88,148,112,1445.7,-0.00324,27.596
4249.0,7,1,0.917,10,2.88,148,112,1445.7,-0.00324,27.596
4250.0,7,1,0.917,10,2.88,148,112,1445.7,-0.00324,27.596
4251.0,7,1,0.917,10,2.88,148,112,1445.7,-0.00324,27.596
4252.0,7,1,0.917,10,2.88,148,112,1445.7,-0.00324,27.596
4253.0,7,1,0.917,10,2.88,148,112,1445.7,-0.00324,27.596
4254.0,7,1,0.917,10,2.88,148,112,1445.7,-0.00324,27.596
4255.0,7,1,0.917,10,2.88,148,112,1445.7,-0.00324,27.596
4256.0,7,1,0.917,10,2.88,148,112,1445.7,-0.00324,27.596
4257.0,7,1,0.917,10,2.88,148,112,1445.7,-0.00324,27.596
4258.0,7,1,0.917,10,2.88,148,112,1445.7,-0.00324,27.596
4259.0,7,1,0.917,10,2.88,148,112,1445.7,-0.00324,27.596
4260.0,7,1,0.917,10,2.88,148,112,1445.7,-0.00324,27.596
4261.0,7,1,0.917,10,2.88,148,112,1445.7,-0.00324,27.596
4262.0,7,1,0.917,10,2.88,148,112,1445.7,-0.00324,27.596
4263.0,7,1,0.917,10,2.88,148,112,1445.7,-0.00324,27.596
4264.0,7,1,0.917,10,2.88,148,112,1445.7,-0.00324,27.596
4265.0,7,1,0.917,10,2.88,148,112,1445.7,-0.00324,27.596
4266.0,7,1,0.917,10,2.88,148,112,1445.7,-0.00324,27.596
4267.0,7,1,0.917,10,2.88,148,112,1445.7,-0.00324,27.596
4268.0,7,1,0.917,10,2.88,148,112,1445.7,-0.00324,27.596
4269.0,7,1,0.917,10,2.88,148,112,1445.7,-0.00324,27.596
4270.0,9,0,0.972,10,2.88,149,112,1451.5,-0.00324,27.687
4271.0,9,0,0.972,10,2.88,149,112,1451.5,-0.00324,27.703
4272.0,9,0,0.972,10,2.879,149,113,1451.5,-0.00585,27.661
4273.0,9,0,0.972,10,2.879,149,113,1451.5,-0.00585,27.661
4274.0,9,0,0.972,10,2.879,149,113,1451.5,-0.00585,27.675
4275.0,9,0,0.972,10,2.879,149,113,1451.5,-0.00585,27.69
4276.0,9,0,0.972,10,2.879,149,113,1451.5,-0.00585,27.682
4277.0,9,1,0.972,10,2.879,149,113,1451.5,-0.00585,27.682
4278.0,9,1,0.972,10,2.879,149,113,1451.5,-0.00585,27.682
4279.0,9,1,0.972,10,2.879,149,113,1451.5,-0.00585,27.682
4280.0,9,1,0.972,10,2.879,149,113,1451.5,-0.00585,27.682
4281.0,9,1,0.972,10,2.879,149,113,1451.5,-0.00585,27.682
4282.0,9,1,0.972,10,2.879,149,113,1451.5,-0.00585,27.682
4283.0,9,1,0.972,10,2.879,149,113,1451.5,-0.00585,27.682
4284.0,9,1,0.972,10,2.879,149,113,1451.5,-0.00585,27.682
4285.0,9,1,0.972,10,2.879,149,113,1451.5,-0.00585,27.682
4286.0,9,1,0.972,10,2.879,149,113,1451.5,-0.00585,27.682
4287.0,9,1,0.972,10,2.879,149,113,1451.5,-0.00585,27.682
4288.0,9,1,0.972,10,2.879,149,113,1451.5,-0.00585,27.682
4289.0,9,1,0.972,10,2.879,149,113,1451.5,-0.00585,27.682
4290.0,9,1,0.972,10,2.879,149,113,1451.5,-0.00585,27.682
4291.0,9,1,0.972,10,2.879,149,113,1451.5,-0.00585,27.682
4292.0,9,1,0.972,10,2.879,149,113,1451.5,-0.00585,27.682
4293.0,9,1,0.972,10,2.879,149,113,1451.5,-0.00585,27.682
4294.0,9,1,0.972,10,2.879,149,113,1451.5,-0.00585,27.682
4295.0,9,1,0.972,10,2.879,149,113,1451.5,-0.00585,27.682
4296.0,9,1,0.972,10,2.879,149,113,1451.5,-0.00585,27.682
4297.0,9,1,0.972,10,2.879,149,113,1451.5,-0.00585,27.682
4298.0,4,0,0.542,10,2.879,150,113,1465.9,-0.00585,28.116
4299.0,4,0,0.542,10,2.879,150,113,1465.9,-0.00585,28.116
4300.0,4,0,0.542,10,2.872,150,114,1465.9,-0.00585,27.956
4301.0,4,1,0.542,10,2.872,150,114,1465.9,-0.00585,27.956
4302.0,4,1,0.542,10,2.872,150,114,1465.9,-0.00585,27.956
4303.0,4,1,0.542,10,2.872,150,114,1465.9,-0.00585,27.956
4304.0,4,1,0.542,10,2.872,150,114,1465.9,-0.00585,27.956
4305.0,4,1,0.542,10,2.872,150,114,1465.9,-0.00585,27.956
4306.0,4,1,0.542,10,2.872,150,114,1465.9,-0.00585,27.956
4307.0,4,1,0.542,10,2.872,150,114,1465.9,-0.00585,27.956
4308.0,4,1,0.542,10,2.872,150,114,1465.9,-0.00585,27.956
4309.0,4,1,0.542,10,2.872,150,114,1465.9,-0.00585,27.956
4310.0,4,1,0.542,10,2.872,150,114,1465.9,-0.00585,27.956
4311.0,4,1,0.542,10,2.872,150,114,1465.9,-0.00585,27.956
4312.0,4,1,0.542,10,2.872,150,114,1465.9,-0.00585,27.956
4313.0,4,1,0.542,10,2.872,150,114,1465.9,-0.00585,27.956
4314.0,4,1,0.542,10,2.872,150,114,1465.9,-0.00585,27.956
4315.0,4,1,0.542,10,2.872,150,114,1465.9,-0.00585,27.956
4316.0,4,1,0.542,10,2.872,150,114,1465.9,-0.00585,27.956
4317.0,4,1,0.542,10,2.872,150,114,1465.9,-0.00585,27.956
4318.0,4,1,0.542,10,2.872,150,114,1465.9,-0.00585,27.956
4319.0,4,1,0.542,10,2.872,150,114,1465.9,-0.00585,27.956
4320.0,4,1,0.542,10,2.872,150,114,1465.9,-0.00585,27.956
4321.0,4,1,0.542,10,2.872,150,114,1465.9,-0.00585,27.956
4322.0,4,1,0.542,10,2.872,150,114,1465.9,-0.00585,27.956
4323.0,4,1,0.542,10,2.872,150,114,1465.9,-0.00585,27.956
4324.0,4,1,0.542,10,2.872,150,114,1465.9,-0.00585,27.956
4325.0,4,1,0.542,10,2.872,150,114,1465.9,-0.00585,27.956
4326.0,4,1,0.542,10,2.872,150,114,1465.9,-0.00585,27.956
4327.0,4,1,0.542,10,2.872,150,114,1465.9,-0.00585,27.956
4328.0,4,1,0.542,10,2.872,150,114,1465.9,-0.00585,27.956
4329.0,4,1,0.542,10,2.872,150,114,1465.9,-0.00585,27.956
4330.0,4,1,0.542,10,2.872,150,114,1465.9,-0.00585,27.956
4331.0,4,1,0.542,10,2.872,150,114,1465.9,-0.00585,27.956
4332.0,4,1,0.542,10,2.872,150,114,1465.9,-0.00585,27.956
4333.0,4,1,0.542,10,2.872,150,114,1465.9,-0.00585,27.956
4334.0,4,1,0.542,10,2.872,150,114,1465.9,-0.00585,27.956
4335.0,4,1,0.542,10,2.872,150,114,1465.9,-0.00585,27.956
4336.0,4,1,0.542,10,2.872,150,114,1465.9,-0.00585,27.956
4337.0,4,1,0.542,10,2.872,150,114,1465.9,-0.00585,27.956
4338.0,4,1,0.542,10,2.872,150,114,1465.9,-0.00585,27.956
4339.0,4,1,0.542,10,2.872,150,114,1465.9,-0.00585,27.956
4340.0,4,1,0.542,10,2.872,150,114,1465.9,-0.00585,27.956
4341.0,4,1,0.542,10,2.872,150,114,1465.9,-0.00585,27.956
4342.0,4,1,0.542,10,2.872,150,114,1465.9,-0.00585,27.956
4343.0,4,1,0.542,10,2.872,150,114,1465.9,-0.00585,27.956
4344.0,4,1,0.542,10,2.872,150,114,1465.9,-0.00585,27.956
4345.0,4,1,0.542,10,2.872,150,114,1465.9,-0.00585,27.956
4346.0,4,1,0.542,10,2.872,150,114,1465.9,-0.00585,27.956
4347.0,4,1,0.542,10,2.872,150,114,1465.9,-0.00585,27.956
4348.0,4,1,0.542,10,2.872,150,114,1465.9,-0.00585,27.956
4349.0,4,1,0.542,10,2.872,150,114,1465.9,-0.00585,27.956
4350.0,4,1,0.542,10,2.872,150,114,1465.9,-0.00585,27.956
4351.0,4,1,0.542,10,2.872,150,114,1465.9,-0.00585,27.956
4352.0,4,1,0.542,10,2.872,150,114,1465.9,-0.00585,27.956
4353.0,4,1,0.542,10,2.872,150,114,1465.9,-0.00585,27.956
4354.0,4,1,0.542,10,2.872,150,114,1465.9,-0.00585,27.956
4355.0,4,1,0.542,10,2.872,150,114,1465.9,-0.00585,27.956
4356.0,4,1,0.542,10,2.872,150,114,1465.9,-0.00585,27.956
4357.0,4,1,0.542,10,2.872,150,114,1465.9,-0.00585,27.956
4358.0,4,1,0.542,10,2.872,150,114,1465.9,-0.00585,27.956
4359.0,4,1,0.542,10,2.872,150,114,1465.9,-0.00585,27.956
4360.0,4,1,0.542,10,2.872,150,114,1465.9,-0.00585,27.956
4361.0,4,1,0.542,10,2.872,150,114,1465.9,-0.00585,27.956
4362.0,9,0,0.665,10,2.872,151,114,1480.2,-0.00585,27.327
4363.0,9,1,0.665,10,2.872,151,114,1480.2,-0.00585,27.327
4364.0,9,0,1.0,10,2.872,151,114,1480.2,-0.00585,27.347
4365.0,9,0,1.0,10,2.872,151,114,1480.2,-0.00585,27.362
4366.0,9,0,1.0,10,2.872,151,114,1480.2,-0.00585,27.376
4367.0,9,1,1.0,10,2.872,151,114,1480.2,-0.00585,27.376
4368.0,9,1,1.0,10,2.872,151,114,1480.2,-0.00585,27.376
4369.0,9,1,1.0,10,2.872,151,114,1480.2,-0.00585,27.376
4370.0,9,1,1.0,10,2.872,151,114,1480.2,-0.00585,27.376
4371.0,9,1,1.0,10,2.872,151,114,1480.2,-0.00585,27.376
4372.0,9,1,1.0,10,2.872,151,114,1480.2,-0.00585,27.376
4373.0,9,1,1.0,10,2.872,151,114,1480.2,-0.00585,27.376
4374.0,9,1,1.0,10,2.872,151,114,1480.2,-0.00585,27.376
4375.0,9,1,1.0,10,2.872,151,114,1480.2,-0.00585,27.376
4376.0,9,1,1.0,10,2.872,151,114,1480.2,-0.00585,27.376
4377.0,9,1,1.0,10,2.872,151,114,1480.2,-0.00585,27.376
4378.0,9,1,1.0,10,2.872,151,114,1480.2,-0.00585,27.376
4379.0,9,1,1.0,10,2.872,151,114,1480.2,-0.00585,27.376
4380.0,9,1,1.0,10,2.872,151,114,1480.2,-0.00585,27.376
4381.0,9,1,1.0,10,2.872,151,114,1480.2,-0.00585,27.376
4382.0,9,1,1.0,10,2.872,151,114,1480.2,-0.00585,27.376
4383.0,6,0,0.443,10,2.872,152,114,1488.8,-0.00585,28.248
4384.0,6,0,0.443,10,2.872,152,114,1488.8,-0.00585,28.222
4385.0,6,0,0.443,10,2.859,152,115,1488.8,-0.00585,27.955
4386.0,6,0,0.443,10,2.859,152,115,1488.8,-0.00585,27.929
4387.0,6,1,0.443,10,2.859,152,115,1488.8,-0.00585,27.929
4388.0,6,1,0.443,10,2.859,152,115,1488.8,-0.00585,27.929
4389.0,6,1,0.443,10,2.859,152,115,1488.8,-0.00585,27.929
4390.0,6,1,0.443,10,2.859,152,115,1488.8,-0.00585,27.929
4391.0,6,1,0.443,10,2.859,152,115,1488.8,-0.00585,27.929
4392.0,6,1,0.443,10,2.859,152,115,1488.8,-0.00585,27.929
4393.0,6,1,0.443,10,2.859,152,115,1488.8,-0.00585,27.929
4394.0,6,1,0.443,10,2.859,152,115,1488.8,-0.00585,27.929
4395.0,6,1,0.443,10,2.859,152,115,1488.8,-0.00585,27.929
4396.0,6,1,0.443,10,2.859,152,115,1488.8,-0.00585,27.929
4397.0,6,1,0.443,10,2.859,152,115,1488.8,-0.00585,27.929
4398.0,6,1,0.443,10,2.859,152,115,1488.8,-0.00585,27.929
4399.0,6,1,0.443,10,2.859,152,115,1488.8,-0.00585,27.929
4400.0,6,1,0.443,10,2.859,152,115,1488.8,-0.00585,27.929
4401.0,6,1,0.443,10,2.859,152,115,1488.8,-0.00585,27.929
4402.0,6,1,0.443,10,2.859,152,115,1488.8,-0.00585,27.929
4403.0,6,1,0.443,10,2.859,152,115,1488.8,-0.00585,27.929
4404.0,6,1,0.443,10,2.859,152,115,1488.8,-0.00585,27.929
4405.0,6,1,0.443,10,2.859,152,115,1488.8,-0.00585,27.929
4406.0,6,1,0.443,10,2.859,152,115,1488.8,-0.00585,27.929
4407.0,3,0,0.794,10,2.859,153,115,1497.4,-0.00585,27.802
4408.0,3,0,0.794,10,2.859,153,115,1497.4,-0.00585,27.802
4409.0,3,0,0.794,10,2.864,153,116,1497.4,-0.00585,27.805
4410.0,3,0,0.794,10,2.864,153,116,1497.4,-0.00585,27.819
4411.0,3,1,0.794,10,2.864,153,116,1497.4,-0.00585,27.819
4412.0,3,1,0.794,10,2.864,153,116,1497.4,-0.00585,27.819
4413.0,3,1,0.794,10,2.864,153,116,1497.4,-0.00585,27.819
4414.0,3,1,0.794,10,2.864,153,116,1497.4,-0.00585,27.819
4415.0,3,1,0.794,10,2.864,153,116,1497.4,-0.00585,27.819
4416.0,3,1,0.794,10,2.864,153,116,1497.4,-0.00585,27.819
4417.0,3,1,0.794,10,2.864,153,116,1497.4,-0.00585,27.819
4418.0,3,1,0.794,10,2.864,153,116,1497.4,-0.00585,27.819
4419.0,3,1,0.794,10,2.864,153,116,1497.4,-0.00585,27.819
4420.0,3,1,0.794,10,2.864,153,116,1497.4,-0.00585,27.819
4421.0,3,1,0.794,10,2.864,153,116,1497.4,-0.00585,27.819
4422.0,2,0,0.7,10,2.864,154,116,1500.3,-0.00585,27.785
4423.0,2,0,0.7,10,2.864,154,116,1500.3,-0.00585,27.765
4424.0,2,1,0.7,10,2.864,154,116,1500.3,-0.00585,27.765
4425.0,2,1,0.7,10,2.864,154,116,1500.3,-0.00585,27.765
4426.0,2,1,0.7,10,2.864,154,116,1500.3,-0.00585,27.765
4427.0,2,1,0.7,10,2.864,154,116,1500.3,-0.00585,27.765
4428.0,2,1,0.7,10,2.864,154,116,1500.3,-0.00585,27.765
4429.0,2,1,0.7,10,2.864,154,116,1500.3,-0.00585,27.765
4430.0,2,1,0.7,10,2.864,154,116,1500.3,-0.00585,27.765
4431.0,2,1,0.7,10,2.864,154,116,1500.3,-0.00585,27.765
4432.0,2,1,0.7,10,2.864,154,116,1500.3,-0.00585,27.765
4433.0,2,1,0.7,10,2.864,154,116,1500.3,-0.00585,27.765
4434.0,2,1,0.7,10,2.864,154,116,1500.3,-0.00585,27.765
4435.0,2,1,0.7,10,2.864,154,116,1500.3,-0.00585,27.765
4436.0,2,1,0.7,10,2.864,154,116,1500.3,-0.00585,27.765
4437.0,2,1,0.7,10,2.864,154,116,1500.3,-0.00585,27.765
4438.0,2,1,0.7,10,2.864,154,116,1500.3,-0.00585,27.765
4439.0,2,1,0.7,10,2.864,154,116,1500.3,-0.00585,27.765
4440.0,2,1,0.7,10,2.864,154,116,1500.3,-0.00585,27.765
4441.0,2,1,0.7,10,2.864,154,116,1500.3,-0.00585,27.765
4442.0,2,1,0.7,10,2.864,154,116,1500.3,-0.00585,27.765
4443.0,1,0,0.658,10,2.864,155,116,1503.1,-0.00585,27.844
4444.0,1,0,0.658,10,2.864,155,116,1503.1,-0.00585,27.823
4445.0,1,1,0.658,10,2.864,155,116,1503.1,-0.00585,27.823
4446.0,1,1,0.658,10,2.864,155,116,1503.1,-0.00585,27.823
4447.0,1,0,1.0,10,2.864,155,116,1503.1,-0.00585,27.677
4448.0,1,0,1.0,10,2.864,155,116,1503.1,-0.00585,27.677
4449.0,1,1,1.0,10,2.864,155,116,1503.1,-0.00585,27.677
4450.0,1,1,1.0,10,2.864,155,116,1503.1,-0.00585,27.677
4451.0,1,1,1.0,10,2.864,155,116,1503.1,-0.00585,27.677
4452.0,1,1,1.0,10,2.864,155,116,1503.1,-0.00585,27.677
4453.0,1,1,1.0,10,2.864,155,116,1503.1,-0.00585,27.677
4454.0,1,1,1.0,10,2.864,155,116,1503.1,-0.00585,27.677
4455.0,1,1,1.0,10,2.864,155,116,1503.1,-0.00585,27.677
4456.0,1,1,1.0,10,2.864,155,116,1503.1,-0.00585,27.677
4457.0,1,1,1.0,10,2.864,155,116,1503.1,-0.00585,27.677
4458.0,1,1,1.0,10,2.864,155,116,1503.1,-0.00585,27.677
4459.0,1,1,1.0,10,2.864,155,116,1503.1,-0.00585,27.677
4460.0,1,1,1.0,10,2.864,155,116,1503.1,-0.00585,27.677
4461.0,1,1,1.0,10,2.864,155,116,1503.1,-0.00585,27.677
4462.0,1,1,1.0,10,2.864,155,116,1503.1,-0.00585,27.677
4463.0,1,1,1.0,10,2.864,155,116,1503.1,-0.00585,27.677
4464.0,1,1,1.0,10,2.864,155,116,1503.1,-0.00585,27.677
4465.0,1,1,1.0,10,2.864,155,116,1503.1,-0.00585,27.677
4466.0,1,1,1.0,10,2.864,155,116,1503.1,-0.00585,27.677
4467.0,4,0,0.759,10,2.864,156,116,1511.7,-0.00585,27.246
4468.0,4,1,0.759,10,2.864,156,116,1511.7,-0.00585,27.246
4469.0,4,1,0.759,10,2.864,156,116,1511.7,-0.00585,27.246
4470.0,4,1,0.759,10,2.864,156,116,1511.7,-0.00585,27.246
4471.0,4,1,0.759,10,2.864,156,116,1511.7,-0.00585,27.246
4472.0,4,1,0.759,10,2.864,156,116,1511.7,-0.00585,27.246
4473.0,4,1,0.759,10,2.864,156,116,1511.7,-0.00585,27.246
4474.0,4,1,0.759,10,2.864,156,116,1511.7,-0.00585,27.246
4475.0,4,1,0.759,10,2.864,156,116,1511.7,-0.00585,27.246
4476.0,4,1,0.759,10,2.864,156,116,1511.7,-0.00585,27.246
4477.0,4,1,0.759,10,2.864,156,116,1511.7,-0.00585,27.246
4478.0,4,1,0.759,10,2.864,156,116,1511.7,-0.00585,27.246
4479.0,4,1,0.759,10,2.864,156,116,1511.7,-0.00585,27.246
4480.0,4,1,0.759,10,2.864,156,116,1511.7,-0.00585,27.246
4481.0,4,1,0.759,10,2.864,156,116,1511.7,-0.00585,27.246
4482.0,4,1,0.759,10,2.864,156,116,1511.7,-0.00585,27.246
4483.0,4,1,0.759,10,2.864,156,116,1511.7,-0.00585,27.246
4484.0,4,1,0.759,10,2.864,156,116,1511.7,-0.00585,27.246
4485.0,4,1,0.759,10,2.864,156,116,1511.7,-0.00585,27.246
4486.0,7,0,0.871,10,2.864,157,116,1520.3,-0.00585,27.345
4487.0,7,0,0.871,10,2.864,157,116,1520.3,-0.00585,27.359
4488.0,7,1,0.871,10,2.864,157,116,1520.3,-0.00585,27.359
4489.0,7,1,0.871,10,2.864,157,116,1520.3,-0.00585,27.359
4490.0,7,1,0.871,10,2.864,157,116,1520.3,-0.00585,27.359
4491.0,7,1,0.871,10,2.864,157,116,1520.3,-0.00585,27.359
4492.0,7,1,0.871,10,2.864,157,116,1520.3,-0.00585,27.359
4493.0,7,1,0.871,10,2.864,157,116,1520.3,-0.00585,27.359
4494.0,7,1,0.871,10,2.864,157,116,1520.3,-0.00585,27.359
4495.0,7,1,0.871,10,2.864,157,116,1520.3,-0.00585,27.359
4496.0,7,1,0.871,10,2.864,157,116,1520.3,-0.00585,27.359
4497.0,7,1,0.871,10,2.864,157,116,1520.3,-0.00585,27.359
4498.0,7,1,0.871,10,2.864,157,116,1520.3,-0.00585,27.359
4499.0,7,1,0.871,10,2.864,157,116,1520.3,-0.00585,27.359
4500.0,7,1,0.871,10,2.864,157,116,1520.3,-0.00585,27.359
4501.0,7,1,0.871,10,2.864,157,116,1520.3,-0.00585,27.359
4502.0,7,1,0.871,10,2.864,157,116,1520.3,-0.00585,27.359
4503.0,7,1,0.871,10,2.864,157,116,1520.3,-0.00585,27.359
4504.0,7,1,0.871,10,2.864,157,116,1520.3,-0.00585,27.359
4505.0,7,1,0.871,10,2.864,157,116,1520.3,-0.00585,27.359
4506.0,7,1,0.871,10,2.864,157,116,1520.3,-0.00585,27.359
4507.0,10,0,0.959,10,2.864,158,116,1528.9,-0.00585,27.344
4508.0,10,0,0.959,10,2.864,158,116,1528.9,-0.00585,27.344
4509.0,10,1,0.959,10,2.864,158,116,1528.9,-0.00585,27.344
4510.0,10,1,0.959,10,2.864,158,116,1528.9,-0.00585,27.344
4511.0,10,1,0.959,10,2.864,158,116,1528.9,-0.00585,27.344
4512.0,10,1,0.959,10,2.864,158,116,1528.9,-0.00585,27.344
4513.0,10,1,0.959,10,2.864,158,116,1528.9,-0.00585,27.344
4514.0,10,1,0.959,10,2.864,158,116,1528.9,-0.00585,27.344
4515.0,10,1,0.959,10,2.864,158,116,1528.9,-0.00585,27.344
4516.0,10,1,0.959,10,2.864,158,116,1528.9,-0.00585,27.344
4517.0,10,1,0.959,10,2.864,158,116,1528.9,-0.00585,27.344
4518.0,10,1,0.959,10,2.864,158,116,1528.9,-0.00585,27.344
4519.0,10,1,0.959,10,2.864,158,116,1528.9,-0.00585,27.344
4520.0,10,1,0.959,10,2.864,158,116,1528.9,-0.00585,27.344
4521.0,10,1,0.959,10,2.864,158,116,1528.9,-0.00585,27.344
4522.0,10,1,0.959,10,2.864,158,116,1528.9,-0.00585,27.344
4523.0,10,1,0.959,10,2.864,158,116,1528.9,-0.00585,27.344
4524.0,9,0,0.955,10,2.864,159,116,1531.8,-0.00585,27.431
4525.0,9,0,0.955,10,2.864,159,116,1531.8,-0.00585,27.431
4526.0,9,0,0.955,10,2.861,159,117,1531.8,-0.00585,27.362
4527.0,9,1,0.955,10,2.861,159,117,1531.8,-0.00585,27.362
4528.0,9,1,0.955,10,2.861,159,117,1531.8,-0.00585,27.362
4529.0,9,1,0.955,10,2.861,159,117,1531.8,-0.00585,27.362
4530.0,9,1,0.955,10,2.861,159,117,1531.8,-0.00585,27.362
4531.0,9,1,0.955,10,2.861,159,117,1531.8,-0.00585,27.362
4532.0,9,1,0.955,10,2.861,159,117,1531.8,-0.00585,27.362
4533.0,9,1,0.955,10,2.861,159,117,1531.8,-0.00585,27.362
4534.0,9,1,0.955,10,2.861,159,117,1531.8,-0.00585,27.362
4535.0,9,1,0.955,10,2.861,159,117,1531.8,-0.00585,27.362
4536.0,9,1,0.955,10,2.861,159,117,1531.8,-0.00585,27.362
4537.0,9,1,0.955,10,2.861,159,117,1531.8,-0.00585,27.362
4538.0,9,1,0.955,10,2.861,159,117,1531.8,-0.00585,27.362
4539.0,9,1,0.955,10,2.861,159,117,1531.8,-0.00585,27.362
4540.0,9,1,0.955,10,2.861,159,117,1531.8,-0.00585,27.362
4541.0,9,1,0.955,10,2.861,159,117,1531.8,-0.00585,27.362
4542.0,9,1,0.955,10,2.861,159,117,1531.8,-0.00585,27.362
4543.0,9,1,0.955,10,2.861,159,117,1531.8,-0.00585,27.362
4544.0,9,1,0.955,10,2.861,159,117,1531.8,-0.00585,27.362
4545.0,9,1,0.955,10,2.861,159,117,1531.8,-0.00585,27.362
4546.0,9,1,0.955,10,2.861,159,117,1531.8,-0.00585,27.362
4547.0,9,1,0.955,10,2.861,159,117,1531.8,-0.00585,27.362
4548.0,9,1,0.955,10,2.861,159,117,1531.8,-0.00585,27.362
4549.0,9,1,0.955,10,2.861,159,117,1531.8,-0.00585,27.362
4550.0,9,1,0.955,10,2.861,159,117,1531.8,-0.00585,27.362
4551.0,9,1,0.955,10,2.861,159,117,1531.8,-0.00585,27.362
4552.0,9,1,0.955,10,2.861,159,117,1531.8,-0.00585,27.362
4553.0,9,1,0.955,10,2.861,159,117,1531.8,-0.00585,27.362
4554.0,9,1,0.955,10,2.861,159,117,1531.8,-0.00585,27.362
4555.0,9,1,0.955,10,2.861,159,117,1531.8,-0.00585,27.362
4556.0,9,1,0.955,10,2.861,159,117,1531.8,-0.00585,27.362
4557.0,9,1,0.955,10,2.861,159,117,1531.8,-0.00585,27.362
4558.0,9,1,0.955,10,2.861,159,117,1531.8,-0.00585,27.362
4559.0,1,0,0.877,10,2.861,160,117,1554.7,-0.00585,27.573
4560.0,1,0,0.877,10,2.861,160,117,1554.7,-0.00585,27.573
4561.0,1,0,0.877,10,2.862,160,118,1554.7,-0.00276,27.573
4562.0,1,0,0.877,10,2.862,160,118,1554.7,-0.00276,27.59
4563.0,1,0,0.877,10,2.862,160,118,1554.7,-0.00276,27.607
4564.0,1,0,0.877,10,2.862,160,118,1554.7,-0.00276,27.625
4565.0,1,0,0.877,10,2.862,160,118,1554.7,-0.00276,27.642
4566.0,1,0,0.877,10,2.862,160,118,1554.7,-0.00276,27.656
4567.0,1,0,0.877,10,2.862,160,118,1554.7,-0.00276,27.636
4568.0,1,0,0.877,10,2.862,160,118,1554.7,-0.00276,27.613
4569.0,1,1,0.877,10,2.862,160,118,1554.7,-0.00276,27.613
4570.0,1,0,1.0,10,2.862,160,118,1554.7,-0.00276,27.531
4571.0,1,0,1.0,10,2.862,160,118,1554.7,-0.00276,27.531
4572.0,1,0,1.0,10,2.862,160,118,1554.7,-0.00276,27.508
4573.0,1,0,1.0,10,2.862,160,118,1554.7,-0.00276,27.489
4574.0,1,0,1.0,10,2.862,160,118,1554.7,-0.00276,27.507
4575.0,1,0,1.0,10,2.862,160,118,1554.7,-0.00276,27.524
4576.0,1,0,1.0,10,2.862,160,118,1554.7,-0.00276,27.531
4577.0,1,0,1.0,10,2.862,160,118,1554.7,-0.00276,27.531
4578.0,1,0,1.0,10,2.862,160,118,1554.7,-0.00276,27.531
4579.0,1,0,1.0,10,2.862,160,118,1554.7,-0.00276,27.531
4580.0,1,0,1.0,10,2.862,160,118,1554.7,-0.00276,27.51
4581.0,1,0,1.0,10,2.862,160,118,1554.7,-0.00276,27.51
4582.0,1,0,1.0,10,2.862,160,118,1554.7,-0.00276,27.51
4583.0,1,0,1.0,10,2.862,160,118,1554.7,-0.00276,27.51
4584.0,1,0,1.0,10,2.862,160,118,1554.7,-0.00276,27.528
4585.0,1,0,1.0,10,2.862,160,118,1554.7,-0.00276,27.531
4586.0,1,0,1.0,10,2.862,160,118,1554.7,-0.00276,27.51
4587.0,1,0,1.0,10,2.862,160,118,1554.7,-0.00276,27.528
4588.0,1,0,1.0,10,2.862,160,118,1554.7,-0.00276,27.531
4589.0,1,0,1.0,10,2.862,160,118,1554.7,-0.00276,27.548
4590.0,1,0,1.0,10,2.862,160,118,1554.7,-0.00276,27.552
4591.0,1,0,1.0,10,2.862,160,118,1554.7,-0.00276,27.569
4592.0,1,0,1.0,10,2.862,160,118,1554.7,-0.00276,27.587
4593.0,1,0,1.0,10,2.862,160,118,1554.7,-0.00276,27.604
4594.0,1,0,1.0,10,2.862,160,118,1554.7,-0.00276,27.621
4595.0,1,0,1.0,10,2.862,160,118,1554.7,-0.00276,27.638
4596.0,1,0,1.0,10,2.862,160,118,1554.7,-0.00276,27.656
4597.0,1,0,1.0,10,2.862,160,118,1554.7,-0.00276,27.673
4598.0,1,1,1.0,10,2.862,160,118,1554.7,-0.00276,27.673
4599.0,1,1,1.0,10,2.862,160,118,1554.7,-0.00276,27.673
4600.0,1,0,1.0,10,2.862,160,118,1554.7,-0.00276,27.552
4601.0,1,0,1.0,10,2.862,160,118,1554.7,-0.00276,27.552
4602.0,1,0,1.0,10,2.862,160,118,1554.7,-0.00276,27.552
4603.0,1,1,1.0,10,2.862,160,118,1554.7,-0.00276,27.552
4604.0,1,1,1.0,10,2.862,160,118,1554.7,-0.00276,27.552
4605.0,1,1,1.0,10,2.862,160,118,1554.7,-0.00276,27.552
4606.0,1,1,1.0,10,2.862,160,118,1554.7,-0.00276,27.552
4607.0,1,1,1.0,10,2.862,160,118,1554.7,-0.00276,27.552
4608.0,1,1,1.0,10,2.862,160,118,1554.7,-0.00276,27.552
4609.0,1,1,1.0,10,2.862,160,118,1554.7,-0.00276,27.552
4610.0,1,1,1.0,10,2.862,160,118,1554.7,-0.00276,27.552
4611.0,1,1,1.0,10,2.862,160,118,1554.7,-0.00276,27.552
4612.0,1,1,1.0,10,2.862,160,118,1554.7,-0.00276,27.552
4613.0,1,1,1.0,10,2.862,160,118,1554.7,-0.00276,27.552
4614.0,1,1,1.0,10,2.862,160,118,1554.7,-0.00276,27.552
4615.0,2,0,0.803,10,2.862,161,118,1557.5,-0.00276,27.217
4616.0,2,0,0.803,10,2.862,161,118,1557.5,-0.00276,27.217
4617.0,2,0,0.803,10,2.876,161,119,1557.5,-0.00276,27.293
4618.0,2,0,0.803,10,2.876,161,119,1557.5,-0.00276,27.31
4619.0,2,0,0.803,10,2.876,161,119,1557.5,-0.00276,27.313
4620.0,2,1,0.803,10,2.876,161,119,1557.5,-0.00276,27.313
4621.0,2,1,0.803,10,2.876,161,119,1557.5,-0.00276,27.313
4622.0,2,1,0.803,10,2.876,161,119,1557.5,-0.00276,27.313
4623.0,2,1,0.803,10,2.876,161,119,1557.5,-0.00276,27.313
4624.0,2,1,0.803,10,2.876,161,119,1557.5,-0.00276,27.313
4625.0,2,1,0.803,10,2.876,161,119,1557.5,-0.00276,27.313
4626.0,2,1,0.803,10,2.876,161,119,1557.5,-0.00276,27.313
4627.0,2,1,0.803,10,2.876,161,119,1557.5,-0.00276,27.313
4628.0,2,1,0.803,10,2.876,161,119,1557.5,-0.00276,27.313
4629.0,2,1,0.803,10,2.876,161,119,1557.5,-0.00276,27.313
4630.0,2,1,0.803,10,2.876,161,119,1557.5,-0.00276,27.313
4631.0,2,1,0.803,10,2.876,161,119,1557.5,-0.00276,27.313
4632.0,2,1,0.803,10,2.876,161,119,1557.5,-0.00276,27.313
4633.0,2,1,0.803,10,2.876,161,119,1557.5,-0.00276,27.313
4634.0,2,1,0.803,10,2.876,161,119,1557.5,-0.00276,27.313
4635.0,3,0,0.938,10,2.876,162,119,1560.4,-0.00276,27.695
4636.0,3,0,0.938,10,2.876,162,119,1560.4,-0.00276,27.695
4637.0,3,0,0.938,10,2.88,162,120,1560.4,-0.00197,27.608
4638.0,3,0,0.938,10,2.88,162,120,1560.4,-0.00197,27.626
4639.0,3,0,0.938,10,2.88,162,120,1560.4,-0.00197,27.631
4640.0,3,0,0.938,10,2.88,162,120,1560.4,-0.00197,27.631
4641.0,3,0,0.938,10,2.88,162,120,1560.4,-0.00197,27.649
4642.0,3,0,0.938,10,2.88,162,120,1560.4,-0.00197,27.652
4643.0,3,0,0.938,10,2.88,162,120,1560.4,-0.00197,27.67
4644.0,3,0,0.938,10,2.88,162,120,1560.4,-0.00197,27.688
4645.0,3,0,0.938,10,2.88,162,120,1560.4,-0.00197,27.706
4646.0,3,0,0.938,10,2.88,162,120,1560.4,-0.00197,27.724
4647.0,3,0,0.938,10,2.88,162,120,1560.4,-0.00197,27.742
4648.0,3,0,0.938,10,2.88,162,120,1560.4,-0.00197,27.72
4649.0,3,1,0.938,10,2.88,162,120,1560.4,-0.00197,27.72
4650.0,3,0,1.0,10,2.88,162,120,1560.4,-0.00197,27.61
4651.0,3,0,1.0,10,2.88,162,120,1560.4,-0.00197,27.61
4652.0,3,0,1.0,10,2.88,162,120,1560.4,-0.00197,27.61
4653.0,3,0,1.0,10,2.88,162,120,1560.4,-0.00197,27.628
4654.0,3,0,1.0,10,2.88,162,120,1560.4,-0.00197,27.646
4655.0,3,0,1.0,10,2.88,162,120,1560.4,-0.00197,27.664
4656.0,3,0,1.0,10,2.88,162,120,1560.4,-0.00197,27.683
4657.0,3,0,1.0,10,2.88,162,120,1560.4,-0.00197,27.701
4658.0,3,0,1.0,10,2.88,162,120,1560.4,-0.00197,27.719
4659.0,3,0,1.0,10,2.88,162,120,1560.4,-0.00197,27.737
4660.0,3,0,1.0,10,2.88,162,120,1560.4,-0.00197,27.755
4661.0,3,0,1.0,10,2.88,162,120,1560.4,-0.00197,27.773
4662.0,3,0,1.0,10,2.88,162,120,1560.4,-0.00197,27.791
4663.0,3,0,1.0,10,2.88,162,120,1560.4,-0.00197,27.798
4664.0,3,0,1.0,10,2.88,162,120,1560.4,-0.00197,27.798
4665.0,3,0,1.0,10,2.88,162,120,1560.4,-0.00197,27.798
4666.0,3,1,1.0,10,2.88,162,120,1560.4,-0.00197,27.798
4667.0,3,1,1.0,10,2.88,162,120,1560.4,-0.00197,27.798
4668.0,3,1,1.0,10,2.88,162,120,1560.4,-0.00197,27.798
4669.0,3,0,1.0,10,2.88,162,120,1560.4,-0.00197,27.506
4670.0,3,0,1.0,10,2.88,162,120,1560.4,-0.00197,27.506
4671.0,3,0,1.0,10,2.88,162,120,1560.4,-0.00197,27.506
4672.0,3,1,1.0,10,2.88,162,120,1560.4,-0.00197,27.506
4673.0,3,1,1.0,10,2.88,162,120,1560.4,-0.00197,27.506
4674.0,3,0,1.0,10,2.88,162,120,1560.4,-0.00197,27.673
4675.0,3,0,1.0,10,2.88,162,120,1560.4,-0.00197,27.673
4676.0,3,0,1.0,10,2.88,162,120,1560.4,-0.00197,27.673
4677.0,3,0,1.0,10,2.88,162,120,1560.4,-0.00197,27.651
4678.0,3,0,1.0,10,2.88,162,120,1560.4,-0.00197,27.631
4679.0,3,0,1.0,10,2.88,162,120,1560.4,-0.00197,27.631
4680.0,3,0,1.0,10,2.88,162,120,1560.4,-0.00197,27.649
4681.0,3,0,1.0,10,2.88,162,120,1560.4,-0.00197,27.667
4682.0,3,0,1.0,10,2.88,162,120,1560.4,-0.00197,27.673
4683.0,3,0,1.0,10,2.88,162,120,1560.4,-0.00197,27.691
4684.0,3,0,1.0,10,2.88,162,120,1560.4,-0.00197,27.694
4685.0,3,0,1.0,10,2.88,162,120,1560.4,-0.00197,27.694
4686.0,3,0,1.0,10,2.88,162,120,1560.4,-0.00197,27.672
4687.0,3,0,1.0,10,2.88,162,120,1560.4,-0.00197,27.652
4688.0,3,0,1.0,10,2.88,162,120,1560.4,-0.00197,27.652
4689.0,3,0,1.0,10,2.88,162,120,1560.4,-0.00197,27.652
4690.0,3,0,1.0,10,2.88,162,120,1560.4,-0.00197,27.652
4691.0,3,0,1.0,10,2.88,162,120,1560.4,-0.00197,27.631
4692.0,3,0,1.0,10,2.88,162,120,1560.4,-0.00197,27.631
4693.0,3,0,1.0,10,2.88,162,120,1560.4,-0.00197,27.631
4694.0,3,0,1.0,10,2.88,162,120,1560.4,-0.00197,27.649
4695.0,3,0,1.0,10,2.88,162,120,1560.4,-0.00197,27.667
4696.0,3,0,1.0,10,2.88,162,120,1560.4,-0.00197,27.685
4697.0,3,0,1.0,10,2.88,162,120,1560.4,-0.00197,27.694
4698.0,3,0,1.0,10,2.88,162,120,1560.4,-0.00197,27.694
4699.0,3,0,1.0,10,2.88,162,120,1560.4,-0.00197,27.694
4700.0,3,0,1.0,10,2.88,162,120,1560.4,-0.00197,27.694
4701.0,3,0,1.0,10,2.88,162,120,1560.4,-0.00197,27.694
4702.0,3,0,1.0,10,2.88,162,120,1560.4,-0.00197,27.712
4703.0,3,0,1.0,10,2.88,162,120,1560.4,-0.00197,27.73
4704.0,3,0,1.0,10,2.88,162,120,1560.4,-0.00197,27.748
4705.0,3,0,1.0,10,2.88,162,120,1560.4,-0.00197,27.757
4706.0,3,0,1.0,10,2.88,162,120,1560.4,-0.00197,27.736
4707.0,3,0,1.0,10,2.88,162,120,1560.4,-0.00197,27.736
4708.0,3,0,1.0,10,2.88,162,120,1560.4,-0.00197,27.736
4709.0,3,0,1.0,10,2.88,162,120,1560.4,-0.00197,27.736
4710.0,3,0,1.0,10,2.88,162,120,1560.4,-0.00197,27.754
4711.0,3,0,1.0,10,2.88,162,120,1560.4,-0.00197,27.757
4712.0,3,0,1.0,10,2.88,162,120,1560.4,-0.00197,27.736
4713.0,3,0,1.0,10,2.88,162,120,1560.4,-0.00197,27.754
4714.0,3,0,1.0,10,2.88,162,120,1560.4,-0.00197,27.757
4715.0,3,0,1.0,10,2.88,162,120,1560.4,-0.00197,27.757
4716.0,3,0,1.0,10,2.88,162,120,1560.4,-0.00197,27.757
4717.0,3,0,1.0,10,2.88,162,120,1560.4,-0.00197,27.757
4718.0,3,0,1.0,10,2.88,162,120,1560.4,-0.00197,27.736
4719.0,3,0,1.0,10,2.88,162,120,1560.4,-0.00197,27.736
4720.0,3,0,1.0,10,2.88,162,120,1560.4,-0.00197,27.736
4721.0,3,0,1.0,10,2.88,162,120,1560.4,-0.00197,27.736
4722.0,3,0,1.0,10,2.88,162,120,1560.4,-0.00197,27.736
4723.0,3,0,1.0,10,2.88,162,120,1560.4,-0.00197,27.736
4724.0,3,0,1.0,10,2.88,162,120,1560.4,-0.00197,27.736
4725.0,3,0,1.0,10,2.88,162,120,1560.4,-0.00197,27.736
4726.0,3,0,1.0,10,2.88,162,120,1560.4,-0.00197,27.714
4727.0,3,0,1.0,10,2.88,162,120,1560.4,-0.00197,27.692
4728.0,3,0,1.0,10,2.88,162,120,1560.4,-0.00197,27.67
4729.0,3,1,1.0,10,2.88,162,120,1560.4,-0.00233,27.67
4730.0,3,1,1.0,10,2.88,162,120,1560.4,-0.00233,27.67
4731.0,3,1,1.0,10,2.88,162,120,1560.4,-0.00233,27.67
4732.0,3,1,1.0,10,2.88,162,120,1560.4,-0.00233,27.67
4733.0,3,1,1.0,10,2.88,162,120,1560.4,-0.00233,27.67
4734.0,3,1,1.0,10,2.88,162,120,1560.4,-0.00233,27.67
4735.0,3,1,1.0,10,2.88,162,120,1560.4,-0.00233,27.67
4736.0,3,1,1.0,10,2.88,162,120,1560.4,-0.00233,27.67
4737.0,3,1,1.0,10,2.88,162,120,1560.4,-0.00233,27.67
4738.0,3,1,1.0,10,2.88,162,120,1560.4,-0.00233,27.67
4739.0,3,1,1.0,10,2.88,162,120,1560.4,-0.00233,27.67
4740.0,3,1,1.0,10,2.88,162,120,1560.4,-0.00233,27.67
4741.0,3,1,1.0,10,2.88,162,120,1560.4,-0.00233,27.67
4742.0,3,1,1.0,10,2.88,162,120,1560.4,-0.00233,27.67
4743.0,3,1,1.0,10,2.88,162,120,1560.4,-0.00233,27.67
4744.0,3,1,1.0,10,2.88,162,120,1560.4,-0.00233,27.67
4745.0,3,1,1.0,10,2.88,162,120,1560.4,-0.00233,27.67
4746.0,3,1,1.0,10,2.88,162,120,1560.4,-0.00233,27.67
4747.0,1,0,0.712,10,2.88,163,120,1566.2,-0.00233,27.469
4748.0,1,1,0.712,10,2.88,163,120,1566.2,-0.00233,27.469
4749.0,1,1,0.712,10,2.88,163,120,1566.2,-0.00233,27.469
4750.0,1,1,0.712,10,2.88,163,120,1566.2,-0.00233,27.469
4751.0,1,1,0.712,10,2.88,163,120,1566.2,-0.00233,27.469
4752.0,1,1,0.712,10,2.88,163,120,1566.2,-0.00233,27.469
4753.0,1,1,0.712,10,2.88,163,120,1566.2,-0.00233,27.469
4754.0,1,1,0.712,10,2.88,163,120,1566.2,-0.00233,27.469
4755.0,1,1,0.712,10,2.88,163,120,1566.2,-0.00233,27.469
4756.0,1,1,0.712,10,2.88,163,120,1566.2,-0.00233,27.469
4757.0,1,1,0.712,10,2.88,163,120,1566.2,-0.00233,27.469
4758.0,1,1,0.712,10,2.88,163,120,1566.2,-0.00233,27.469
4759.0,1,1,0.712,10,2.88,163,120,1566.2,-0.00233,27.469
4760.0,1,1,0.712,10,2.88,163,120,1566.2,-0.00233,27.469
4761.0,1,1,0.712,10,2.88,163,120,1566.2,-0.00233,27.469
4762.0,1,1,0.712,10,2.88,163,120,1566.2,-0.00233,27.469
4763.0,1,1,0.712,10,2.88,163,120,1566.2,-0.00233,27.469
4764.0,1,1,0.712,10,2.88,163,120,1566.2,-0.00233,27.469
4765.0,1,1,0.712,10,2.88,163,120,1566.2,-0.00233,27.469
4766.0,1,1,0.712,10,2.88,163,120,1566.2,-0.00233,27.469
4767.0,1,1,0.712,10,2.88,163,120,1566.2,-0.00233,27.469
4768.0,1,1,0.712,10,2.88,163,120,1566.2,-0.00233,27.469
4769.0,1,1,0.712,10,2.88,163,120,1566.2,-0.00233,27.469
4770.0,1,1,0.712,10,2.88,163,120,1566.2,-0.00233,27.469
4771.0,1,1,0.712,10,2.88,163,120,1566.2,-0.00233,27.469
4772.0,1,1,0.712,10,2.88,163,120,1566.2,-0.00233,27.469
4773.0,1,1,0.712,10,2.88,163,120,1566.2,-0.00233,27.469
4774.0,1,1,0.712,10,2.88,163,120,1566.2,-0.00233,27.469
4775.0,1,1,0.712,10,2.88,163,120,1566.2,-0.00233,27.469
4776.0,1,1,0.712,10,2.88,163,120,1566.2,-0.00233,27.469
4777.0,1,1,0.712,10,2.88,163,120,1566.2,-0.00233,27.469
4778.0,10,0,0.996,10,2.88,164,120,1592.1,-0.00233,27.025
4779.0,10,0,0.996,10,2.88,164,120,1592.1,-0.00233,27.043
4780.0,10,1,0.996,10,2.88,164,120,1592.1,-0.00233,27.043
4781.0,10,1,0.996,10,2.88,164,120,1592.1,-0.00233,27.043
4782.0,10,1,0.996,10,2.88,164,120,1592.1,-0.00233,27.043
4783.0,10,1,0.996,10,2.88,164,120,1592.1,-0.00233,27.043
4784.0,10,1,0.996,10,2.88,164,120,1592.1,-0.00233,27.043
4785.0,10,1,0.996,10,2.88,164,120,1592.1,-0.00233,27.043
4786.0,10,1,0.996,10,2.88,164,120,1592.1,-0.00233,27.043
4787.0,10,1,0.996,10,2.88,164,120,1592.1,-0.00233,27.043
4788.0,10,1,0.996,10,2.88,164,120,1592.1,-0.00233,27.043
4789.0,10,1,0.996,10,2.88,164,120,1592.1,-0.00233,27.043
4790.0,10,1,0.996,10,2.88,164,120,1592.1,-0.00233,27.043
4791.0,10,1,0.996,10,2.88,164,120,1592.1,-0.00233,27.043
4792.0,9,0,0.823,10,2.88,165,120,1595.0,-0.00233,27.32
4793.0,9,0,0.823,10,2.88,165,120,1595.0,-0.00233,27.299
4794.0,9,0,0.823,10,2.867,165,121,1595.0,-0.00027,27.202
4795.0,9,0,0.823,10,2.867,165,121,1595.0,-0.00027,27.182
4796.0,9,0,0.823,10,2.867,165,121,1595.0,-0.00027,27.162
4797.0,9,0,0.823,10,2.867,165,121,1595.0,-0.00027,27.142
4798.0,9,1,0.823,10,2.867,165,121,1595.0,-0.00027,27.142
4799.0,9,1,0.823,10,2.867,165,121,1595.0,-0.00027,27.142
4800.0,9,1,0.823,10,2.867,165,121,1595.0,-0.00027,27.142
4801.0,9,1,0.823,10,2.867,165,121,1595.0,-0.00027,27.142
4802.0,9,1,0.823,10,2.867,165,121,1595.0,-0.00027,27.142
4803.0,9,1,0.823,10,2.867,165,121,1595.0,-0.00027,27.142
4804.0,9,1,0.823,10,2.867,165,121,1595.0,-0.00027,27.142
4805.0,9,1,0.823,10,2.867,165,121,1595.0,-0.00027,27.142
4806.0,9,1,0.823,10,2.867,165,121,1595.0,-0.00027,27.142
4807.0,9,1,0.823,10,2.867,165,121,1595.0,-0.00027,27.142
4808.0,9,1,0.823,10,2.867,165,121,1595.0,-0.00027,27.142
4809.0,9,1,0.823,10,2.867,165,121,1595.0,-0.00027,27.142
4810.0,9,1,0.823,10,2.867,165,121,1595.0,-0.00027,27.142
4811.0,9,1,0.823,10,2.867,165,121,1595.0,-0.00027,27.142
4812.0,7,0,0.849,10,2.867,166,121,1600.7,-0.00027,27.319
4813.0,7,0,0.849,10,2.867,166,121,1600.7,-0.00027,27.319
4814.0,7,0,0.849,10,2.862,166,122,1600.7,-0.00043,27.253
4815.0,7,1,0.849,10,2.862,166,122,1600.7,-0.00043,27.253
4816.0,7,0,1.0,10,2.862,166,122,1600.7,-0.00043,27.106
4817.0,7,0,1.0,10,2.862,166,122,1600.7,-0.00043,27.086
4818.0,7,1,1.0,10,2.862,166,122,1600.7,-0.00043,27.086
4819.0,7,1,1.0,10,2.862,166,122,1600.7,-0.00043,27.086
4820.0,7,1,1.0,10,2.862,166,122,1600.7,-0.00043,27.086
4821.0,7,1,1.0,10,2.862,166,122,1600.7,-0.00043,27.086
4822.0,7,1,1.0,10,2.862,166,122,1600.7,-0.00043,27.086
4823.0,7,1,1.0,10,2.862,166,122,1600.7,-0.00043,27.086
4824.0,7,1,1.0,10,2.862,166,122,1600.7,-0.00043,27.086
4825.0,7,1,1.0,10,2.862,166,122,1600.7,-0.00043,27.086
4826.0,7,1,1.0,10,2.862,166,122,1600.7,-0.00043,27.086
4827.0,7,1,1.0,10,2.862,166,122,1600.7,-0.00043,27.086
4828.0,7,1,1.0,10,2.862,166,122,1600.7,-0.00043,27.086
4829.0,7,1,1.0,10,2.862,166,122,1600.7,-0.00043,27.086
4830.0,7,1,1.0,10,2.862,166,122,1600.7,-0.00043,27.086
4831.0,6,0,0.866,10,2.862,167,122,1603.6,-0.00043,27.416
4832.0,6,0,0.866,10,2.862,167,122,1603.6,-0.00043,27.396
4833.0,6,0,0.866,10,2.852,167,123,1603.6,-0.00063,27.291
4834.0,6,0,0.866,10,2.852,167,123,1603.6,-0.00063,27.271
4835.0,6,0,0.866,10,2.852,167,123,1603.6,-0.00063,27.25
4836.0,6,0,0.866,10,2.852,167,123,1603.6,-0.00063,27.229
4837.0,6,0,0.866,10,2.852,167,123,1603.6,-0.00063,27.209
4838.0,6,1,0.866,10,2.852,167,123,1603.6,-0.00063,27.209
4839.0,6,1,0.866,10,2.852,167,123,1603.6,-0.00063,27.209
4840.0,6,1,0.866,10,2.852,167,123,1603.6,-0.00063,27.209
4841.0,6,1,0.866,10,2.852,167,123,1603.6,-0.00063,27.209
4842.0,6,1,0.866,10,2.852,167,123,1603.6,-0.00063,27.209
4843.0,6,1,0.866,10,2.852,167,123,1603.6,-0.00063,27.209
4844.0,6,1,0.866,10,2.852,167,123,1603.6,-0.00063,27.209
4845.0,6,1,0.866,10,2.852,167,123,1603.6,-0.00063,27.209
4846.0,6,1,0.866,10,2.852,167,123,1603.6,-0.00063,27.209
4847.0,6,1,0.866,10,2.852,167,123,1603.6,-0.00063,27.209
4848.0,6,1,0.866,10,2.852,167,123,1603.6,-0.00063,27.209
4849.0,6,1,0.866,10,2.852,167,123,1603.6,-0.00063,27.209
4850.0,5,0,0.953,10,2.852,168,123,1606.4,-0.00063,27.525
4851.0,5,0,0.953,10,2.852,168,123,1606.4,-0.00063,27.504
4852.0,5,0,0.953,10,2.856,168,124,1606.4,-0.00063,27.403
4853.0,5,0,0.953,10,2.856,168,124,1606.4,-0.00063,27.382
4854.0,5,0,0.953,10,2.856,168,124,1606.4,-0.00063,27.362
4855.0,5,1,0.953,10,2.856,168,124,1606.4,-0.00063,27.362
4856.0,5,1,0.953,10,2.856,168,124,1606.4,-0.00063,27.362
4857.0,5,1,0.953,10,2.856,168,124,1606.4,-0.00063,27.362
4858.0,5,1,0.953,10,2.856,168,124,1606.4,-0.00063,27.362
4859.0,5,1,0.953,10,2.856,168,124,1606.4,-0.00063,27.362
4860.0,5,1,0.953,10,2.856,168,124,1606.4,-0.00063,27.362
4861.0,5,1,0.953,10,2.856,168,124,1606.4,-0.00063,27.362
4862.0,5,1,0.953,10,2.856,168,124,1606.4,-0.00063,27.362
4863.0,5,1,0.953,10,2.856,168,124,1606.4,-0.00063,27.362
4864.0,5,1,0.953,10,2.856,168,124,1606.4,-0.00063,27.362
4865.0,5,1,0.953,10,2.856,168,124,1606.4,-0.00063,27.362
4866.0,5,1,0.953,10,2.856,168,124,1606.4,-0.00063,27.362
4867.0,5,1,0.953,10,2.856,168,124,1606.4,-0.00063,27.362
4868.0,5,1,0.953,10,2.856,168,124,1606.4,-0.00063,27.362
4869.0,5,1,0.953,10,2.856,168,124,1606.4,-0.00063,27.362
4870.0,5,1,0.953,10,2.856,168,124,1606.4,-0.00063,27.362
4871.0,5,1,0.953,10,2.856,168,124,1606.4,-0.00063,27.362
4872.0,5,1,0.953,10,2.856,168,124,1606.4,-0.00063,27.362
4873.0,5,1,0.953,10,2.856,168,124,1606.4,-0.00063,27.362
4874.0,5,1,0.953,10,2.856,168,124,1606.4,-0.00063,27.362
4875.0,5,1,0.953,10,2.856,168,124,1606.4,-0.00063,27.362
4876.0,5,1,0.953,10,2.856,168,124,1606.4,-0.00063,27.362
4877.0,5,1,0.953,10,2.856,168,124,1606.4,-0.00063,27.362
4878.0,5,1,0.953,10,2.856,168,124,1606.4,-0.00063,27.362
4879.0,1,0,0.616,10,2.856,169,124,1617.8,-0.00063,27.072
4880.0,1,0,0.616,10,2.856,169,124,1617.8,-0.00063,27.051
4881.0,1,0,0.616,10,2.863,169,125,1617.8,-0.00132,27.051
4882.0,1,0,0.616,10,2.863,169,125,1617.8,-0.00132,27.03
4883.0,1,1,0.616,10,2.863,169,125,1617.8,-0.00132,27.03
4884.0,1,1,0.616,10,2.863,169,125,1617.8,-0.00132,27.03
4885.0,1,1,0.616,10,2.863,169,125,1617.8,-0.00132,27.03
4886.0,1,1,0.616,10,2.863,169,125,1617.8,-0.00132,27.03
4887.0,1,1,0.616,10,2.863,169,125,1617.8,-0.00132,27.03
4888.0,1,1,0.616,10,2.863,169,125,1617.8,-0.00132,27.03
4889.0,1,1,0.616,10,2.863,169,125,1617.8,-0.00132,27.03
4890.0,1,1,0.616,10,2.863,169,125,1617.8,-0.00132,27.03
4891.0,1,1,0.616,10,2.863,169,125,1617.8,-0.00132,27.03
4892.0,1,1,0.616,10,2.863,169,125,1617.8,-0.00132,27.03
4893.0,1,1,0.616,10,2.863,169,125,1617.8,-0.00132,27.03
4894.0,1,1,0.616,10,2.863,169,125,1617.8,-0.00132,27.03
4895.0,1,1,0.616,10,2.863,169,125,1617.8,-0.00132,27.03
4896.0,1,1,0.616,10,2.863,169,125,1617.8,-0.00132,27.03
4897.0,1,1,0.616,10,2.863,169,125,1617.8,-0.00132,27.03
4898.0,1,1,0.616,10,2.863,169,125,1617.8,-0.00132,27.03
4899.0,1,1,0.616,10,2.863,169,125,1617.8,-0.00132,27.03
4900.0,1,1,0.616,10,2.863,169,125,1617.8,-0.00132,27.03
4901.0,1,1,0.616,10,2.863,169,125,1617.8,-0.00132,27.03
4902.0,1,1,0.616,10,2.863,169,125,1617.8,-0.00132,27.03
4903.0,1,1,0.616,10,2.863,169,125,1617.8,-0.00132,27.03
4904.0,1,1,0.616,10,2.863,169,125,1617.8,-0.00132,27.03
4905.0,1,1,0.616,10,2.863,169,125,1617.8,-0.00132,27.03
4906.0,1,1,0.616,10,2.863,169,125,1617.8,-0.00132,27.03
4907.0,1,1,0.616,10,2.863,169,125,1617.8,-0.00132,27.03
4908.0,1,1,0.616,10,2.863,169,125,1617.8,-0.00132,27.03
4909.0,1,1,0.616,10,2.863,169,125,1617.8,-0.00132,27.03
4910.0,1,1,0.616,10,2.863,169,125,1617.8,-0.00132,27.03
4911.0,1,1,0.616,10,2.863,169,125,1617.8,-0.00132,27.03
4912.0,1,1,0.616,10,2.863,169,125,1617.8,-0.00132,27.03
4913.0,1,1,0.616,10,2.863,169,125,1617.8,-0.00132,27.03
4914.0,1,1,0.616,10,2.863,169,125,1617.8,-0.00132,27.03
4915.0,10,0,0.914,10,2.863,170,125,1643.6,-0.00132,26.517
4916.0,10,0,0.914,10,2.863,170,125,1643.6,-0.00132,26.536
4917.0,10,0,0.914,10,2.863,170,126,1643.6,-0.00132,26.672
4918.0,10,0,0.914,10,2.863,170,126,1643.6,-0.00132,26.677
4919.0,10,0,0.914,10,2.863,170,126,1643.6,-0.00132,26.677
4920.0,10,0,0.914,10,2.863,170,126,1643.6,-0.00132,26.677
4921.0,10,0,0.914,10,2.863,170,126,1643.6,-0.00132,26.677
4922.0,10,0,0.914,10,2.863,170,126,1643.6,-0.00132,26.696
4923.0,10,0,0.914,10,2.863,170,126,1643.6,-0.00132,26.714
4924.0,10,0,0.914,10,2.863,170,126,1643.6,-0.00132,26.719
4925.0,10,1,0.914,10,2.863,170,126,1643.6,-0.00132,26.719
4926.0,10,1,0.914,10,2.863,170,126,1643.6,-0.00132,26.719
4927.0,10,1,0.914,10,2.863,170,126,1643.6,-0.00132,26.719
4928.0,10,1,0.914,10,2.863,170,126,1643.6,-0.00132,26.719
4929.0,10,1,0.914,10,2.863,170,126,1643.6,-0.00132,26.719
4930.0,10,1,0.914,10,2.863,170,126,1643.6,-0.00132,26.719
4931.0,10,1,0.914,10,2.863,170,126,1643.6,-0.00132,26.719
4932.0,10,1,0.914,10,2.863,170,126,1643.6,-0.00132,26.719
4933.0,10,1,0.914,10,2.863,170,126,1643.6,-0.00132,26.719
4934.0,10,1,0.914,10,2.863,170,126,1643.6,-0.00132,26.719
4935.0,10,1,0.914,10,2.863,170,126,1643.6,-0.00132,26.719
4936.0,10,1,0.914,10,2.863,170,126,1643.6,-0.00132,26.719
4937.0,10,1,0.914,10,2.863,170,126,1643.6,-0.00132,26.719
4938.0,10,1,0.914,10,2.863,170,126,1643.6,-0.00132,26.719
4939.0,10,1,0.914,10,2.863,170,126,1643.6,-0.00132,26.719
4940.0,10,1,0.914,10,2.863,170,126,1643.6,-0.00132,26.719
4941.0,10,1,0.914,10,2.863,170,126,1643.6,-0.00132,26.719
4942.0,10,1,0.914,10,2.863,170,126,1643.6,-0.00132,26.719
4943.0,10,1,0.914,10,2.863,170,126,1643.6,-0.00132,26.719
4944.0,7,0,0.956,10,2.863,171,126,1652.2,-0.00132,26.432
4945.0,7,0,0.956,10,2.863,171,126,1652.2,-0.00132,26.41
4946.0,7,0,0.956,10,2.864,171,127,1652.2,-0.00132,26.454
4947.0,7,0,0.956,10,2.864,171,127,1652.2,-0.00132,26.433
4948.0,7,0,0.956,10,2.864,171,127,1652.2,-0.00132,26.412
4949.0,7,1,0.956,10,2.864,171,127,1652.2,-0.00132,26.412
4950.0,7,1,0.956,10,2.864,171,127,1652.2,-0.00132,26.412
4951.0,7,1,0.956,10,2.864,171,127,1652.2,-0.00132,26.412
4952.0,7,1,0.956,10,2.864,171,127,1652.2,-0.00132,26.412
4953.0,7,1,0.956,10,2.864,171,127,1652.2,-0.00132,26.412
4954.0,7,1,0.956,10,2.864,171,127,1652.2,-0.00132,26.412
4955.0,7,1,0.956,10,2.864,171,127,1652.2,-0.00132,26.412
4956.0,7,1,0.956,10,2.864,171,127,1652.2,-0.00132,26.412
4957.0,7,1,0.956,10,2.864,171,127,1652.2,-0.00132,26.412
4958.0,7,1,0.956,10,2.864,171,127,1652.2,-0.00132,26.412
4959.0,7,1,0.956,10,2.864,171,127,1652.2,-0.00132,26.412
4960.0,7,1,0.956,10,2.864,171,127,1652.2,-0.00132,26.412
4961.0,7,1,0.956,10,2.864,171,127,1652.2,-0.00132,26.412
4962.0,7,1,0.956,10,2.864,171,127,1652.2,-0.00132,26.412
4963.0,7,1,0.956,10,2.864,171,127,1652.2,-0.00132,26.412
4964.0,7,1,0.956,10,2.864,171,127,1652.2,-0.00132,26.412
4965.0,7,1,0.956,10,2.864,171,127,1652.2,-0.00132,26.412
4966.0,7,1,0.956,10,2.864,171,127,1652.2,-0.00132,26.412
4967.0,7,1,0.956,10,2.864,171,127,1652.2,-0.00132,26.412
4968.0,7,1,0.956,10,2.864,171,127,1652.2,-0.00132,26.412
4969.0,7,1,0.956,10,2.864,171,127,1652.2,-0.00132,26.412
4970.0,7,1,0.956,10,2.864,171,127,1652.2,-0.00132,26.412
4971.0,1,0,0.86,10,2.864,172,127,1669.4,-0.00132,26.78
4972.0,1,0,0.86,10,2.864,172,127,1669.4,-0.00132,26.78
4973.0,1,1,0.86,10,2.864,172,127,1669.4,-0.00132,26.78
4974.0,1,1,0.86,10,2.864,172,127,1669.4,-0.00132,26.78
4975.0,1,1,0.86,10,2.864,172,127,1669.4,-0.00132,26.78
4976.0,1,1,0.86,10,2.864,172,127,1669.4,-0.00132,26.78
4977.0,1,1,0.86,10,2.864,172,127,1669.4,-0.00132,26.78
4978.0,1,1,0.86,10,2.864,172,127,1669.4,-0.00132,26.78
4979.0,1,1,0.86,10,2.864,172,127,1669.4,-0.00132,26.78
4980.0,1,1,0.86,10,2.864,172,127,1669.4,-0.00132,26.78
4981.0,1,1,0.86,10,2.864,172,127,1669.4,-0.00132,26.78
4982.0,1,1,0.86,10,2.864,172,127,1669.4,-0.00132,26.78
4983.0,1,1,0.86,10,2.864,172,127,1669.4,-0.00132,26.78
4984.0,1,1,0.86,10,2.864,172,127,1669.4,-0.00132,26.78
4985.0,1,1,0.86,10,2.864,172,127,1669.4,-0.00132,26.78
4986.0,1,1,0.86,10,2.864,172,127,1669.4,-0.00132,26.78
4987.0,1,1,0.86,10,2.864,172,127,1669.4,-0.00132,26.78
4988.0,1,1,0.86,10,2.864,172,127,1669.4,-0.00132,26.78
4989.0,1,1,0.86,10,2.864,172,127,1669.4,-0.00132,26.78
4990.0,1,1,0.86,10,2.864,172,127,1669.4,-0.00132,26.78
4991.0,1,1,0.86,10,2.864,172,127,1669.4,-0.00132,26.78
4992.0,1,1,0.86,10,2.864,172,127,1669.4,-0.00132,26.78
4993.0,1,1,0.86,10,2.864,172,127,1669.4,-0.00132,26.78
4994.0,1,1,0.86,10,2.864,172,127,1669.4,-0.00132,26.78
4995.0,1,1,0.86,10,2.864,172,127,1669.4,-0.00132,26.78
4996.0,1,1,0.86,10,2.864,172,127,1669.4,-0.00132,26.78
4997.0,8,0,0.833,10,2.864,173,127,1689.4,-0.00132,26.316
4998.0,8,0,0.833,10,2.864,173,127,1689.4,-0.00132,26.334
4999.0,8,1,0.833,10,2.864,173,127,1689.4,-0.00132,26.334
5000.0,8,0,1.0,10,2.864,173,127,1689.4,-0.00132,26.462
5001.0,8,0,1.0,10,2.864,173,127,1689.4,-0.00132,26.481
5002.0,8,0,1.0,10,2.864,173,127,1689.4,-0.00132,26.499
5003.0,8,0,1.0,10,2.864,173,127,1689.4,-0.00132,26.518
5004.0,8,0,1.0,10,2.864,173,127,1689.4,-0.00132,26.537
5005.0,8,1,1.0,10,2.864,173,127,1689.4,-0.00132,26.537
5006.0,8,1,1.0,10,2.864,173,127,1689.4,-0.00132,26.537
5007.0,8,1,1.0,10,2.864,173,127,1689.4,-0.00132,26.537
5008.0,8,1,1.0,10,2.864,173,127,1689.4,-0.00132,26.537
5009.0,8,1,1.0,10,2.864,173,127,1689.4,-0.00132,26.537
5010.0,8,1,1.0,10,2.864,173,127,1689.4,-0.00132,26.537
5011.0,8,1,1.0,10,2.864,173,127,1689.4,-0.00132,26.537
5012.0,8,1,1.0,10,2.864,173,127,1689.4,-0.00132,26.537
5013.0,8,1,1.0,10,2.864,173,127,1689.4,-0.00132,26.537
5014.0,8,1,1.0,10,2.864,173,127,1689.4,-0.00132,26.537
5015.0,9,0,0.797,10,2.864,174,127,1692.3,-0.00132,25.836
5016.0,9,0,0.797,10,2.864,174,127,1692.3,-0.00132,25.855
5017.0,9,0,0.797,10,2.85,174,128,1692.3,-0.00115,26.046
5018.0,9,0,0.797,10,2.85,174,128,1692.3,-0.00115,26.065
5019.0,9,0,0.797,10,2.85,174,128,1692.3,-0.00115,26.083
5020.0,9,0,0.797,10,2.85,174,128,1692.3,-0.00115,26.102
5021.0,9,0,0.797,10,2.85,174,128,1692.3,-0.00115,26.121
5022.0,9,1,0.797,10,2.85,174,128,1692.3,-0.00115,26.121
5023.0,9,1,0.797,10,2.85,174,128,1692.3,-0.00115,26.121
5024.0,9,1,0.797,10,2.85,174,128,1692.3,-0.00115,26.121
5025.0,9,1,0.797,10,2.85,174,128,1692.3,-0.00115,26.121
5026.0,9,1,0.797,10,2.85,174,128,1692.3,-0.00115,26.121
5027.0,9,1,0.797,10,2.85,174,128,1692.3,-0.00115,26.121
5028.0,9,1,0.797,10,2.85,174,128,1692.3,-0.00115,26.121
5029.0,9,1,0.797,10,2.85,174,128,1692.3,-0.00115,26.121
5030.0,9,1,0.797,10,2.85,174,128,1692.3,-0.00115,26.121
5031.0,9,1,0.797,10,2.85,174,128,1692.3,-0.00115,26.121
5032.0,9,1,0.797,10,2.85,174,128,1692.3,-0.00115,26.121
5033.0,9,1,0.797,10,2.85,174,128,1692.3,-0.00115,26.121
5034.0,9,1,0.797,10,2.85,174,128,1692.3,-0.00115,26.121
5035.0,9,1,0.797,10,2.85,174,128,1692.3,-0.00115,26.121
5036.0,9,1,0.797,10,2.85,174,128,1692.3,-0.00115,26.121
5037.0,9,1,0.797,10,2.85,174,128,1692.3,-0.00115,26.121
5038.0,7,0,0.764,10,2.85,175,128,1698.0,-0.00115,26.288
5039.0,7,0,0.764,10,2.85,175,128,1698.0,-0.00115,26.288
5040.0,7,0,0.764,10,2.841,175,129,1698.0,-0.00183,26.221
5041.0,7,1,0.764,10,2.841,175,129,1698.0,-0.00183,26.221
5042.0,7,1,0.764,10,2.841,175,129,1698.0,-0.00183,26.221
5043.0,7,1,0.764,10,2.841,175,129,1698.0,-0.00183,26.221
5044.0,7,1,0.764,10,2.841,175,129,1698.0,-0.00183,26.221
5045.0,7,1,0.764,10,2.841,175,129,1698.0,-0.00183,26.221
5046.0,7,1,0.764,10,2.841,175,129,1698.0,-0.00183,26.221
5047.0,7,1,0.764,10,2.841,175,129,1698.0,-0.00183,26.221
5048.0,7,1,0.764,10,2.841,175,129,1698.0,-0.00183,26.221
5049.0,7,1,0.764,10,2.841,175,129,1698.0,-0.00183,26.221
5050.0,7,1,0.764,10,2.841,175,129,1698.0,-0.00183,26.221
5051.0,7,1,0.764,10,2.841,175,129,1698.0,-0.00183,26.221
5052.0,7,1,0.764,10,2.841,175,129,1698.0,-0.00183,26.221
5053.0,7,1,0.764,10,2.841,175,129,1698.0,-0.00183,26.221
5054.0,7,1,0.764,10,2.841,175,129,1698.0,-0.00183,26.221
5055.0,7,1,0.764,10,2.841,175,129,1698.0,-0.00183,26.221
5056.0,7,1,0.764,10,2.841,175,129,1698.0,-0.00183,26.221
5057.0,7,1,0.764,10,2.841,175,129,1698.0,-0.00183,26.221
5058.0,7,1,0.764,10,2.841,175,129,1698.0,-0.00183,26.221
5059.0,7,1,0.764,10,2.841,175,129,1698.0,-0.00183,26.221
5060.0,7,1,0.764,10,2.841,175,129,1698.0,-0.00183,26.221
5061.0,7,1,0.764,10,2.841,175,129,1698.0,-0.00183,26.221
5062.0,7,1,0.764,10,2.841,175,129,1698.0,-0.00183,26.221
5063.0,7,1,0.764,10,2.841,175,129,1698.0,-0.00183,26.221
5064.0,1,0,0.814,10,2.841,176,129,1715.0,-0.00183,26.696
5065.0,1,1,0.814,10,2.841,176,129,1715.0,-0.00183,26.696
5066.0,1,1,0.814,10,2.841,176,129,1715.0,-0.00183,26.696
5067.0,1,1,0.814,10,2.841,176,129,1715.0,-0.00183,26.696
5068.0,1,1,0.814,10,2.841,176,129,1715.0,-0.00183,26.696
5069.0,1,1,0.814,10,2.841,176,129,1715.0,-0.00183,26.696
5070.0,1,1,0.814,10,2.841,176,129,1715.0,-0.00183,26.696
5071.0,1,1,0.814,10,2.841,176,129,1715.0,-0.00183,26.696
5072.0,1,1,0.814,10,2.841,176,129,1715.0,-0.00183,26.696
5073.0,1,1,0.814,10,2.841,176,129,1715.0,-0.00183,26.696
5074.0,1,1,0.814,10,2.841,176,129,1715.0,-0.00183,26.696
5075.0,1,1,0.814,10,2.841,176,129,1715.0,-0.00183,26.696
5076.0,1,1,0.814,10,2.841,176,129,1715.0,-0.00183,26.696
5077.0,1,1,0.814,10,2.841,176,129,1715.0,-0.00183,26.696
5078.0,1,1,0.814,10,2.841,176,129,1715.0,-0.00183,26.696
5079.0,1,1,0.814,10,2.841,176,129,1715.0,-0.00183,26.696
5080.0,1,1,0.814,10,2.841,176,129,1715.0,-0.00183,26.696
5081.0,1,1,0.814,10,2.841,176,129,1715.0,-0.00183,26.696
5082.0,1,1,0.814,10,2.841,176,129,1715.0,-0.00183,26.696
5083.0,1,1,0.814,10,2.841,176,129,1715.0,-0.00183,26.696
5084.0,3,0,0.991,10,2.841,177,129,1720.7,-0.00183,26.247
5085.0,3,0,0.991,10,2.841,177,129,1720.7,-0.00183,26.265
5086.0,3,1,0.991,10,2.841,177,129,1720.7,-0.00183,26.265
5087.0,3,1,0.991,10,2.841,177,129,1720.7,-0.00183,26.265
5088.0,3,1,0.991,10,2.841,177,129,1720.7,-0.00183,26.265
5089.0,3,1,0.991,10,2.841,177,129,1720.7,-0.00183,26.265
5090.0,3,1,0.991,10,2.841,177,129,1720.7,-0.00183,26.265
5091.0,3,1,0.991,10,2.841,177,129,1720.7,-0.00183,26.265
5092.0,3,1,0.991,10,2.841,177,129,1720.7,-0.00183,26.265
5093.0,3,1,0.991,10,2.841,177,129,1720.7,-0.00183,26.265
5094.0,3,1,0.991,10,2.841,177,129,1720.7,-0.00183,26.265
5095.0,3,1,0.991,10,2.841,177,129,1720.7,-0.00183,26.265
5096.0,3,1,0.991,10,2.841,177,129,1720.7,-0.00183,26.265
5097.0,3,1,0.991,10,2.841,177,129,1720.7,-0.00183,26.265
5098.0,4,0,0.987,10,2.841,178,129,1723.6,-0.00183,25.919
5099.0,4,0,0.987,10,2.841,178,129,1723.6,-0.00183,25.919
5100.0,4,0,0.987,10,2.84,178,130,1723.6,-0.00183,26.019
5101.0,4,1,0.987,10,2.84,178,130,1723.6,-0.00183,26.019
5102.0,4,1,0.987,10,2.84,178,130,1723.6,-0.00183,26.019
5103.0,4,1,0.987,10,2.84,178,130,1723.6,-0.00183,26.019
5104.0,4,1,0.987,10,2.84,178,130,1723.6,-0.00183,26.019
5105.0,4,1,0.987,10,2.84,178,130,1723.6,-0.00183,26.019
5106.0,4,1,0.987,10,2.84,178,130,1723.6,-0.00183,26.019
5107.0,4,1,0.987,10,2.84,178,130,1723.6,-0.00183,26.019
5108.0,4,1,0.987,10,2.84,178,130,1723.6,-0.00183,26.019
5109.0,4,1,0.987,10,2.84,178,130,1723.6,-0.00183,26.019
5110.0,4,1,0.987,10,2.84,178,130,1723.6,-0.00183,26.019
5111.0,4,1,0.987,10,2.84,178,130,1723.6,-0.00183,26.019
5112.0,4,1,0.987,10,2.84,178,130,1723.6,-0.00183,26.019
5113.0,4,1,0.987,10,2.84,178,130,1723.6,-0.00183,26.019
5114.0,4,1,0.987,10,2.84,178,130,1723.6,-0.00183,26.019
5115.0,4,1,0.987,10,2.84,178,130,1723.6,-0.00183,26.019
5116.0,4,1,0.987,10,2.84,178,130,1723.6,-0.00183,26.019
5117.0,4,1,0.987,10,2.84,178,130,1723.6,-0.00183,26.019
5118.0,4,1,0.987,10,2.84,178,130,1723.6,-0.00183,26.019
5119.0,4,1,0.987,10,2.84,178,130,1723.6,-0.00183,26.019
5120.0,4,1,0.987,10,2.84,178,130,1723.6,-0.00183,26.019
5121.0,4,1,0.987,10,2.84,178,130,1723.6,-0.00183,26.019
5122.0,4,1,0.987,10,2.84,178,130,1723.6,-0.00183,26.019
5123.0,4,1,0.987,10,2.84,178,130,1723.6,-0.00183,26.019
5124.0,8,0,0.862,10,2.84,179,130,1734.9,-0.00183,26.441
5125.0,8,0,0.862,10,2.84,179,130,1734.9,-0.00183,26.459
5126.0,8,0,0.862,10,2.843,179,131,1734.9,-0.00183,26.361
5127.0,8,0,0.862,10,2.843,179,131,1734.9,-0.00183,26.339
5128.0,8,1,0.862,10,2.843,179,131,1734.9,-0.00183,26.339
5129.0,8,1,0.862,10,2.843,179,131,1734.9,-0.00183,26.339
5130.0,8,1,0.862,10,2.843,179,131,1734.9,-0.00183,26.339
5131.0,8,1,0.862,10,2.843,179,131,1734.9,-0.00183,26.339
5132.0,8,1,0.862,10,2.843,179,131,1734.9,-0.00183,26.339
5133.0,8,1,0.862,10,2.843,179,131,1734.9,-0.00183,26.339
5134.0,8,1,0.862,10,2.843,179,131,1734.9,-0.00183,26.339
5135.0,8,1,0.862,10,2.843,179,131,1734.9,-0.00183,26.339
5136.0,8,1,0.862,10,2.843,179,131,1734.9,-0.00183,26.339
5137.0,8,1,0.862,10,2.843,179,131,1734.9,-0.00183,26.339
5138.0,8,1,0.862,10,2.843,179,131,1734.9,-0.00183,26.339
5139.0,8,1,0.862,10,2.843,179,131,1734.9,-0.00183,26.339
5140.0,8,1,0.862,10,2.843,179,131,1734.9,-0.00183,26.339
5141.0,8,1,0.862,10,2.843,179,131,1734.9,-0.00183,26.339
5142.0,6,0,0.609,10,2.843,180,131,1740.6,-0.00183,26.616
5143.0,6,0,0.609,10,2.843,180,131,1740.6,-0.00183,26.595
5144.0,6,0,0.609,10,2.829,180,132,1740.6,-0.00196,26.519
5145.0,6,0,0.609,10,2.829,180,132,1740.6,-0.00196,26.497
5146.0,6,1,0.609,10,2.829,180,132,1740.6,-0.00196,26.497
5147.0,6,1,0.609,10,2.829,180,132,1740.6,-0.00196,26.497
5148.0,6,1,0.609,10,2.829,180,132,1740.6,-0.00196,26.497
5149.0,6,1,0.609,10,2.829,180,132,1740.6,-0.00196,26.497
5150.0,6,1,0.609,10,2.829,180,132,1740.6,-0.00196,26.497
5151.0,6,1,0.609,10,2.829,180,132,1740.6,-0.00196,26.497
5152.0,6,1,0.609,10,2.829,180,132,1740.6,-0.00196,26.497
5153.0,6,1,0.609,10,2.829,180,132,1740.6,-0.00196,26.497
5154.0,6,1,0.609,10,2.829,180,132,1740.6,-0.00196,26.497
5155.0,6,1,0.609,10,2.829,180,132,1740.6,-0.00196,26.497
5156.0,6,1,0.609,10,2.829,180,132,1740.6,-0.00196,26.497
5157.0,6,1,0.609,10,2.829,180,132,1740.6,-0.00196,26.497
5158.0,6,1,0.609,10,2.829,180,132,1740.6,-0.00196,26.497
5159.0,6,1,0.609,10,2.829,180,132,1740.6,-0.00196,26.497
5160.0,6,1,0.609,10,2.829,180,132,1740.6,-0.00196,26.497
5161.0,5,0,0.88,10,2.829,181,132,1743.5,-0.00196,26.707
5162.0,5,0,0.88,10,2.829,181,132,1743.5,-0.00196,26.686
5163.0,5,0,0.88,10,2.838,181,133,1743.5,-0.002,26.604
5164.0,5,1,0.88,10,2.838,181,133,1743.5,-0.002,26.604
5165.0,5,1,0.88,10,2.838,181,133,1743.5,-0.002,26.604
5166.0,5,1,0.88,10,2.838,181,133,1743.5,-0.002,26.604
5167.0,5,1,0.88,10,2.838,181,133,1743.5,-0.002,26.604
5168.0,5,1,0.88,10,2.838,181,133,1743.5,-0.002,26.604
5169.0,5,1,0.88,10,2.838,181,133,1743.5,-0.002,26.604
5170.0,5,1,0.88,10,2.838,181,133,1743.5,-0.002,26.604
5171.0,5,1,0.88,10,2.838,181,133,1743.5,-0.002,26.604
5172.0,5,1,0.88,10,2.838,181,133,1743.5,-0.002,26.604
5173.0,5,1,0.88,10,2.838,181,133,1743.5,-0.002,26.604
5174.0,5,1,0.88,10,2.838,181,133,1743.5,-0.002,26.604
5175.0,5,1,0.88,10,2.838,181,133,1743.5,-0.002,26.604
5176.0,5,1,0.88,10,2.838,181,133,1743.5,-0.002,26.604
5177.0,5,1,0.88,10,2.838,181,133,1743.5,-0.002,26.604
5178.0,5,1,0.88,10,2.838,181,133,1743.5,-0.002,26.604
5179.0,5,1,0.88,10,2.838,181,133,1743.5,-0.002,26.604
5180.0,5,1,0.88,10,2.838,181,133,1743.5,-0.002,26.604
5181.0,5,1,0.88,10,2.838,181,133,1743.5,-0.002,26.604
5182.0,5,1,0.88,10,2.838,181,133,1743.5,-0.002,26.604
5183.0,5,1,0.88,10,2.838,181,133,1743.5,-0.002,26.604
5184.0,5,1,0.88,10,2.838,181,133,1743.5,-0.002,26.604
5185.0,5,1,0.88,10,2.838,181,133,1743.5,-0.002,26.604
5186.0,5,1,0.88,10,2.838,181,133,1743.5,-0.002,26.604
5187.0,1,0,0.63,10,2.838,182,133,1754.8,-0.002,26.509
5188.0,1,0,0.63,10,2.838,182,133,1754.8,-0.002,26.509
5189.0,1,1,0.63,10,2.838,182,133,1754.8,-0.002,26.509
5190.0,1,1,0.63,10,2.838,182,133,1754.8,-0.002,26.509
5191.0,1,0,1.0,10,2.838,182,133,1754.8,-0.002,26.363
5192.0,1,1,1.0,10,2.838,182,133,1754.8,-0.002,26.363
5193.0,1,1,1.0,10,2.838,182,133,1754.8,-0.002,26.363
5194.0,1,1,1.0,10,2.838,182,133,1754.8,-0.002,26.363
5195.0,1,1,1.0,10,2.838,182,133,1754.8,-0.002,26.363
5196.0,1,1,1.0,10,2.838,182,133,1754.8,-0.002,26.363
5197.0,1,1,1.0,10,2.838,182,133,1754.8,-0.002,26.363
5198.0,1,1,1.0,10,2.838,182,133,1754.8,-0.002,26.363
5199.0,1,1,1.0,10,2.838,182,133,1754.8,-0.002,26.363
5200.0,1,1,1.0,10,2.838,182,133,1754.8,-0.002,26.363
5201.0,1,1,1.0,10,2.838,182,133,1754.8,-0.002,26.363
5202.0,1,1,1.0,10,2.838,182,133,1754.8,-0.002,26.363
5203.0,1,1,1.0,10,2.838,182,133,1754.8,-0.002,26.363
5204.0,1,1,1.0,10,2.838,182,133,1754.8,-0.002,26.363
5205.0,1,1,1.0,10,2.838,182,133,1754.8,-0.002,26.363
5206.0,1,1,1.0,10,2.838,182,133,1754.8,-0.002,26.363
5207.0,1,1,1.0,10,2.838,182,133,1754.8,-0.002,26.363
5208.0,1,1,1.0,10,2.838,182,133,1754.8,-0.002,26.363
5209.0,1,1,1.0,10,2.838,182,133,1754.8,-0.002,26.363
5210.0,1,1,1.0,10,2.838,182,133,1754.8,-0.002,26.363
5211.0,1,1,1.0,10,2.838,182,133,1754.8,-0.002,26.363
5212.0,1,1,1.0,10,2.838,182,133,1754.8,-0.002,26.363
5213.0,5,0,0.524,10,2.838,183,133,1766.2,-0.002,26.522
5214.0,5,0,0.524,10,2.838,183,133,1766.2,-0.002,26.54
5215.0,5,0,0.524,10,2.846,183,134,1766.2,-0.00221,26.507
5216.0,5,0,0.524,10,2.846,183,134,1766.2,-0.00221,26.513
5217.0,5,0,0.524,10,2.846,183,134,1766.2,-0.00221,26.531
5218.0,5,0,0.524,10,2.846,183,134,1766.2,-0.00221,26.534
5219.0,5,0,0.524,10,2.846,183,134,1766.2,-0.00221,26.534
5220.0,5,0,0.524,10,2.846,183,134,1766.2,-0.00221,26.534
5221.0,5,0,0.524,10,2.846,183,134,1766.2,-0.00221,26.534
5222.0,5,0,0.524,10,2.846,183,134,1766.2,-0.00221,26.552
5223.0,5,0,0.524,10,2.846,183,134,1766.2,-0.00221,26.555
5224.0,5,0,0.524,10,2.846,183,134,1766.2,-0.00221,26.573
5225.0,5,0,0.524,10,2.846,183,134,1766.2,-0.00221,26.576
5226.0,5,0,0.524,10,2.846,183,134,1766.2,-0.00221,26.555
5227.0,5,0,0.524,10,2.846,183,134,1766.2,-0.00221,26.533
5228.0,5,0,0.524,10,2.846,183,134,1766.2,-0.00221,26.513
5229.0,5,1,0.524,10,2.846,183,134,1766.2,-0.00221,26.513
5230.0,5,1,0.524,10,2.846,183,134,1766.2,-0.00221,26.513
5231.0,5,1,0.524,10,2.846,183,134,1766.2,-0.00221,26.513
5232.0,5,1,0.524,10,2.846,183,134,1766.2,-0.00221,26.513
5233.0,5,1,0.524,10,2.846,183,134,1766.2,-0.00221,26.513
5234.0,5,1,0.524,10,2.846,183,134,1766.2,-0.00221,26.513
5235.0,5,1,0.524,10,2.846,183,134,1766.2,-0.00221,26.513
5236.0,5,1,0.524,10,2.846,183,134,1766.2,-0.00221,26.513
5237.0,5,1,0.524,10,2.846,183,134,1766.2,-0.00221,26.513
5238.0,5,1,0.524,10,2.846,183,134,1766.2,-0.00221,26.513
5239.0,5,1,0.524,10,2.846,183,134,1766.2,-0.00221,26.513
5240.0,5,1,0.524,10,2.846,183,134,1766.2,-0.00221,26.513
5241.0,5,1,0.524,10,2.846,183,134,1766.2,-0.00221,26.513
5242.0,5,1,0.524,10,2.846,183,134,1766.2,-0.00221,26.513
5243.0,5,1,0.524,10,2.846,183,134,1766.2,-0.00221,26.513
5244.0,5,1,0.524,10,2.846,183,134,1766.2,-0.00221,26.513
5245.0,5,1,0.524,10,2.846,183,134,1766.2,-0.00221,26.513
5246.0,5,1,0.524,10,2.846,183,134,1766.2,-0.00221,26.513
5247.0,5,1,0.524,10,2.846,183,134,1766.2,-0.00221,26.513
5248.0,5,1,0.524,10,2.846,183,134,1766.2,-0.00221,26.513
5249.0,5,1,0.524,10,2.846,183,134,1766.2,-0.00221,26.513
5250.0,1,0,0.831,10,2.846,184,134,1777.5,-0.00221,26.717
5251.0,1,1,0.831,10,2.846,184,134,1777.5,-0.00221,26.717
5252.0,1,1,0.831,10,2.846,184,134,1777.5,-0.00221,26.717
5253.0,1,1,0.831,10,2.846,184,134,1777.5,-0.00221,26.717
5254.0,1,1,0.831,10,2.846,184,134,1777.5,-0.00221,26.717
5255.0,1,1,0.831,10,2.846,184,134,1777.5,-0.00221,26.717
5256.0,1,1,0.831,10,2.846,184,134,1777.5,-0.00221,26.717
5257.0,1,1,0.831,10,2.846,184,134,1777.5,-0.00221,26.717
5258.0,1,1,0.831,10,2.846,184,134,1777.5,-0.00221,26.717
5259.0,1,1,0.831,10,2.846,184,134,1777.5,-0.00221,26.717
5260.0,1,1,0.831,10,2.846,184,134,1777.5,-0.00221,26.717
5261.0,1,1,0.831,10,2.846,184,134,1777.5,-0.00221,26.717
5262.0,1,1,0.831,10,2.846,184,134,1777.5,-0.00221,26.717
5263.0,1,1,0.831,10,2.846,184,134,1777.5,-0.00221,26.717
5264.0,1,1,0.831,10,2.846,184,134,1777.5,-0.00221,26.717
5265.0,3,0,0.997,10,2.846,185,134,1783.2,-0.00221,26.289
5266.0,3,0,0.997,10,2.846,185,134,1783.2,-0.00221,26.289
5267.0,3,0,0.997,10,2.846,185,135,1783.2,-0.00221,26.388
5268.0,3,0,0.997,10,2.846,185,135,1783.2,-0.00221,26.406
5269.0,3,0,0.997,10,2.846,185,135,1783.2,-0.00221,26.424
5270.0,3,1,0.997,10,2.846,185,135,1783.2,-0.00221,26.424
5271.0,3,1,0.997,10,2.846,185,135,1783.2,-0.00221,26.424
5272.0,3,1,0.997,10,2.846,185,135,1783.2,-0.00221,26.424
5273.0,3,1,0.997,10,2.846,185,135,1783.2,-0.00221,26.424
5274.0,3,1,0.997,10,2.846,185,135,1783.2,-0.00221,26.424
5275.0,3,1,0.997,10,2.846,185,135,1783.2,-0.00221,26.424
5276.0,3,1,0.997,10,2.846,185,135,1783.2,-0.00221,26.424
5277.0,3,1,0.997,10,2.846,185,135,1783.2,-0.00221,26.424
5278.0,3,1,0.997,10,2.846,185,135,1783.2,-0.00221,26.424
5279.0,3,1,0.997,10,2.846,185,135,1783.2,-0.00221,26.424
5280.0,3,1,0.997,10,2.846,185,135,1783.2,-0.00221,26.424
5281.0,3,1,0.997,10,2.846,185,135,1783.2,-0.00221,26.424
5282.0,3,1,0.997,10,2.846,185,135,1783.2,-0.00221,26.424
5283.0,3,1,0.997,10,2.846,185,135,1783.2,-0.00221,26.424
5284.0,3,1,0.997,10,2.846,185,135,1783.2,-0.00221,26.424
5285.0,3,1,0.997,10,2.846,185,135,1783.2,-0.00221,26.424
5286.0,3,1,0.997,10,2.846,185,135,1783.2,-0.00221,26.424
5287.0,3,1,0.997,10,2.846,185,135,1783.2,-0.00221,26.424
5288.0,3,1,0.997,10,2.846,185,135,1783.2,-0.00221,26.424
5289.0,7,0,0.995,10,2.846,186,135,1794.6,-0.00221,25.928
5290.0,7,1,0.995,10,2.846,186,135,1794.6,-0.00221,25.928
5291.0,7,0,1.0,10,2.846,186,135,1794.6,-0.00221,25.991
5292.0,7,1,1.0,10,2.846,186,135,1794.6,-0.00221,25.991
5293.0,7,1,1.0,10,2.846,186,135,1794.6,-0.00221,25.991
5294.0,7,0,1.0,10,2.846,186,135,1794.6,-0.00221,26.2
5295.0,7,0,1.0,10,2.846,186,135,1794.6,-0.00221,26.218
5296.0,7,0,1.0,10,2.846,186,135,1794.6,-0.00221,26.235
5297.0,7,0,1.0,10,2.846,186,135,1794.6,-0.00221,26.253
5298.0,7,0,1.0,10,2.846,186,135,1794.6,-0.00221,26.271
5299.0,7,0,1.0,10,2.846,186,135,1794.6,-0.00221,26.284
5300.0,7,0,1.0,10,2.846,186,135,1794.6,-0.00221,26.301
5301.0,7,0,1.0,10,2.846,186,135,1794.6,-0.00221,26.304
5302.0,7,0,1.0,10,2.846,186,135,1794.6,-0.00221,26.304
5303.0,7,0,1.0,10,2.846,186,135,1794.6,-0.00221,26.322
5304.0,7,0,1.0,10,2.846,186,135,1794.6,-0.00221,26.34
5305.0,7,0,1.0,10,2.846,186,135,1794.6,-0.00221,26.358
5306.0,7,0,1.0,10,2.846,186,135,1794.6,-0.00221,26.376
5307.0,7,0,1.0,10,2.846,186,135,1794.6,-0.00221,26.393
5308.0,7,0,1.0,10,2.846,186,135,1794.6,-0.00221,26.411
5309.0,7,0,1.0,10,2.846,186,135,1794.6,-0.00221,26.429
5310.0,7,0,1.0,10,2.846,186,135,1794.6,-0.00221,26.447
5311.0,7,0,1.0,10,2.846,186,135,1794.6,-0.00221,26.465
5312.0,7,0,1.0,10,2.846,186,135,1794.6,-0.00221,26.482
5313.0,7,0,1.0,10,2.846,186,135,1794.6,-0.00221,26.5
5314.0,7,0,1.0,10,2.846,186,135,1794.6,-0.00221,26.518
5315.0,7,1,1.0,10,2.846,186,135,1794.6,-0.00221,26.518
5316.0,7,1,1.0,10,2.846,186,135,1794.6,-0.00221,26.518
5317.0,7,1,1.0,10,2.846,186,135,1794.6,-0.00221,26.518
5318.0,7,1,1.0,10,2.846,186,135,1794.6,-0.00221,26.518
5319.0,7,1,1.0,10,2.846,186,135,1794.6,-0.00221,26.518
5320.0,7,1,1.0,10,2.846,186,135,1794.6,-0.00221,26.518
5321.0,7,1,1.0,10,2.846,186,135,1794.6,-0.00221,26.518
5322.0,7,1,1.0,10,2.846,186,135,1794.6,-0.00221,26.518
5323.0,7,1,1.0,10,2.846,186,135,1794.6,-0.00221,26.518
5324.0,7,1,1.0,10,2.846,186,135,1794.6,-0.00221,26.518
5325.0,7,1,1.0,10,2.846,186,135,1794.6,-0.00221,26.518
5326.0,7,1,1.0,10,2.846,186,135,1794.6,-0.00221,26.518
5327.0,7,1,1.0,10,2.846,186,135,1794.6,-0.00221,26.518
5328.0,7,1,1.0,10,2.846,186,135,1794.6,-0.00221,26.518
5329.0,6,0,0.95,10,2.846,187,135,1797.5,-0.00221,26.54
5330.0,6,0,0.95,10,2.846,187,135,1797.5,-0.00221,26.54
5331.0,6,0,0.95,10,2.842,187,136,1797.5,-0.00213,26.527
5332.0,6,0,0.95,10,2.842,187,136,1797.5,-0.00213,26.527
5333.0,6,0,0.95,10,2.842,187,136,1797.5,-0.00213,26.505
5334.0,6,1,0.95,10,2.842,187,136,1797.5,-0.00213,26.505
5335.0,6,1,0.95,10,2.842,187,136,1797.5,-0.00213,26.505
5336.0,6,1,0.95,10,2.842,187,136,1797.5,-0.00213,26.505
5337.0,6,1,0.95,10,2.842,187,136,1797.5,-0.00213,26.505
5338.0,6,1,0.95,10,2.842,187,136,1797.5,-0.00213,26.505
5339.0,6,1,0.95,10,2.842,187,136,1797.5,-0.00213,26.505
5340.0,6,1,0.95,10,2.842,187,136,1797.5,-0.00213,26.505
5341.0,6,1,0.95,10,2.842,187,136,1797.5,-0.00213,26.505
5342.0,6,1,0.95,10,2.842,187,136,1797.5,-0.00213,26.505
5343.0,6,1,0.95,10,2.842,187,136,1797.5,-0.00213,26.505
5344.0,6,1,0.95,10,2.842,187,136,1797.5,-0.00213,26.505
5345.0,6,1,0.95,10,2.842,187,136,1797.5,-0.00213,26.505
5346.0,6,1,0.95,10,2.842,187,136,1797.5,-0.00213,26.505
5347.0,6,1,0.95,10,2.842,187,136,1797.5,-0.00213,26.505
5348.0,6,1,0.95,10,2.842,187,136,1797.5,-0.00213,26.505
5349.0,6,1,0.95,10,2.842,187,136,1797.5,-0.00213,26.505
5350.0,6,1,0.95,10,2.842,187,136,1797.5,-0.00213,26.505
5351.0,6,1,0.95,10,2.842,187,136,1797.5,-0.00213,26.505
5352.0,6,1,0.95,10,2.842,187,136,1797.5,-0.00213,26.505
5353.0,2,0,0.892,10,2.842,188,136,1808.8,-0.00213,26.827
5354.0,2,1,0.892,10,2.842,188,136,1808.8,-0.00213,26.827
5355.0,2,1,0.892,10,2.842,188,136,1808.8,-0.00213,26.827
5356.0,2,1,0.892,10,2.842,188,136,1808.8,-0.00213,26.827
5357.0,2,1,0.892,10,2.842,188,136,1808.8,-0.00213,26.827
5358.0,2,1,0.892,10,2.842,188,136,1808.8,-0.00213,26.827
5359.0,2,1,0.892,10,2.842,188,136,1808.8,-0.00213,26.827
5360.0,2,1,0.892,10,2.842,188,136,1808.8,-0.00213,26.827
5361.0,2,1,0.892,10,2.842,188,136,1808.8,-0.00213,26.827
5362.0,2,1,0.892,10,2.842,188,136,1808.8,-0.00213,26.827
5363.0,2,1,0.892,10,2.842,188,136,1808.8,-0.00213,26.827
5364.0,2,1,0.892,10,2.842,188,136,1808.8,-0.00213,26.827
5365.0,2,1,0.892,10,2.842,188,136,1808.8,-0.00213,26.827
5366.0,2,1,0.892,10,2.842,188,136,1808.8,-0.00213,26.827
5367.0,2,1,0.892,10,2.842,188,136,1808.8,-0.00213,26.827
5368.0,1,0,0.539,10,2.842,189,136,1811.7,-0.00213,26.738
5369.0,1,0,0.539,10,2.842,189,136,1811.7,-0.00213,26.738
5370.0,1,0,0.539,10,2.875,189,137,1811.7,-0.00207,26.738
5371.0,1,0,0.539,10,2.875,189,137,1811.7,-0.00207,26.756
5372.0,1,0,0.539,10,2.875,189,137,1811.7,-0.00207,26.759
5373.0,1,0,0.539,10,2.875,189,137,1811.7,-0.00207,26.777
5374.0,1,0,0.539,10,2.875,189,137,1811.7,-0.00207,26.795
5375.0,1,0,0.539,10,2.875,189,137,1811.7,-0.00207,26.801
5376.0,1,1,0.539,10,2.875,189,137,1811.7,-0.00207,26.801
5377.0,1,1,0.539,10,2.875,189,137,1811.7,-0.00207,26.801
5378.0,1,1,0.539,10,2.875,189,137,1811.7,-0.00207,26.801
5379.0,1,1,0.539,10,2.875,189,137,1811.7,-0.00207,26.801
5380.0,1,1,0.539,10,2.875,189,137,1811.7,-0.00207,26.801
5381.0,1,1,0.539,10,2.875,189,137,1811.7,-0.00207,26.801
5382.0,1,1,0.539,10,2.875,189,137,1811.7,-0.00207,26.801
5383.0,1,1,0.539,10,2.875,189,137,1811.7,-0.00207,26.801
5384.0,1,1,0.539,10,2.875,189,137,1811.7,-0.00207,26.801
5385.0,1,1,0.539,10,2.875,189,137,1811.7,-0.00207,26.801
5386.0,1,1,0.539,10,2.875,189,137,1811.7,-0.00207,26.801
5387.0,1,1,0.539,10,2.875,189,137,1811.7,-0.00207,26.801
5388.0,1,1,0.539,10,2.875,189,137,1811.7,-0.00207,26.801
5389.0,1,1,0.539,10,2.875,189,137,1811.7,-0.00207,26.801
5390.0,1,1,0.539,10,2.875,189,137,1811.7,-0.00207,26.801
5391.0,1,1,0.539,10,2.875,189,137,1811.7,-0.00207,26.801
5392.0,1,1,0.539,10,2.875,189,137,1811.7,-0.00207,26.801
5393.0,1,1,0.539,10,2.875,189,137,1811.7,-0.00207,26.801
5394.0,1,1,0.539,10,2.875,189,137,1811.7,-0.00207,26.801
5395.0,1,1,0.539,10,2.875,189,137,1811.7,-0.00207,26.801
5396.0,1,1,0.539,10,2.875,189,137,1811.7,-0.00207,26.801
5397.0,1,1,0.539,10,2.875,189,137,1811.7,-0.00207,26.801
5398.0,1,1,0.539,10,2.875,189,137,1811.7,-0.00207,26.801
5399.0,1,1,0.539,10,2.875,189,137,1811.7,-0.00207,26.801
5400.0,1,1,0.539,10,2.875,189,137,1811.7,-0.00207,26.801
5401.0,1,1,0.539,10,2.875,189,137,1811.7,-0.00207,26.801
5402.0,7,0,0.831,10,2.875,190,137,1828.9,-0.00207,26.394
5403.0,7,1,0.831,10,2.875,190,137,1828.9,-0.00207,26.394
5404.0,7,1,0.831,10,2.875,190,137,1828.9,-0.00207,26.394
5405.0,7,1,0.831,10,2.875,190,137,1828.9,-0.00207,26.394
5406.0,7,1,0.831,10,2.875,190,137,1828.9,-0.00207,26.394
5407.0,7,1,0.831,10,2.875,190,137,1828.9,-0.00207,26.394
5408.0,7,1,0.831,10,2.875,190,137,1828.9,-0.00207,26.394
5409.0,7,1,0.831,10,2.875,190,137,1828.9,-0.00207,26.394
5410.0,7,1,0.831,10,2.875,190,137,1828.9,-0.00207,26.394
5411.0,7,1,0.831,10,2.875,190,137,1828.9,-0.00207,26.394
5412.0,7,1,0.831,10,2.875,190,137,1828.9,-0.00207,26.394
5413.0,7,1,0.831,10,2.875,190,137,1828.9,-0.00207,26.394
5414.0,7,1,0.831,10,2.875,190,137,1828.9,-0.00207,26.394
5415.0,7,1,0.831,10,2.875,190,137,1828.9,-0.00207,26.394
5416.0,8,0,0.967,10,2.875,191,137,1831.8,-0.00207,26.665
5417.0,8,0,0.967,10,2.875,191,137,1831.8,-0.00207,26.683
5418.0,8,0,0.967,10,2.873,191,138,1831.8,-0.00185,26.627
5419.0,8,0,0.967,10,2.873,191,138,1831.8,-0.00185,26.645
5420.0,8,1,0.967,10,2.873,191,138,1831.8,-0.00185,26.645
5421.0,8,1,0.967,10,2.873,191,138,1831.8,-0.00185,26.645
5422.0,8,1,0.967,10,2.873,191,138,1831.8,-0.00185,26.645
5423.0,8,1,0.967,10,2.873,191,138,1831.8,-0.00185,26.645
5424.0,8,1,0.967,10,2.873,191,138,1831.8,-0.00185,26.645
5425.0,8,1,0.967,10,2.873,191,138,1831.8,-0.00185,26.645
5426.0,8,1,0.967,10,2.873,191,138,1831.8,-0.00185,26.645
5427.0,8,1,0.967,10,2.873,191,138,1831.8,-0.00185,26.645
5428.0,8,1,0.967,10,2.873,191,138,1831.8,-0.00185,26.645
5429.0,8,1,0.967,10,2.873,191,138,1831.8,-0.00185,26.645
5430.0,8,1,0.967,10,2.873,191,138,1831.8,-0.00185,26.645
5431.0,8,1,0.967,10,2.873,191,138,1831.8,-0.00185,26.645
5432.0,8,1,0.967,10,2.873,191,138,1831.8,-0.00185,26.645
5433.0,8,1,0.967,10,2.873,191,138,1831.8,-0.00185,26.645
5434.0,9,0,0.815,10,2.873,192,138,1834.7,-0.00185,26.328
5435.0,9,0,0.815,10,2.873,192,138,1834.7,-0.00185,26.346
5436.0,9,0,0.815,10,2.859,192,139,1834.7,-0.00012,26.439
5437.0,9,0,0.815,10,2.859,192,139,1834.7,-0.00012,26.459
5438.0,9,0,0.815,10,2.859,192,139,1834.7,-0.00012,26.464
5439.0,9,0,0.815,10,2.859,192,139,1834.7,-0.00012,26.464
5440.0,9,0,0.815,10,2.859,192,139,1834.7,-0.00012,26.483
5441.0,9,1,0.815,10,2.859,192,139,1834.7,-0.00012,26.483
5442.0,9,1,0.815,10,2.859,192,139,1834.7,-0.00012,26.483
5443.0,9,1,0.815,10,2.859,192,139,1834.7,-0.00012,26.483
5444.0,9,1,0.815,10,2.859,192,139,1834.7,-0.00012,26.483
5445.0,9,1,0.815,10,2.859,192,139,1834.7,-0.00012,26.483
5446.0,9,1,0.815,10,2.859,192,139,1834.7,-0.00012,26.483
5447.0,9,1,0.815,10,2.859,192,139,1834.7,-0.00012,26.483
5448.0,9,1,0.815,10,2.859,192,139,1834.7,-0.00012,26.483
5449.0,9,1,0.815,10,2.859,192,139,1834.7,-0.00012,26.483
5450.0,9,1,0.815,10,2.859,192,139,1834.7,-0.00012,26.483
5451.0,9,1,0.815,10,2.859,192,139,1834.7,-0.00012,26.483
5452.0,9,1,0.815,10,2.859,192,139,1834.7,-0.00012,26.483
5453.0,9,1,0.815,10,2.859,192,139,1834.7,-0.00012,26.483
5454.0,9,1,0.815,10,2.859,192,139,1834.7,-0.00012,26.483
5455.0,9,1,0.815,10,2.859,192,139,1834.7,-0.00012,26.483
5456.0,9,1,0.815,10,2.859,192,139,1834.7,-0.00012,26.483
5457.0,9,1,0.815,10,2.859,192,139,1834.7,-0.00012,26.483
5458.0,9,1,0.815,10,2.859,192,139,1834.7,-0.00012,26.483
5459.0,9,1,0.815,10,2.859,192,139,1834.7,-0.00012,26.483
5460.0,7,0,0.844,10,2.859,193,139,1840.4,-0.00012,26.415
5461.0,7,0,0.844,10,2.859,193,139,1840.4,-0.00012,26.415
5462.0,7,1,0.844,10,2.859,193,139,1840.4,-0.00012,26.415
5463.0,7,1,0.844,10,2.859,193,139,1840.4,-0.00012,26.415
5464.0,7,1,0.844,10,2.859,193,139,1840.4,-0.00012,26.415
5465.0,7,1,0.844,10,2.859,193,139,1840.4,-0.00012,26.415
5466.0,7,1,0.844,10,2.859,193,139,1840.4,-0.00012,26.415
5467.0,7,1,0.844,10,2.859,193,139,1840.4,-0.00012,26.415
5468.0,7,1,0.844,10,2.859,193,139,1840.4,-0.00012,26.415
5469.0,7,1,0.844,10,2.859,193,139,1840.4,-0.00012,26.415
5470.0,7,1,0.844,10,2.859,193,139,1840.4,-0.00012,26.415
5471.0,7,1,0.844,10,2.859,193,139,1840.4,-0.00012,26.415
5472.0,7,1,0.844,10,2.859,193,139,1840.4,-0.00012,26.415
5473.0,7,1,0.844,10,2.859,193,139,1840.4,-0.00012,26.415
5474.0,7,1,0.844,10,2.859,193,139,1840.4,-0.00012,26.415
5475.0,7,1,0.844,10,2.859,193,139,1840.4,-0.00012,26.415
5476.0,7,1,0.844,10,2.859,193,139,1840.4,-0.00012,26.415
5477.0,7,1,0.844,10,2.859,193,139,1840.4,-0.00012,26.415
5478.0,4,0,0.903,10,2.859,194,139,1849.0,-0.00012,26.654
5479.0,4,0,0.903,10,2.859,194,139,1849.0,-0.00012,26.634
5480.0,4,0,0.903,10,2.857,194,140,1849.0,0.0,26.554
5481.0,4,0,0.903,10,2.857,194,140,1849.0,0.0,26.552
5482.0,4,0,0.903,10,2.857,194,140,1849.0,0.0,26.552
5483.0,4,1,0.903,10,2.857,194,140,1849.0,0.0,26.552
5484.0,4,1,0.903,10,2.857,194,140,1849.0,0.0,26.552
5485.0,4,1,0.903,10,2.857,194,140,1849.0,0.0,26.552
5486.0,4,1,0.903,10,2.857,194,140,1849.0,0.0,26.552
5487.0,4,1,0.903,10,2.857,194,140,1849.0,0.0,26.552
5488.0,4,1,0.903,10,2.857,194,140,1849.0,0.0,26.552
5489.0,4,1,0.903,10,2.857,194,140,1849.0,0.0,26.552
5490.0,4,1,0.903,10,2.857,194,140,1849.0,0.0,26.552
5491.0,4,1,0.903,10,2.857,194,140,1849.0,0.0,26.552
5492.0,4,1,0.903,10,2.857,194,140,1849.0,0.0,26.552
5493.0,4,1,0.903,10,2.857,194,140,1849.0,0.0,26.552
5494.0,4,1,0.903,10,2.857,194,140,1849.0,0.0,26.552
5495.0,4,1,0.903,10,2.857,194,140,1849.0,0.0,26.552
5496.0,4,1,0.903,10,2.857,194,140,1849.0,0.0,26.552
5497.0,3,0,0.866,10,2.857,195,140,1851.8,0.0,26.728
5498.0,3,1,0.866,10,2.857,195,140,1851.8,0.0,26.728
5499.0,3,1,0.866,10,2.857,195,140,1851.8,0.0,26.728
5500.0,3,1,0.866,10,2.857,195,140,1851.8,0.0,26.728
5501.0,3,1,0.866,10,2.857,195,140,1851.8,0.0,26.728
5502.0,3,1,0.866,10,2.857,195,140,1851.8,0.0,26.728
5503.0,3,1,0.866,10,2.857,195,140,1851.8,0.0,26.728
5504.0,3,1,0.866,10,2.857,195,140,1851.8,0.0,26.728
5505.0,3,1,0.866,10,2.857,195,140,1851.8,0.0,26.728
5506.0,3,1,0.866,10,2.857,195,140,1851.8,0.0,26.728
5507.0,3,1,0.866,10,2.857,195,140,1851.8,0.0,26.728
5508.0,3,1,0.866,10,2.857,195,140,1851.8,0.0,26.728
5509.0,2,0,0.754,10,2.857,196,140,1854.7,0.0,26.771
5510.0,2,1,0.754,10,2.857,196,140,1854.7,0.0,26.771
5511.0,2,1,0.754,10,2.857,196,140,1854.7,0.0,26.771
5512.0,2,0,1.0,10,2.857,196,140,1854.7,0.0,26.562
5513.0,2,0,1.0,10,2.857,196,140,1854.7,0.0,26.562
5514.0,2,0,1.0,10,2.857,196,140,1854.7,0.0,26.542
5515.0,2,0,1.0,10,2.857,196,140,1854.7,0.0,26.522
5516.0,2,1,1.0,10,2.857,196,140,1854.7,0.0,26.522
5517.0,2,1,1.0,10,2.857,196,140,1854.7,0.0,26.522
5518.0,2,1,1.0,10,2.857,196,140,1854.7,0.0,26.522
5519.0,2,1,1.0,10,2.857,196,140,1854.7,0.0,26.522
5520.0,2,1,1.0,10,2.857,196,140,1854.7,0.0,26.522
5521.0,2,1,1.0,10,2.857,196,140,1854.7,0.0,26.522
5522.0,2,1,1.0,10,2.857,196,140,1854.7,0.0,26.522
5523.0,2,1,1.0,10,2.857,196,140,1854.7,0.0,26.522
5524.0,2,1,1.0,10,2.857,196,140,1854.7,0.0,26.522
5525.0,2,1,1.0,10,2.857,196,140,1854.7,0.0,26.522
5526.0,2,1,1.0,10,2.857,196,140,1854.7,0.0,26.522
5527.0,2,1,1.0,10,2.857,196,140,1854.7,0.0,26.522
5528.0,2,1,1.0,10,2.857,196,140,1854.7,0.0,26.522
5529.0,2,1,1.0,10,2.857,196,140,1854.7,0.0,26.522
5530.0,1,0,0.661,10,2.857,197,140,1857.5,0.0,26.634
5531.0,1,0,0.661,10,2.857,197,140,1857.5,0.0,26.634
5532.0,1,0,0.661,10,2.881,197,141,1857.5,0.0,26.634
5533.0,1,0,0.661,10,2.881,197,141,1857.5,0.0,26.654
5534.0,1,0,0.661,10,2.881,197,141,1857.5,0.0,26.655
5535.0,1,0,0.661,10,2.881,197,141,1857.5,0.0,26.655
5536.0,1,0,0.661,10,2.881,197,141,1857.5,0.0,26.635
5537.0,1,0,0.661,10,2.881,197,141,1857.5,0.0,26.634
5538.0,1,0,0.661,10,2.881,197,141,1857.5,0.0,26.634
5539.0,1,0,0.661,10,2.881,197,141,1857.5,0.0,26.654
5540.0,1,0,0.661,10,2.881,197,141,1857.5,0.0,26.655
5541.0,1,0,0.661,10,2.881,197,141,1857.5,0.0,26.655
5542.0,1,0,0.661,10,2.881,197,141,1857.5,0.0,26.635
5543.0,1,0,0.661,10,2.881,197,141,1857.5,0.0,26.615
5544.0,1,1,0.661,10,2.881,197,141,1857.5,0.0,26.615
5545.0,1,1,0.661,10,2.881,197,141,1857.5,0.0,26.615
5546.0,1,1,0.661,10,2.881,197,141,1857.5,0.0,26.615
5547.0,1,1,0.661,10,2.881,197,141,1857.5,0.0,26.615
5548.0,1,1,0.661,10,2.881,197,141,1857.5,0.0,26.615
5549.0,1,1,0.661,10,2.881,197,141,1857.5,0.0,26.615
5550.0,1,1,0.661,10,2.881,197,141,1857.5,0.0,26.615
5551.0,1,1,0.661,10,2.881,197,141,1857.5,0.0,26.615
5552.0,1,1,0.661,10,2.881,197,141,1857.5,0.0,26.615
5553.0,1,1,0.661,10,2.881,197,141,1857.5,0.0,26.615
5554.0,1,1,0.661,10,2.881,197,141,1857.5,0.0,26.615
5555.0,1,1,0.661,10,2.881,197,141,1857.5,0.0,26.615
5556.0,2,0,0.857,10,2.881,198,141,1860.4,0.0,26.277
5557.0,2,0,0.857,10,2.881,198,141,1860.4,0.0,26.297
5558.0,2,0,0.857,10,2.892,198,142,1860.4,0.0,26.382
5559.0,2,0,0.857,10,2.892,198,142,1860.4,0.0,26.382
5560.0,2,0,0.857,10,2.892,198,142,1860.4,0.0,26.382
5561.0,2,1,0.857,10,2.892,198,142,1860.4,0.0,26.382
5562.0,2,1,0.857,10,2.892,198,142,1860.4,0.0,26.382
5563.0,2,1,0.857,10,2.892,198,142,1860.4,0.0,26.382
5564.0,2,1,0.857,10,2.892,198,142,1860.4,0.0,26.382
5565.0,2,1,0.857,10,2.892,198,142,1860.4,0.0,26.382
5566.0,2,1,0.857,10,2.892,198,142,1860.4,0.0,26.382
5567.0,2,1,0.857,10,2.892,198,142,1860.4,0.0,26.382
5568.0,2,1,0.857,10,2.892,198,142,1860.4,0.0,26.382
5569.0,2,1,0.857,10,2.892,198,142,1860.4,0.0,26.382
5570.0,2,1,0.857,10,2.892,198,142,1860.4,0.0,26.382
5571.0,2,1,0.857,10,2.892,198,142,1860.4,0.0,26.382
5572.0,2,1,0.857,10,2.892,198,142,1860.4,0.0,26.382
5573.0,2,1,0.857,10,2.892,198,142,1860.4,0.0,26.382
5574.0,2,1,0.857,10,2.892,198,142,1860.4,0.0,26.382
5575.0,4,0,0.755,10,2.892,199,142,1866.2,0.0,25.953
5576.0,4,0,0.755,10,2.892,199,142,1866.2,0.0,25.973
5577.0,4,0,0.755,10,2.883,199,143,1866.2,0.0,26.081
5578.0,4,0,0.755,10,2.883,199,143,1866.2,0.0,26.101
5579.0,4,1,0.755,10,2.883,199,143,1866.2,0.0,26.101
5580.0,4,1,0.755,10,2.883,199,143,1866.2,0.0,26.101
5581.0,4,1,0.755,10,2.883,199,143,1866.2,0.0,26.101
5582.0,4,1,0.755,10,2.883,199,143,1866.2,0.0,26.101
5583.0,4,1,0.755,10,2.883,199,143,1866.2,0.0,26.101
5584.0,4,1,0.755,10,2.883,199,143,1866.2,0.0,26.101
5585.0,4,1,0.755,10,2.883,199,143,1866.2,0.0,26.101
5586.0,4,1,0.755,10,2.883,199,143,1866.2,0.0,26.101
5587.0,4,1,0.755,10,2.883,199,143,1866.2,0.0,26.101
5588.0,4,1,0.755,10,2.883,199,143,1866.2,0.0,26.101
5589.0,4,1,0.755,10,2.883,199,143,1866.2,0.0,26.101
5590.0,4,1,0.755,10,2.883,199,143,1866.2,0.0,26.101
5591.0,4,1,0.755,10,2.883,199,143,1866.2,0.0,26.101
5592.0,4,1,0.755,10,2.883,199,143,1866.2,0.0,26.101
5593.0,4,1,0.755,10,2.883,199,143,1866.2,0.0,26.101
5594.0,4,1,0.755,10,2.883,199,143,1866.2,0.0,26.101
5595.0,6,0,0.854,10,2.883,200,143,1872.0,0.0,26.164
5596.0,6,0,0.854,10,2.883,200,143,1872.0,0.0,26.164
5597.0,6,0,0.854,10,2.888,200,144,1872.0,-0.00011,26.148
5598.0,6,0,0.854,10,2.888,200,144,1872.0,-0.00011,26.148
5599.0,6,0,0.854,10,2.888,200,144,1872.0,-0.00011,26.148
5600.0,6,0,0.854,10,2.888,200,144,1872.0,-0.00011,26.128
5601.0,6,1,0.854,10,2.888,200,144,1872.0,-0.00011,26.128
5602.0,6,1,0.854,10,2.888,200,144,1872.0,-0.00011,26.128
5603.0,6,1,0.854,10,2.888,200,144,1872.0,-0.00011,26.128
5604.0,6,1,0.854,10,2.888,200,144,1872.0,-0.00011,26.128
5605.0,6,1,0.854,10,2.888,200,144,1872.0,-0.00011,26.128
5606.0,6,1,0.854,10,2.888,200,144,1872.0,-0.00011,26.128
5607.0,6,1,0.854,10,2.888,200,144,1872.0,-0.00011,26.128
5608.0,6,1,0.854,10,2.888,200,144,1872.0,-0.00011,26.128
5609.0,6,1,0.854,10,2.888,200,144,1872.0,-0.00011,26.128
5610.0,6,1,0.854,10,2.888,200,144,1872.0,-0.00011,26.128
5611.0,6,1,0.854,10,2.888,200,144,1872.0,-0.00011,26.128
5612.0,6,1,0.854,10,2.888,200,144,1872.0,-0.00011,26.128
5613.0,6,1,0.854,10,2.888,200,144,1872.0,-0.00011,26.128
5614.0,6,1,0.854,10,2.888,200,144,1872.0,-0.00011,26.128
5615.0,6,1,0.854,10,2.888,200,144,1872.0,-0.00011,26.128
5616.0,6,1,0.854,10,2.888,200,144,1872.0,-0.00011,26.128
5617.0,6,1,0.854,10,2.888,200,144,1872.0,-0.00011,26.128
5618.0,6,1,0.854,10,2.888,200,144,1872.0,-0.00011,26.128
5619.0,6,1,0.854,10,2.888,200,144,1872.0,-0.00011,26.128
5620.0,6,1,0.854,10,2.888,200,144,1872.0,-0.00011,26.128
5621.0,1,0,0.907,10,2.888,201,144,1886.4,-0.00011,26.571
5622.0,1,0,0.907,10,2.888,201,144,1886.4,-0.00011,26.571
5623.0,1,0,0.907,10,2.889,201,145,1886.4,-0.00011,26.551
5624.0,1,1,0.907,10,2.889,201,145,1886.4,-0.00011,26.551
5625.0,1,1,0.907,10,2.889,201,145,1886.4,-0.00011,26.551
5626.0,1,1,0.907,10,2.889,201,145,1886.4,-0.00011,26.551
5627.0,1,1,0.907,10,2.889,201,145,1886.4,-0.00011,26.551
5628.0,1,1,0.907,10,2.889,201,145,1886.4,-0.00011,26.551
5629.0,1,1,0.907,10,2.889,201,145,1886.4,-0.00011,26.551
5630.0,1,1,0.907,10,2.889,201,145,1886.4,-0.00011,26.551
5631.0,1,1,0.907,10,2.889,201,145,1886.4,-0.00011,26.551
5632.0,1,1,0.907,10,2.889,201,145,1886.4,-0.00011,26.551
5633.0,1,1,0.907,10,2.889,201,145,1886.4,-0.00011,26.551
5634.0,1,1,0.907,10,2.889,201,145,1886.4,-0.00011,26.551
5635.0,1,1,0.907,10,2.889,201,145,1886.4,-0.00011,26.551
5636.0,1,1,0.907,10,2.889,201,145,1886.4,-0.00011,26.551
5637.0,1,1,0.907,10,2.889,201,145,1886.4,-0.00011,26.551
5638.0,1,1,0.907,10,2.889,201,145,1886.4,-0.00011,26.551
5639.0,1,1,0.907,10,2.889,201,145,1886.4,-0.00011,26.551
5640.0,1,1,0.907,10,2.889,201,145,1886.4,-0.00011,26.551
5641.0,1,1,0.907,10,2.889,201,145,1886.4,-0.00011,26.551
5642.0,1,1,0.907,10,2.889,201,145,1886.4,-0.00011,26.551
5643.0,1,1,0.907,10,2.889,201,145,1886.4,-0.00011,26.551
5644.0,1,1,0.907,10,2.889,201,145,1886.4,-0.00011,26.551
5645.0,1,1,0.907,10,2.889,201,145,1886.4,-0.00011,26.551
5646.0,6,0,0.917,10,2.889,202,145,1900.9,-0.00011,25.967
5647.0,6,0,0.917,10,2.889,202,145,1900.9,-0.00011,25.987
5648.0,6,0,0.917,10,2.888,202,146,1900.9,-0.00012,26.152
5649.0,6,0,0.917,10,2.888,202,146,1900.9,-0.00012,26.172
5650.0,6,0,0.917,10,2.888,202,146,1900.9,-0.00012,26.192
5651.0,6,0,0.917,10,2.888,202,146,1900.9,-0.00012,26.212
5652.0,6,0,0.917,10,2.888,202,146,1900.9,-0.00012,26.232
5653.0,6,0,0.917,10,2.888,202,146,1900.9,-0.00012,26.252
5654.0,6,0,0.917,10,2.888,202,146,1900.9,-0.00012,26.272
5655.0,6,0,0.917,10,2.888,202,146,1900.9,-0.00012,26.291
5656.0,6,0,0.917,10,2.888,202,146,1900.9,-0.00012,26.311
5657.0,6,0,0.917,10,2.888,202,146,1900.9,-0.00012,26.331
5658.0,6,0,0.917,10,2.888,202,146,1900.9,-0.00012,26.342
5659.0,6,0,0.917,10,2.888,202,146,1900.9,-0.00012,26.322
5660.0,6,0,0.917,10,2.888,202,146,1900.9,-0.00012,26.302
5661.0,6,0,0.917,10,2.888,202,146,1900.9,-0.00012,26.282
5662.0,6,0,0.917,10,2.888,202,146,1900.9,-0.00012,26.28
5663.0,6,0,0.917,10,2.888,202,146,1900.9,-0.00012,26.28
5664.0,6,0,0.917,10,2.888,202,146,1900.9,-0.00012,26.28
5665.0,6,0,0.917,10,2.888,202,146,1900.9,-0.00012,26.28
5666.0,6,1,0.917,10,2.888,202,146,1900.9,-0.00012,26.28
5667.0,6,0,1.0,10,2.888,202,146,1900.9,-0.00012,26.154
5668.0,6,0,1.0,10,2.888,202,146,1900.9,-0.00012,26.154
5669.0,6,0,1.0,10,2.888,202,146,1900.9,-0.00012,26.154
5670.0,6,0,1.0,10,2.888,202,146,1900.9,-0.00012,26.154
5671.0,6,0,1.0,10,2.888,202,146,1900.9,-0.00012,26.174
5672.0,6,0,1.0,10,2.888,202,146,1900.9,-0.00012,26.194
5673.0,6,0,1.0,10,2.888,202,146,1900.9,-0.00012,26.214
5674.0,6,0,1.0,10,2.888,202,146,1900.9,-0.00012,26.234
5675.0,6,0,1.0,10,2.888,202,146,1900.9,-0.00012,26.217
5676.0,6,1,1.0,10,2.888,202,146,1900.9,-0.00012,26.217
5677.0,6,1,1.0,10,2.888,202,146,1900.9,-0.00012,26.217
5678.0,6,1,1.0,10,2.888,202,146,1900.9,-0.00012,26.217
5679.0,6,1,1.0,10,2.888,202,146,1900.9,-0.00012,26.217
5680.0,6,1,1.0,10,2.888,202,146,1900.9,-0.00012,26.217
5681.0,6,1,1.0,10,2.888,202,146,1900.9,-0.00012,26.217
5682.0,6,1,1.0,10,2.888,202,146,1900.9,-0.00012,26.217
5683.0,6,1,1.0,10,2.888,202,146,1900.9,-0.00012,26.217
5684.0,6,1,1.0,10,2.888,202,146,1900.9,-0.00012,26.217
5685.0,6,1,1.0,10,2.888,202,146,1900.9,-0.00012,26.217
5686.0,6,1,1.0,10,2.888,202,146,1900.9,-0.00012,26.217
5687.0,6,1,1.0,10,2.888,202,146,1900.9,-0.00012,26.217
5688.0,6,1,1.0,10,2.888,202,146,1900.9,-0.00012,26.217
5689.0,6,1,1.0,10,2.888,202,146,1900.9,-0.00012,26.217
5690.0,6,1,1.0,10,2.888,202,146,1900.9,-0.00012,26.217
5691.0,6,1,1.0,10,2.888,202,146,1900.9,-0.00012,26.217
5692.0,6,1,1.0,10,2.888,202,146,1900.9,-0.00012,26.217
5693.0,6,1,1.0,10,2.888,202,146,1900.9,-0.00012,26.217
5694.0,6,1,1.0,10,2.888,202,146,1900.9,-0.00012,26.217
5695.0,6,1,1.0,10,2.888,202,146,1900.9,-0.00012,26.217
5696.0,6,1,1.0,10,2.888,202,146,1900.9,-0.00012,26.217
5697.0,6,1,1.0,10,2.888,202,146,1900.9,-0.00012,26.217
5698.0,6,1,1.0,10,2.888,202,146,1900.9,-0.00012,26.217
5699.0,1,0,0.909,10,2.888,203,146,1915.3,-0.00012,26.404
5700.0,1,0,0.909,10,2.888,203,146,1915.3,-0.00012,26.404
5701.0,1,1,0.909,10,2.888,203,146,1915.3,-0.00012,26.404
5702.0,1,1,0.909,10,2.888,203,146,1915.3,-0.00012,26.404
5703.0,1,1,0.909,10,2.888,203,146,1915.3,-0.00012,26.404
5704.0,1,1,0.909,10,2.888,203,146,1915.3,-0.00012,26.404
5705.0,1,1,0.909,10,2.888,203,146,1915.3,-0.00012,26.404
5706.0,1,1,0.909,10,2.888,203,146,1915.3,-0.00012,26.404
5707.0,1,1,0.909,10,2.888,203,146,1915.3,-0.00012,26.404
5708.0,1,1,0.909,10,2.888,203,146,1915.3,-0.00012,26.404
5709.0,1,1,0.909,10,2.888,203,146,1915.3,-0.00012,26.404
5710.0,1,1,0.909,10,2.888,203,146,1915.3,-0.00012,26.404
5711.0,1,1,0.909,10,2.888,203,146,1915.3,-0.00012,26.404
5712.0,1,1,0.909,10,2.888,203,146,1915.3,-0.00012,26.404
5713.0,1,1,0.909,10,2.888,203,146,1915.3,-0.00012,26.404
5714.0,1,1,0.909,10,2.888,203,146,1915.3,-0.00012,26.404
5715.0,1,1,0.909,10,2.888,203,146,1915.3,-0.00012,26.404
5716.0,1,1,0.909,10,2.888,203,146,1915.3,-0.00012,26.404
5717.0,1,1,0.909,10,2.888,203,146,1915.3,-0.00012,26.404
5718.0,1,1,0.909,10,2.888,203,146,1915.3,-0.00012,26.404
5719.0,1,1,0.909,10,2.888,203,146,1915.3,-0.00012,26.404
5720.0,5,0,0.751,10,2.888,204,146,1926.8,-0.00012,25.844
5721.0,5,1,0.751,10,2.888,204,146,1926.8,-0.00012,25.844
5722.0,5,1,0.751,10,2.888,204,146,1926.8,-0.00012,25.844
5723.0,5,1,0.751,10,2.888,204,146,1926.8,-0.00012,25.844
5724.0,5,0,1.0,10,2.888,204,146,1926.8,-0.00012,26.074
5725.0,5,1,1.0,10,2.888,204,146,1926.8,-0.00012,26.074
5726.0,5,1,1.0,10,2.888,204,146,1926.8,-0.00012,26.074
5727.0,5,1,1.0,10,2.888,204,146,1926.8,-0.00012,26.074
5728.0,5,1,1.0,10,2.888,204,146,1926.8,-0.00012,26.074
5729.0,5,1,1.0,10,2.888,204,146,1926.8,-0.00012,26.074
5730.0,5,1,1.0,10,2.888,204,146,1926.8,-0.00012,26.074
5731.0,5,1,1.0,10,2.888,204,146,1926.8,-0.00012,26.074
5732.0,5,1,1.0,10,2.888,204,146,1926.8,-0.00012,26.074
5733.0,5,1,1.0,10,2.888,204,146,1926.8,-0.00012,26.074
5734.0,5,1,1.0,10,2.888,204,146,1926.8,-0.00012,26.074
5735.0,5,1,1.0,10,2.888,204,146,1926.8,-0.00012,26.074
5736.0,5,1,1.0,10,2.888,204,146,1926.8,-0.00012,26.074
5737.0,5,1,1.0,10,2.888,204,146,1926.8,-0.00012,26.074
5738.0,5,1,1.0,10,2.888,204,146,1926.8,-0.00012,26.074
5739.0,5,1,1.0,10,2.888,204,146,1926.8,-0.00012,26.074
5740.0,5,1,1.0,10,2.888,204,146,1926.8,-0.00012,26.074
5741.0,5,1,1.0,10,2.888,204,146,1926.8,-0.00012,26.074
5742.0,5,1,1.0,10,2.888,204,146,1926.8,-0.00012,26.074
5743.0,5,1,1.0,10,2.888,204,146,1926.8,-0.00012,26.074
5744.0,1,0,0.963,10,2.888,205,146,1938.4,-0.00012,26.217
5745.0,1,0,0.963,10,2.888,205,146,1938.4,-0.00012,26.196
5746.0,1,0,0.963,10,2.889,205,147,1938.4,-0.00068,26.176
5747.0,1,0,0.963,10,2.889,205,147,1938.4,-0.00068,26.155
5748.0,1,0,0.963,10,2.889,205,147,1938.4,-0.00068,26.134
5749.0,1,0,0.963,10,2.889,205,147,1938.4,-0.00068,26.114
5750.0,1,0,0.963,10,2.889,205,147,1938.4,-0.00068,26.093
5751.0,1,1,0.963,10,2.889,205,147,1938.4,-0.00068,26.093
5752.0,1,1,0.963,10,2.889,205,147,1938.4,-0.00068,26.093
5753.0,1,1,0.963,10,2.889,205,147,1938.4,-0.00068,26.093
5754.0,1,1,0.963,10,2.889,205,147,1938.4,-0.00068,26.093
5755.0,1,1,0.963,10,2.889,205,147,1938.4,-0.00068,26.093
5756.0,1,1,0.963,10,2.889,205,147,1938.4,-0.00068,26.093
5757.0,1,1,0.963,10,2.889,205,147,1938.4,-0.00068,26.093
5758.0,1,1,0.963,10,2.889,205,147,1938.4,-0.00068,26.093
5759.0,1,1,0.963,10,2.889,205,147,1938.4,-0.00068,26.093
5760.0,1,1,0.963,10,2.889,205,147,1938.4,-0.00068,26.093
5761.0,1,1,0.963,10,2.889,205,147,1938.4,-0.00068,26.093
5762.0,1,1,0.963,10,2.889,205,147,1938.4,-0.00068,26.093
5763.0,1,1,0.963,10,2.889,205,147,1938.4,-0.00068,26.093
5764.0,1,1,0.963,10,2.889,205,147,1938.4,-0.00068,26.093
5765.0,1,1,0.963,10,2.889,205,147,1938.4,-0.00068,26.093
5766.0,1,1,0.963,10,2.889,205,147,1938.4,-0.00068,26.093
5767.0,1,1,0.963,10,2.889,205,147,1938.4,-0.00068,26.093
5768.0,3,0,0.822,10,2.889,206,147,1944.2,-0.00068,25.777
5769.0,3,0,0.822,10,2.889,206,147,1944.2,-0.00068,25.796
5770.0,3,0,0.822,10,2.882,206,148,1944.2,-0.00115,25.891
5771.0,3,1,0.822,10,2.882,206,148,1944.2,-0.00115,25.891
5772.0,3,1,0.822,10,2.882,206,148,1944.2,-0.00115,25.891
5773.0,3,1,0.822,10,2.882,206,148,1944.2,-0.00115,25.891
5774.0,3,1,0.822,10,2.882,206,148,1944.2,-0.00115,25.891
5775.0,3,1,0.822,10,2.882,206,148,1944.2,-0.00115,25.891
5776.0,3,1,0.822,10,2.882,206,148,1944.2,-0.00115,25.891
5777.0,3,1,0.822,10,2.882,206,148,1944.2,-0.00115,25.891
5778.0,3,1,0.822,10,2.882,206,148,1944.2,-0.00115,25.891
5779.0,3,1,0.822,10,2.882,206,148,1944.2,-0.00115,25.891
5780.0,3,1,0.822,10,2.882,206,148,1944.2,-0.00115,25.891
5781.0,3,1,0.822,10,2.882,206,148,1944.2,-0.00115,25.891
5782.0,3,1,0.822,10,2.882,206,148,1944.2,-0.00115,25.891
5783.0,3,1,0.822,10,2.882,206,148,1944.2,-0.00115,25.891
5784.0,3,1,0.822,10,2.882,206,148,1944.2,-0.00115,25.891
5785.0,3,1,0.822,10,2.882,206,148,1944.2,-0.00115,25.891
5786.0,3,1,0.822,10,2.882,206,148,1944.2,-0.00115,25.891
5787.0,3,1,0.822,10,2.882,206,148,1944.2,-0.00115,25.891
5788.0,3,1,0.822,10,2.882,206,148,1944.2,-0.00115,25.891
5789.0,3,1,0.822,10,2.882,206,148,1944.2,-0.00115,25.891
5790.0,3,1,0.822,10,2.882,206,148,1944.2,-0.00115,25.891
5791.0,7,0,0.976,10,2.882,207,148,1955.7,-0.00115,25.441
5792.0,7,0,0.976,10,2.882,207,148,1955.7,-0.00115,25.46
5793.0,7,0,0.976,10,2.882,207,149,1955.7,-0.00118,25.585
5794.0,7,1,0.976,10,2.882,207,149,1955.7,-0.00118,25.585
5795.0,7,1,0.976,10,2.882,207,149,1955.7,-0.00118,25.585
5796.0,7,1,0.976,10,2.882,207,149,1955.7,-0.00118,25.585
5797.0,7,1,0.976,10,2.882,207,149,1955.7,-0.00118,25.585
5798.0,7,1,0.976,10,2.882,207,149,1955.7,-0.00118,25.585
5799.0,7,1,0.976,10,2.882,207,149,1955.7,-0.00118,25.585
5800.0,7,1,0.976,10,2.882,207,149,1955.7,-0.00118,25.585
5801.0,7,1,0.976,10,2.882,207,149,1955.7,-0.00118,25.585
5802.0,7,1,0.976,10,2.882,207,149,1955.7,-0.00118,25.585
5803.0,7,1,0.976,10,2.882,207,149,1955.7,-0.00118,25.585
5804.0,7,1,0.976,10,2.882,207,149,1955.7,-0.00118,25.585
5805.0,7,1,0.976,10,2.882,207,149,1955.7,-0.00118,25.585
5806.0,7,1,0.976,10,2.882,207,149,1955.7,-0.00118,25.585
5807.0,7,1,0.976,10,2.882,207,149,1955.7,-0.00118,25.585
5808.0,7,1,0.976,10,2.882,207,149,1955.7,-0.00118,25.585
5809.0,7,1,0.976,10,2.882,207,149,1955.7,-0.00118,25.585
5810.0,7,1,0.976,10,2.882,207,149,1955.7,-0.00118,25.585
5811.0,7,1,0.976,10,2.882,207,149,1955.7,-0.00118,25.585
5812.0,7,1,0.976,10,2.882,207,149,1955.7,-0.00118,25.585
5813.0,7,1,0.976,10,2.882,207,149,1955.7,-0.00118,25.585
5814.0,7,1,0.976,10,2.882,207,149,1955.7,-0.00118,25.585
5815.0,7,1,0.976,10,2.882,207,149,1955.7,-0.00118,25.585
5816.0,2,0,0.778,10,2.882,208,149,1970.1,-0.00118,25.841
5817.0,2,0,0.778,10,2.882,208,149,1970.1,-0.00118,25.82
5818.0,2,0,0.778,10,2.879,208,150,1970.1,-0.00118,25.728
5819.0,2,0,0.778,10,2.879,208,150,1970.1,-0.00118,25.707
5820.0,2,0,0.778,10,2.879,208,150,1970.1,-0.00118,25.686
5821.0,2,0,0.778,10,2.879,208,150,1970.1,-0.00118,25.665
5822.0,2,0,0.778,10,2.879,208,150,1970.1,-0.00118,25.644
5823.0,2,0,0.778,10,2.879,208,150,1970.1,-0.00118,25.622
5824.0,2,0,0.778,10,2.879,208,150,1970.1,-0.00118,25.601
5825.0,2,0,0.778,10,2.879,208,150,1970.1,-0.00118,25.58
5826.0,2,0,0.778,10,2.879,208,150,1970.1,-0.00118,25.559
5827.0,2,0,0.778,10,2.879,208,150,1970.1,-0.00118,25.538
5828.0,2,0,0.778,10,2.879,208,150,1970.1,-0.00118,25.516
5829.0,2,0,0.778,10,2.879,208,150,1970.1,-0.00118,25.495
5830.0,2,0,0.778,10,2.879,208,150,1970.1,-0.00118,25.474
5831.0,2,0,0.778,10,2.879,208,150,1970.1,-0.00118,25.453
5832.0,2,1,0.778,10,2.879,208,150,1970.1,-0.00118,25.453
5833.0,2,1,0.778,10,2.879,208,150,1970.1,-0.00118,25.453
5834.0,2,1,0.778,10,2.879,208,150,1970.1,-0.00118,25.453
5835.0,2,1,0.778,10,2.879,208,150,1970.1,-0.00118,25.453
5836.0,2,1,0.778,10,2.879,208,150,1970.1,-0.00118,25.453
5837.0,2,1,0.778,10,2.879,208,150,1970.1,-0.00118,25.453
5838.0,2,1,0.778,10,2.879,208,150,1970.1,-0.00118,25.453
5839.0,2,1,0.778,10,2.879,208,150,1970.1,-0.00118,25.453
5840.0,2,1,0.778,10,2.879,208,150,1970.1,-0.00118,25.453
5841.0,2,1,0.778,10,2.879,208,150,1970.1,-0.00118,25.453
5842.0,2,1,0.778,10,2.879,208,150,1970.1,-0.00118,25.453
5843.0,2,1,0.778,10,2.879,208,150,1970.1,-0.00118,25.453
5844.0,2,1,0.778,10,2.879,208,150,1970.1,-0.00118,25.453
5845.0,2,1,0.778,10,2.879,208,150,1970.1,-0.00118,25.453
5846.0,2,1,0.778,10,2.879,208,150,1970.1,-0.00118,25.453
5847.0,2,1,0.778,10,2.879,208,150,1970.1,-0.00118,25.453
5848.0,2,1,0.778,10,2.879,208,150,1970.1,-0.00118,25.453
5849.0,2,1,0.778,10,2.879,208,150,1970.1,-0.00118,25.453
5850.0,2,1,0.778,10,2.879,208,150,1970.1,-0.00118,25.453
5851.0,2,1,0.778,10,2.879,208,150,1970.1,-0.00118,25.453
5852.0,2,1,0.778,10,2.879,208,150,1970.1,-0.00118,25.453
5853.0,2,1,0.778,10,2.879,208,150,1970.1,-0.00118,25.453
5854.0,7,0,0.99,10,2.879,209,150,1984.5,-0.00118,25.506
5855.0,7,0,0.99,10,2.879,209,150,1984.5,-0.00118,25.525
5856.0,7,0,0.99,10,2.879,209,151,1984.5,-0.00116,25.524
5857.0,7,1,0.99,10,2.879,209,151,1984.5,-0.00116,25.524
5858.0,7,1,0.99,10,2.879,209,151,1984.5,-0.00116,25.524
5859.0,7,1,0.99,10,2.879,209,151,1984.5,-0.00116,25.524
5860.0,7,1,0.99,10,2.879,209,151,1984.5,-0.00116,25.524
5861.0,7,1,0.99,10,2.879,209,151,1984.5,-0.00116,25.524
5862.0,7,1,0.99,10,2.879,209,151,1984.5,-0.00116,25.524
5863.0,7,1,0.99,10,2.879,209,151,1984.5,-0.00116,25.524
5864.0,7,1,0.99,10,2.879,209,151,1984.5,-0.00116,25.524
5865.0,7,1,0.99,10,2.879,209,151,1984.5,-0.00116,25.524
5866.0,7,1,0.99,10,2.879,209,151,1984.5,-0.00116,25.524
5867.0,7,1,0.99,10,2.879,209,151,1984.5,-0.00116,25.524
5868.0,7,1,0.99,10,2.879,209,151,1984.5,-0.00116,25.524
5869.0,7,1,0.99,10,2.879,209,151,1984.5,-0.00116,25.524
5870.0,7,1,0.99,10,2.879,209,151,1984.5,-0.00116,25.524
5871.0,7,1,0.99,10,2.879,209,151,1984.5,-0.00116,25.524
5872.0,7,1,0.99,10,2.879,209,151,1984.5,-0.00116,25.524
5873.0,7,1,0.99,10,2.879,209,151,1984.5,-0.00116,25.524
5874.0,7,1,0.99,10,2.879,209,151,1984.5,-0.00116,25.524
5875.0,7,1,0.99,10,2.879,209,151,1984.5,-0.00116,25.524
5876.0,7,1,0.99,10,2.879,209,151,1984.5,-0.00116,25.524
5877.0,7,1,0.99,10,2.879,209,151,1984.5,-0.00116,25.524
5878.0,7,1,0.99,10,2.879,209,151,1984.5,-0.00116,25.524
5879.0,1,0,0.906,10,2.879,210,151,2001.8,-0.00116,25.945
5880.0,1,0,0.906,10,2.879,210,151,2001.8,-0.00116,25.924
5881.0,1,0,0.906,10,2.877,210,152,2001.8,-0.00177,25.904
5882.0,1,1,0.906,10,2.877,210,152,2001.8,-0.00177,25.904
5883.0,1,1,0.906,10,2.877,210,152,2001.8,-0.00177,25.904
5884.0,1,1,0.906,10,2.877,210,152,2001.8,-0.00177,25.904
5885.0,1,1,0.906,10,2.877,210,152,2001.8,-0.00177,25.904
5886.0,1,1,0.906,10,2.877,210,152,2001.8,-0.00177,25.904
5887.0,1,1,0.906,10,2.877,210,152,2001.8,-0.00177,25.904
5888.0,1,1,0.906,10,2.877,210,152,2001.8,-0.00177,25.904
5889.0,1,1,0.906,10,2.877,210,152,2001.8,-0.00177,25.904
5890.0,1,1,0.906,10,2.877,210,152,2001.8,-0.00177,25.904
5891.0,1,1,0.906,10,2.877,210,152,2001.8,-0.00177,25.904
5892.0,1,1,0.906,10,2.877,210,152,2001.8,-0.00177,25.904
5893.0,1,1,0.906,10,2.877,210,152,2001.8,-0.00177,25.904
5894.0,2,0,0.958,10,2.877,211,152,2004.7,-0.00177,25.548
5895.0,2,0,0.958,10,2.877,211,152,2004.7,-0.00177,25.548
5896.0,2,0,0.958,10,2.874,211,153,2004.7,-0.00177,25.61
5897.0,2,0,0.958,10,2.874,211,153,2004.7,-0.00177,25.59
5898.0,2,0,0.958,10,2.874,211,153,2004.7,-0.00177,25.59
5899.0,2,1,0.958,10,2.874,211,153,2004.7,-0.00177,25.59
5900.0,2,1,0.958,10,2.874,211,153,2004.7,-0.00177,25.59
5901.0,2,1,0.958,10,2.874,211,153,2004.7,-0.00177,25.59
5902.0,2,1,0.958,10,2.874,211,153,2004.7,-0.00177,25.59
5903.0,2,1,0.958,10,2.874,211,153,2004.7,-0.00177,25.59
5904.0,2,1,0.958,10,2.874,211,153,2004.7,-0.00177,25.59
5905.0,2,1,0.958,10,2.874,211,153,2004.7,-0.00177,25.59
5906.0,2,1,0.958,10,2.874,211,153,2004.7,-0.00177,25.59
5907.0,2,1,0.958,10,2.874,211,153,2004.7,-0.00177,25.59
5908.0,2,1,0.958,10,2.874,211,153,2004.7,-0.00177,25.59
5909.0,2,1,0.958,10,2.874,211,153,2004.7,-0.00177,25.59
5910.0,2,1,0.958,10,2.874,211,153,2004.7,-0.00177,25.59
5911.0,2,1,0.958,10,2.874,211,153,2004.7,-0.00177,25.59
5912.0,2,1,0.958,10,2.874,211,153,2004.7,-0.00177,25.59
5913.0,2,1,0.958,10,2.874,211,153,2004.7,-0.00177,25.59
5914.0,2,1,0.958,10,2.874,211,153,2004.7,-0.00177,25.59
5915.0,2,1,0.958,10,2.874,211,153,2004.7,-0.00177,25.59
5916.0,2,1,0.958,10,2.874,211,153,2004.7,-0.00177,25.59
5917.0,2,1,0.958,10,2.874,211,153,2004.7,-0.00177,25.59
5918.0,2,1,0.958,10,2.874,211,153,2004.7,-0.00177,25.59
5919.0,2,1,0.958,10,2.874,211,153,2004.7,-0.00177,25.59
5920.0,2,1,0.958,10,2.874,211,153,2004.7,-0.00177,25.59
5921.0,2,1,0.958,10,2.874,211,153,2004.7,-0.00177,25.59
5922.0,2,1,0.958,10,2.874,211,153,2004.7,-0.00177,25.59
5923.0,2,1,0.958,10,2.874,211,153,2004.7,-0.00177,25.59
5924.0,2,1,0.958,10,2.874,211,153,2004.7,-0.00177,25.59
5925.0,2,1,0.958,10,2.874,211,153,2004.7,-0.00177,25.59
5926.0,2,1,0.958,10,2.874,211,153,2004.7,-0.00177,25.59
5927.0,2,1,0.958,10,2.874,211,153,2004.7,-0.00177,25.59
5928.0,2,1,0.958,10,2.874,211,153,2004.7,-0.00177,25.59
5929.0,2,1,0.958,10,2.874,211,153,2004.7,-0.00177,25.59
5930.0,2,1,0.958,10,2.874,211,153,2004.7,-0.00177,25.59
5931.0,2,1,0.958,10,2.874,211,153,2004.7,-0.00177,25.59
5932.0,2,1,0.958,10,2.874,211,153,2004.7,-0.00177,25.59
5933.0,8,0,0.931,10,2.874,212,153,2021.9,-0.00177,25.582
5934.0,8,0,0.931,10,2.874,212,153,2021.9,-0.00177,25.6
5935.0,8,0,0.931,10,2.874,212,154,2021.9,-0.00186,25.59
5936.0,8,0,0.931,10,2.874,212,154,2021.9,-0.00186,25.608
5937.0,8,0,0.931,10,2.874,212,154,2021.9,-0.00186,25.626
5938.0,8,0,0.931,10,2.874,212,154,2021.9,-0.00186,25.632
5939.0,8,0,0.931,10,2.874,212,154,2021.9,-0.00186,25.632
5940.0,8,0,0.931,10,2.874,212,154,2021.9,-0.00186,25.632
5941.0,8,1,0.931,10,2.874,212,154,2021.9,-0.00186,25.632
5942.0,8,1,0.931,10,2.874,212,154,2021.9,-0.00186,25.632
5943.0,8,1,0.931,10,2.874,212,154,2021.9,-0.00186,25.632
5944.0,8,1,0.931,10,2.874,212,154,2021.9,-0.00186,25.632
5945.0,8,1,0.931,10,2.874,212,154,2021.9,-0.00186,25.632
5946.0,8,1,0.931,10,2.874,212,154,2021.9,-0.00186,25.632
5947.0,8,1,0.931,10,2.874,212,154,2021.9,-0.00186,25.632
5948.0,8,1,0.931,10,2.874,212,154,2021.9,-0.00186,25.632
5949.0,8,1,0.931,10,2.874,212,154,2021.9,-0.00186,25.632
5950.0,8,1,0.931,10,2.874,212,154,2021.9,-0.00186,25.632
5951.0,8,1,0.931,10,2.874,212,154,2021.9,-0.00186,25.632
5952.0,8,1,0.931,10,2.874,212,154,2021.9,-0.00186,25.632
5953.0,8,1,0.931,10,2.874,212,154,2021.9,-0.00186,25.632
5954.0,8,1,0.931,10,2.874,212,154,2021.9,-0.00186,25.632
5955.0,8,1,0.931,10,2.874,212,154,2021.9,-0.00186,25.632
5956.0,8,1,0.931,10,2.874,212,154,2021.9,-0.00186,25.632
5957.0,8,1,0.931,10,2.874,212,154,2021.9,-0.00186,25.632
5958.0,8,1,0.931,10,2.874,212,154,2021.9,-0.00186,25.632
5959.0,8,1,0.931,10,2.874,212,154,2021.9,-0.00186,25.632
5960.0,8,1,0.931,10,2.874,212,154,2021.9,-0.00186,25.632
5961.0,8,1,0.931,10,2.874,212,154,2021.9,-0.00186,25.632
5962.0,8,1,0.931,10,2.874,212,154,2021.9,-0.00186,25.632
5963.0,8,1,0.931,10,2.874,212,154,2021.9,-0.00186,25.632
5964.0,8,1,0.931,10,2.874,212,154,2021.9,-0.00186,25.632
5965.0,8,1,0.931,10,2.874,212,154,2021.9,-0.00186,25.632
5966.0,8,1,0.931,10,2.874,212,154,2021.9,-0.00186,25.632
5967.0,8,1,0.931,10,2.874,212,154,2021.9,-0.00186,25.632
5968.0,1,0,0.978,10,2.874,213,154,2042.0,-0.00186,25.674
5969.0,1,0,0.978,10,2.874,213,154,2042.0,-0.00186,25.674
5970.0,1,0,0.978,10,2.873,213,155,2042.0,-0.0024,25.653
5971.0,1,0,0.978,10,2.873,213,155,2042.0,-0.0024,25.671
5972.0,1,0,0.978,10,2.873,213,155,2042.0,-0.0024,25.653
5973.0,1,0,0.978,10,2.873,213,155,2042.0,-0.0024,25.632
5974.0,1,0,0.978,10,2.873,213,155,2042.0,-0.0024,25.632
5975.0,1,0,0.978,10,2.873,213,155,2042.0,-0.0024,25.632
5976.0,1,0,0.978,10,2.873,213,155,2042.0,-0.0024,25.632
5977.0,1,0,0.978,10,2.873,213,155,2042.0,-0.0024,25.611
5978.0,1,0,0.978,10,2.873,213,155,2042.0,-0.0024,25.611
5979.0,1,0,0.978,10,2.873,213,155,2042.0,-0.0024,25.611
5980.0,1,0,0.978,10,2.873,213,155,2042.0,-0.0024,25.591
5981.0,1,0,0.978,10,2.873,213,155,2042.0,-0.0024,25.591
5982.0,1,0,0.978,10,2.873,213,155,2042.0,-0.0024,25.608
5983.0,1,0,0.978,10,2.873,213,155,2042.0,-0.0024,25.611
5984.0,1,0,0.978,10,2.873,213,155,2042.0,-0.0024,25.629
5985.0,1,0,0.978,10,2.873,213,155,2042.0,-0.0024,25.647
5986.0,1,0,0.978,10,2.873,213,155,2042.0,-0.0024,25.653
5987.0,1,0,0.978,10,2.873,213,155,2042.0,-0.0024,25.653
5988.0,1,0,0.978,10,2.873,213,155,2042.0,-0.0024,25.631
5989.0,1,0,0.978,10,2.873,213,155,2042.0,-0.0024,25.611
5990.0,1,0,0.978,10,2.873,213,155,2042.0,-0.0024,25.591
5991.0,1,0,0.978,10,2.873,213,155,2042.0,-0.0024,25.591
5992.0,1,0,0.978,10,2.873,213,155,2042.0,-0.0024,25.57
5993.0,1,0,0.978,10,2.873,213,155,2042.0,-0.0024,25.57
5994.0,1,1,0.978,10,2.873,213,155,2042.0,-0.0024,25.57
5995.0,1,1,0.978,10,2.873,213,155,2042.0,-0.0024,25.57
5996.0,1,1,0.978,10,2.873,213,155,2042.0,-0.0024,25.57
5997.0,1,1,0.978,10,2.873,213,155,2042.0,-0.0024,25.57
5998.0,1,1,0.978,10,2.873,213,155,2042.0,-0.0024,25.57
5999.0,1,1,0.978,10,2.873,213,155,2042.0,-0.0024,25.57
6000.0,1,1,0.978,10,2.873,213,155,2042.0,-0.0024,25.57
6001.0,1,1,0.978,10,2.873,213,155,2042.0,-0.0024,25.57
6002.0,1,1,0.978,10,2.873,213,155,2042.0,-0.0024,25.57
6003.0,1,1,0.978,10,2.873,213,155,2042.0,-0.0024,25.57
6004.0,1,1,0.978,10,2.873,213,155,2042.0,-0.0024,25.57
6005.0,1,1,0.978,10,2.873,213,155,2042.0,-0.0024,25.57
6006.0,1,1,0.978,10,2.873,213,155,2042.0,-0.0024,25.57
6007.0,1,1,0.978,10,2.873,213,155,2042.0,-0.0024,25.57
6008.0,1,1,0.978,10,2.873,213,155,2042.0,-0.0024,25.57
6009.0,1,1,0.978,10,2.873,213,155,2042.0,-0.0024,25.57
6010.0,1,1,0.978,10,2.873,213,155,2042.0,-0.0024,25.57
6011.0,1,1,0.978,10,2.873,213,155,2042.0,-0.0024,25.57
6012.0,1,1,0.978,10,2.873,213,155,2042.0,-0.0024,25.57
6013.0,1,1,0.978,10,2.873,213,155,2042.0,-0.0024,25.57
6014.0,1,1,0.978,10,2.873,213,155,2042.0,-0.0024,25.57
6015.0,1,1,0.978,10,2.873,213,155,2042.0,-0.0024,25.57
6016.0,1,1,0.978,10,2.873,213,155,2042.0,-0.0024,25.57
6017.0,1,1,0.978,10,2.873,213,155,2042.0,-0.0024,25.57
6018.0,1,1,0.978,10,2.873,213,155,2042.0,-0.0024,25.57
6019.0,1,1,0.978,10,2.873,213,155,2042.0,-0.0024,25.57
6020.0,1,1,0.978,10,2.873,213,155,2042.0,-0.0024,25.57
6021.0,1,1,0.978,10,2.873,213,155,2042.0,-0.0024,25.57
6022.0,1,1,0.978,10,2.873,213,155,2042.0,-0.0024,25.57
6023.0,1,1,0.978,10,2.873,213,155,2042.0,-0.0024,25.57
6024.0,1,1,0.978,10,2.873,213,155,2042.0,-0.0024,25.57
6025.0,1,1,0.978,10,2.873,213,155,2042.0,-0.0024,25.57
6026.0,1,1,0.978,10,2.873,213,155,2042.0,-0.0024,25.57
6027.0,1,1,0.978,10,2.873,213,155,2042.0,-0.0024,25.57
6028.0,1,1,0.978,10,2.873,213,155,2042.0,-0.0024,25.57
6029.0,1,1,0.978,10,2.873,213,155,2042.0,-0.0024,25.57
6030.0,1,1,0.978,10,2.873,213,155,2042.0,-0.0024,25.57
6031.0,1,1,0.978,10,2.873,213,155,2042.0,-0.0024,25.57
6032.0,1,1,0.978,10,2.873,213,155,2042.0,-0.0024,25.57
6033.0,1,1,0.978,10,2.873,213,155,2042.0,-0.0024,25.57
6034.0,1,1,0.978,10,2.873,213,155,2042.0,-0.0024,25.57
6035.0,1,1,0.978,10,2.873,213,155,2042.0,-0.0024,25.57
6036.0,1,1,0.978,10,2.873,213,155,2042.0,-0.0024,25.57
6037.0,1,1,0.978,10,2.873,213,155,2042.0,-0.0024,25.57
6038.0,1,1,0.978,10,2.873,213,155,2042.0,-0.0024,25.57
6039.0,1,1,0.978,10,2.873,213,155,2042.0,-0.0024,25.57
6040.0,1,1,0.978,10,2.873,213,155,2042.0,-0.0024,25.57
6041.0,1,1,0.978,10,2.873,213,155,2042.0,-0.0024,25.57
6042.0,9,0,0.68,10,2.873,214,155,2065.0,-0.0024,25.937
6043.0,9,0,0.68,10,2.873,214,155,2065.0,-0.0024,25.955
6044.0,9,0,0.68,10,2.876,214,156,2065.0,-0.0024,25.852
6045.0,9,0,0.68,10,2.876,214,156,2065.0,-0.0024,25.859
6046.0,9,0,0.68,10,2.876,214,156,2065.0,-0.0024,25.859
6047.0,9,1,0.68,10,2.876,214,156,2065.0,-0.0024,25.859
6048.0,9,1,0.68,10,2.876,214,156,2065.0,-0.0024,25.859
6049.0,9,0,1.0,10,2.876,214,156,2065.0,-0.0024,26.068
6050.0,9,0,1.0,10,2.876,214,156,2065.0,-0.0024,26.085
6051.0,9,0,1.0,10,2.876,214,156,2065.0,-0.0024,26.103
6052.0,9,0,1.0,10,2.876,214,156,2065.0,-0.0024,26.11
6053.0,9,0,1.0,10,2.876,214,156,2065.0,-0.0024,26.127
6054.0,9,0,1.0,10,2.876,214,156,2065.0,-0.0024,26.13
6055.0,9,0,1.0,10,2.876,214,156,2065.0,-0.0024,26.13
6056.0,9,0,1.0,10,2.876,214,156,2065.0,-0.0024,26.11
6057.0,9,0,1.0,10,2.876,214,156,2065.0,-0.0024,26.089
6058.0,9,0,1.0,10,2.876,214,156,2065.0,-0.0024,26.066
6059.0,9,0,1.0,10,2.876,214,156,2065.0,-0.0024,26.047
6060.0,9,0,1.0,10,2.876,214,156,2065.0,-0.0024,26.024
6061.0,9,0,1.0,10,2.876,214,156,2065.0,-0.0024,26.002
6062.0,9,0,1.0,10,2.876,214,156,2065.0,-0.0024,25.98
6063.0,9,0,1.0,10,2.876,214,156,2065.0,-0.0024,25.957
6064.0,9,0,1.0,10,2.876,214,156,2065.0,-0.0024,25.942
6065.0,9,0,1.0,10,2.876,214,156,2065.0,-0.0024,25.942
6066.0,9,0,1.0,10,2.876,214,156,2065.0,-0.0024,25.942
6067.0,9,0,1.0,10,2.876,214,156,2065.0,-0.0024,25.921
6068.0,9,0,1.0,10,2.876,214,156,2065.0,-0.0024,25.9
6069.0,9,0,1.0,10,2.876,214,156,2065.0,-0.0024,25.88
6070.0,9,0,1.0,10,2.876,214,156,2065.0,-0.0024,25.88
6071.0,9,0,1.0,10,2.876,214,156,2065.0,-0.0024,25.857
6072.0,9,0,1.0,10,2.876,214,156,2065.0,-0.0024,25.835
6073.0,9,0,1.0,10,2.876,214,156,2065.0,-0.0024,25.812
6074.0,9,0,1.0,10,2.876,214,156,2065.0,-0.0024,25.792
6075.0,9,0,1.0,10,2.876,214,156,2065.0,-0.0024,25.777
6076.0,9,0,1.0,10,2.876,214,156,2065.0,-0.0024,25.762
6077.0,9,0,1.0,10,2.876,214,156,2065.0,-0.0024,25.746
6078.0,9,0,1.0,10,2.876,214,156,2065.0,-0.0024,25.731
6079.0,9,0,1.0,10,2.876,214,156,2065.0,-0.0024,25.716
6080.0,9,0,1.0,10,2.876,214,156,2065.0,-0.0024,25.701
6081.0,9,0,1.0,10,2.876,214,156,2065.0,-0.0024,25.701
6082.0,9,0,1.0,10,2.876,214,156,2065.0,-0.0024,25.701
6083.0,9,0,1.0,10,2.876,214,156,2065.0,-0.0024,25.686
6084.0,9,1,1.0,10,2.876,214,156,2065.0,-0.0024,25.686
6085.0,9,1,1.0,10,2.876,214,156,2065.0,-0.0024,25.686
6086.0,9,1,1.0,10,2.876,214,156,2065.0,-0.0024,25.686
6087.0,9,1,1.0,10,2.876,214,156,2065.0,-0.0024,25.686
6088.0,9,1,1.0,10,2.876,214,156,2065.0,-0.0024,25.686
6089.0,9,1,1.0,10,2.876,214,156,2065.0,-0.0024,25.686
6090.0,9,1,1.0,10,2.876,214,156,2065.0,-0.0024,25.686
6091.0,9,1,1.0,10,2.876,214,156,2065.0,-0.0024,25.686
6092.0,9,1,1.0,10,2.876,214,156,2065.0,-0.0024,25.686
6093.0,9,1,1.0,10,2.876,214,156,2065.0,-0.0024,25.686
6094.0,9,1,1.0,10,2.876,214,156,2065.0,-0.0024,25.686
6095.0,9,1,1.0,10,2.876,214,156,2065.0,-0.0024,25.686
6096.0,9,1,1.0,10,2.876,214,156,2065.0,-0.0024,25.686
6097.0,9,1,1.0,10,2.876,214,156,2065.0,-0.0024,25.686
6098.0,9,1,1.0,10,2.876,214,156,2065.0,-0.0024,25.686
6099.0,9,1,1.0,10,2.876,214,156,2065.0,-0.0024,25.686
6100.0,9,1,1.0,10,2.876,214,156,2065.0,-0.0024,25.686
6101.0,9,1,1.0,10,2.876,214,156,2065.0,-0.0024,25.686
6102.0,9,1,1.0,10,2.876,214,156,2065.0,-0.0024,25.686
6103.0,9,1,1.0,10,2.876,214,156,2065.0,-0.0024,25.686
6104.0,9,1,1.0,10,2.876,214,156,2065.0,-0.0024,25.686
6105.0,9,1,1.0,10,2.876,214,156,2065.0,-0.0024,25.686
6106.0,9,1,1.0,10,2.876,214,156,2065.0,-0.0024,25.686
6107.0,9,1,1.0,10,2.876,214,156,2065.0,-0.0024,25.686
6108.0,9,1,1.0,10,2.876,214,156,2065.0,-0.0024,25.686
6109.0,9,1,1.0,10,2.876,214,156,2065.0,-0.0024,25.686
6110.0,9,1,1.0,10,2.876,214,156,2065.0,-0.0024,25.686
6111.0,9,1,1.0,10,2.876,214,156,2065.0,-0.0024,25.686
6112.0,9,1,1.0,10,2.876,214,156,2065.0,-0.0024,25.686
6113.0,9,1,1.0,10,2.876,214,156,2065.0,-0.0024,25.686
6114.0,9,1,1.0,10,2.876,214,156,2065.0,-0.0024,25.686
6115.0,9,1,1.0,10,2.876,214,156,2065.0,-0.0024,25.686
6116.0,9,1,1.0,10,2.876,214,156,2065.0,-0.0024,25.686
6117.0,9,1,1.0,10,2.876,214,156,2065.0,-0.0024,25.686
6118.0,9,1,1.0,10,2.876,214,156,2065.0,-0.0024,25.686
6119.0,9,1,1.0,10,2.876,214,156,2065.0,-0.0024,25.686
6120.0,9,1,1.0,10,2.876,214,156,2065.0,-0.0024,25.686
6121.0,9,1,1.0,10,2.876,214,156,2065.0,-0.0024,25.686
6122.0,9,1,1.0,10,2.876,214,156,2065.0,-0.0024,25.686
6123.0,9,1,1.0,10,2.876,214,156,2065.0,-0.0024,25.686
6124.0,9,1,1.0,10,2.876,214,156,2065.0,-0.0024,25.686
6125.0,9,1,1.0,10,2.876,214,156,2065.0,-0.0024,25.686
6126.0,9,1,1.0,10,2.876,214,156,2065.0,-0.0024,25.686
6127.0,4,0,0.541,10,2.876,215,156,2079.4,-0.0024,24.819
6128.0,4,0,0.541,10,2.876,215,156,2079.4,-0.0024,24.819
6129.0,4,0,0.541,10,2.883,215,157,2079.4,-0.0024,25.027
6130.0,4,0,0.541,10,2.883,215,157,2079.4,-0.0024,25.045
6131.0,4,0,0.541,10,2.883,215,157,2079.4,-0.0024,25.062
6132.0,4,1,0.541,10,2.883,215,157,2079.4,-0.0024,25.062
6133.0,4,1,0.541,10,2.883,215,157,2079.4,-0.0024,25.062
6134.0,4,1,0.541,10,2.883,215,157,2079.4,-0.0024,25.062
6135.0,4,1,0.541,10,2.883,215,157,2079.4,-0.0024,25.062
6136.0,4,1,0.541,10,2.883,215,157,2079.4,-0.0024,25.062
6137.0,4,1,0.541,10,2.883,215,157,2079.4,-0.0024,25.062
6138.0,4,1,0.541,10,2.883,215,157,2079.4,-0.0024,25.062
6139.0,4,1,0.541,10,2.883,215,157,2079.4,-0.0024,25.062
6140.0,4,1,0.541,10,2.883,215,157,2079.4,-0.0024,25.062
6141.0,4,1,0.541,10,2.883,215,157,2079.4,-0.0024,25.062
6142.0,4,1,0.541,10,2.883,215,157,2079.4,-0.0024,25.062
6143.0,4,1,0.541,10,2.883,215,157,2079.4,-0.0024,25.062
6144.0,4,1,0.541,10,2.883,215,157,2079.4,-0.0024,25.062
6145.0,4,1,0.541,10,2.883,215,157,2079.4,-0.0024,25.062
6146.0,4,1,0.541,10,2.883,215,157,2079.4,-0.0024,25.062
6147.0,4,1,0.541,10,2.883,215,157,2079.4,-0.0024,25.062
6148.0,4,1,0.541,10,2.883,215,157,2079.4,-0.0024,25.062
6149.0,4,1,0.541,10,2.883,215,157,2079.4,-0.0024,25.062
6150.0,4,1,0.541,10,2.883,215,157,2079.4,-0.0024,25.062
6151.0,7,0,0.73,10,2.883,216,157,2088.0,-0.0024,25.224
6152.0,7,0,0.73,10,2.883,216,157,2088.0,-0.0024,25.242
6153.0,7,0,0.73,10,2.889,216,158,2088.0,-0.0024,25.207
6154.0,7,0,0.73,10,2.889,216,158,2088.0,-0.0024,25.225
6155.0,7,1,0.73,10,2.889,216,158,2088.0,-0.0024,25.225
6156.0,7,1,0.73,10,2.889,216,158,2088.0,-0.0024,25.225
6157.0,7,1,0.73,10,2.889,216,158,2088.0,-0.0024,25.225
6158.0,7,1,0.73,10,2.889,216,158,2088.0,-0.0024,25.225
6159.0,7,1,0.73,10,2.889,216,158,2088.0,-0.0024,25.225
6160.0,7,1,0.73,10,2.889,216,158,2088.0,-0.0024,25.225
6161.0,7,1,0.73,10,2.889,216,158,2088.0,-0.0024,25.225
6162.0,7,1,0.73,10,2.889,216,158,2088.0,-0.0024,25.225
6163.0,7,1,0.73,10,2.889,216,158,2088.0,-0.0024,25.225
6164.0,7,1,0.73,10,2.889,216,158,2088.0,-0.0024,25.225
6165.0,7,1,0.73,10,2.889,216,158,2088.0,-0.0024,25.225
6166.0,7,1,0.73,10,2.889,216,158,2088.0,-0.0024,25.225
6167.0,7,1,0.73,10,2.889,216,158,2088.0,-0.0024,25.225
6168.0,6,0,0.881,10,2.889,217,158,2090.9,-0.0024,25.385
6169.0,6,0,0.881,10,2.889,217,158,2090.9,-0.0024,25.385
6170.0,6,0,0.881,10,2.881,217,159,2090.9,-0.00228,25.317
6171.0,6,0,0.881,10,2.881,217,159,2090.9,-0.00228,25.317
6172.0,6,1,0.881,10,2.881,217,159,2090.9,-0.00228,25.317
6173.0,6,1,0.881,10,2.881,217,159,2090.9,-0.00228,25.317
6174.0,6,1,0.881,10,2.881,217,159,2090.9,-0.00228,25.317
6175.0,6,1,0.881,10,2.881,217,159,2090.9,-0.00228,25.317
6176.0,6,1,0.881,10,2.881,217,159,2090.9,-0.00228,25.317
6177.0,6,1,0.881,10,2.881,217,159,2090.9,-0.00228,25.317
6178.0,6,1,0.881,10,2.881,217,159,2090.9,-0.00228,25.317
6179.0,6,1,0.881,10,2.881,217,159,2090.9,-0.00228,25.317
6180.0,6,1,0.881,10,2.881,217,159,2090.9,-0.00228,25.317
6181.0,6,1,0.881,10,2.881,217,159,2090.9,-0.00228,25.317
6182.0,6,1,0.881,10,2.881,217,159,2090.9,-0.00228,25.317
6183.0,6,1,0.881,10,2.881,217,159,2090.9,-0.00228,25.317
6184.0,6,1,0.881,10,2.881,217,159,2090.9,-0.00228,25.317
6185.0,6,1,0.881,10,2.881,217,159,2090.9,-0.00228,25.317
6186.0,6,1,0.881,10,2.881,217,159,2090.9,-0.00228,25.317
6187.0,6,1,0.881,10,2.881,217,159,2090.9,-0.00228,25.317
6188.0,6,1,0.881,10,2.881,217,159,2090.9,-0.00228,25.317
6189.0,6,1,0.881,10,2.881,217,159,2090.9,-0.00228,25.317
6190.0,6,1,0.881,10,2.881,217,159,2090.9,-0.00228,25.317
6191.0,6,1,0.881,10,2.881,217,159,2090.9,-0.00228,25.317
6192.0,1,0,0.957,10,2.881,218,159,2105.3,-0.00228,25.445
6193.0,1,0,0.957,10,2.881,218,159,2105.3,-0.00228,25.445
6194.0,1,0,0.957,10,2.881,218,160,2105.3,-0.00148,25.445
6195.0,1,1,0.957,10,2.881,218,160,2105.3,-0.00148,25.445
6196.0,1,1,0.957,10,2.881,218,160,2105.3,-0.00148,25.445
6197.0,1,1,0.957,10,2.881,218,160,2105.3,-0.00148,25.445
6198.0,1,1,0.957,10,2.881,218,160,2105.3,-0.00148,25.445
6199.0,1,1,0.957,10,2.881,218,160,2105.3,-0.00148,25.445
6200.0,1,1,0.957,10,2.881,218,160,2105.3,-0.00148,25.445
6201.0,1,1,0.957,10,2.881,218,160,2105.3,-0.00148,25.445
6202.0,1,1,0.957,10,2.881,218,160,2105.3,-0.00148,25.445
6203.0,1,1,0.957,10,2.881,218,160,2105.3,-0.00148,25.445
6204.0,1,1,0.957,10,2.881,218,160,2105.3,-0.00148,25.445
6205.0,1,1,0.957,10,2.881,218,160,2105.3,-0.00148,25.445
6206.0,1,1,0.957,10,2.881,218,160,2105.3,-0.00148,25.445
6207.0,1,1,0.957,10,2.881,218,160,2105.3,-0.00148,25.445
6208.0,2,0,0.954,10,2.881,219,160,2108.2,-0.00148,25.239
6209.0,2,0,0.954,10,2.881,219,160,2108.2,-0.00148,25.258
6210.0,2,0,0.954,10,2.878,219,161,2108.2,-0.00142,25.307
6211.0,2,0,0.954,10,2.878,219,161,2108.2,-0.00142,25.307
6212.0,2,1,0.954,10,2.878,219,161,2108.2,-0.00142,25.307
6213.0,2,1,0.954,10,2.878,219,161,2108.2,-0.00142,25.307
6214.0,2,1,0.954,10,2.878,219,161,2108.2,-0.00142,25.307
6215.0,2,1,0.954,10,2.878,219,161,2108.2,-0.00142,25.307
6216.0,2,1,0.954,10,2.878,219,161,2108.2,-0.00142,25.307
6217.0,2,1,0.954,10,2.878,219,161,2108.2,-0.00142,25.307
6218.0,2,1,0.954,10,2.878,219,161,2108.2,-0.00142,25.307
6219.0,2,1,0.954,10,2.878,219,161,2108.2,-0.00142,25.307
6220.0,2,1,0.954,10,2.878,219,161,2108.2,-0.00142,25.307
6221.0,2,1,0.954,10,2.878,219,161,2108.2,-0.00142,25.307
6222.0,2,1,0.954,10,2.878,219,161,2108.2,-0.00142,25.307
6223.0,2,1,0.954,10,2.878,219,161,2108.2,-0.00142,25.307
6224.0,2,1,0.954,10,2.878,219,161,2108.2,-0.00142,25.307
6225.0,2,1,0.954,10,2.878,219,161,2108.2,-0.00142,25.307
6226.0,2,1,0.954,10,2.878,219,161,2108.2,-0.00142,25.307
6227.0,2,1,0.954,10,2.878,219,161,2108.2,-0.00142,25.307
6228.0,2,1,0.954,10,2.878,219,161,2108.2,-0.00142,25.307
6229.0,2,1,0.954,10,2.878,219,161,2108.2,-0.00142,25.307
6230.0,2,1,0.954,10,2.878,219,161,2108.2,-0.00142,25.307
6231.0,2,1,0.954,10,2.878,219,161,2108.2,-0.00142,25.307
6232.0,2,1,0.954,10,2.878,219,161,2108.2,-0.00142,25.307
6233.0,2,1,0.954,10,2.878,219,161,2108.2,-0.00142,25.307
6234.0,2,1,0.954,10,2.878,219,161,2108.2,-0.00142,25.307
6235.0,6,0,0.989,10,2.878,220,161,2119.7,-0.00142,25.13
6236.0,6,1,0.989,10,2.878,220,161,2119.7,-0.00142,25.13
6237.0,6,1,0.989,10,2.878,220,161,2119.7,-0.00142,25.13
6238.0,6,1,0.989,10,2.878,220,161,2119.7,-0.00142,25.13
6239.0,6,1,0.989,10,2.878,220,161,2119.7,-0.00142,25.13
6240.0,6,1,0.989,10,2.878,220,161,2119.7,-0.00142,25.13
6241.0,6,1,0.989,10,2.878,220,161,2119.7,-0.00142,25.13
6242.0,6,1,0.989,10,2.878,220,161,2119.7,-0.00142,25.13
6243.0,6,1,0.989,10,2.878,220,161,2119.7,-0.00142,25.13
6244.0,6,1,0.989,10,2.878,220,161,2119.7,-0.00142,25.13
6245.0,6,1,0.989,10,2.878,220,161,2119.7,-0.00142,25.13
6246.0,6,1,0.989,10,2.878,220,161,2119.7,-0.00142,25.13
6247.0,6,1,0.989,10,2.878,220,161,2119.7,-0.00142,25.13
6248.0,6,1,0.989,10,2.878,220,161,2119.7,-0.00142,25.13
6249.0,6,1,0.989,10,2.878,220,161,2119.7,-0.00142,25.13
6250.0,6,1,0.989,10,2.878,220,161,2119.7,-0.00142,25.13
6251.0,6,1,0.989,10,2.878,220,161,2119.7,-0.00142,25.13
6252.0,6,1,0.989,10,2.878,220,161,2119.7,-0.00142,25.13
6253.0,6,1,0.989,10,2.878,220,161,2119.7,-0.00142,25.13
6254.0,6,1,0.989,10,2.878,220,161,2119.7,-0.00142,25.13
6255.0,6,1,0.989,10,2.878,220,161,2119.7,-0.00142,25.13
6256.0,6,1,0.989,10,2.878,220,161,2119.7,-0.00142,25.13
6257.0,6,1,0.989,10,2.878,220,161,2119.7,-0.00142,25.13
6258.0,6,1,0.989,10,2.878,220,161,2119.7,-0.00142,25.13
6259.0,6,1,0.989,10,2.878,220,161,2119.7,-0.00142,25.13
6260.0,6,1,0.989,10,2.878,220,161,2119.7,-0.00142,25.13
6261.0,6,1,0.989,10,2.878,220,161,2119.7,-0.00142,25.13
6262.0,6,1,0.989,10,2.878,220,161,2119.7,-0.00142,25.13
6263.0,6,1,0.989,10,2.878,220,161,2119.7,-0.00142,25.13
6264.0,6,1,0.989,10,2.878,220,161,2119.7,-0.00142,25.13
6265.0,6,1,0.989,10,2.878,220,161,2119.7,-0.00142,25.13
6266.0,6,1,0.989,10,2.878,220,161,2119.7,-0.00142,25.13
6267.0,6,1,0.989,10,2.878,220,161,2119.7,-0.00142,25.13
6268.0,6,1,0.989,10,2.878,220,161,2119.7,-0.00142,25.13
6269.0,6,1,0.989,10,2.878,220,161,2119.7,-0.00142,25.13
6270.0,6,1,0.989,10,2.878,220,161,2119.7,-0.00142,25.13
6271.0,6,1,0.989,10,2.878,220,161,2119.7,-0.00142,25.13
6272.0,2,0,0.967,10,2.878,221,161,2131.2,-0.00142,25.161
6273.0,2,0,0.967,10,2.878,221,161,2131.2,-0.00142,25.179
6274.0,2,0,0.967,10,2.879,221,162,2131.2,-0.00142,25.177
6275.0,2,0,0.967,10,2.879,221,162,2131.2,-0.00142,25.196
6276.0,2,0,0.967,10,2.879,221,162,2131.2,-0.00142,25.215
6277.0,2,0,0.967,10,2.879,221,162,2131.2,-0.00142,25.233
6278.0,2,0,0.967,10,2.879,221,162,2131.2,-0.00142,25.252
6279.0,2,0,0.967,10,2.879,221,162,2131.2,-0.00142,25.27
6280.0,2,0,0.967,10,2.879,221,162,2131.2,-0.00142,25.289
6281.0,2,0,0.967,10,2.879,221,162,2131.2,-0.00142,25.307
6282.0,2,0,0.967,10,2.879,221,162,2131.2,-0.00142,25.326
6283.0,2,0,0.967,10,2.879,221,162,2131.2,-0.00142,25.345
6284.0,2,0,0.967,10,2.879,221,162,2131.2,-0.00142,25.323
6285.0,2,0,0.967,10,2.879,221,162,2131.2,-0.00142,25.302
6286.0,2,0,0.967,10,2.879,221,162,2131.2,-0.00142,25.28
6287.0,2,0,0.967,10,2.879,221,162,2131.2,-0.00142,25.259
6288.0,2,0,0.967,10,2.879,221,162,2131.2,-0.00142,25.238
6289.0,2,0,0.967,10,2.879,221,162,2131.2,-0.00142,25.216
6290.0,2,0,0.967,10,2.879,221,162,2131.2,-0.00142,25.203
6291.0,2,0,0.967,10,2.879,221,162,2131.2,-0.00142,25.203
6292.0,2,0,0.967,10,2.879,221,162,2131.2,-0.00142,25.221
6293.0,2,0,0.967,10,2.879,221,162,2131.2,-0.00142,25.24
6294.0,2,0,0.967,10,2.879,221,162,2131.2,-0.00142,25.259
6295.0,2,0,0.967,10,2.879,221,162,2131.2,-0.00142,25.277
6296.0,2,0,0.967,10,2.879,221,162,2131.2,-0.00142,25.296
6297.0,2,0,0.967,10,2.879,221,162,2131.2,-0.00142,25.314
6298.0,2,0,0.967,10,2.879,221,162,2131.2,-0.00142,25.328
6299.0,2,0,0.967,10,2.879,221,162,2131.2,-0.00142,25.328
6300.0,2,0,0.967,10,2.879,221,162,2131.2,-0.00142,25.328
6301.0,2,1,0.967,10,2.879,221,162,2131.2,-0.00142,25.328
6302.0,2,1,0.967,10,2.879,221,162,2131.2,-0.00142,25.328
6303.0,2,1,0.967,10,2.879,221,162,2131.2,-0.00142,25.328
6304.0,2,1,0.967,10,2.879,221,162,2131.2,-0.00142,25.328
6305.0,2,1,0.967,10,2.879,221,162,2131.2,-0.00142,25.328
6306.0,2,1,0.967,10,2.879,221,162,2131.2,-0.00142,25.328
6307.0,2,1,0.967,10,2.879,221,162,2131.2,-0.00142,25.328
6308.0,2,1,0.967,10,2.879,221,162,2131.2,-0.00142,25.328
6309.0,2,1,0.967,10,2.879,221,162,2131.2,-0.00142,25.328
6310.0,2,1,0.967,10,2.879,221,162,2131.2,-0.00142,25.328
6311.0,2,1,0.967,10,2.879,221,162,2131.2,-0.00142,25.328
6312.0,2,1,0.967,10,2.879,221,162,2131.2,-0.00142,25.328
6313.0,2,1,0.967,10,2.879,221,162,2131.2,-0.00142,25.328
6314.0,2,1,0.967,10,2.879,221,162,2131.2,-0.00142,25.328
6315.0,2,1,0.967,10,2.879,221,162,2131.2,-0.00142,25.328
6316.0,2,1,0.967,10,2.879,221,162,2131.2,-0.00142,25.328
6317.0,2,1,0.967,10,2.879,221,162,2131.2,-0.00142,25.328
6318.0,5,0,0.921,10,2.879,222,162,2139.9,-0.00142,25.265
6319.0,5,0,0.921,10,2.879,222,162,2139.9,-0.00142,25.283
6320.0,5,0,0.921,10,2.877,222,163,2139.9,-0.00142,25.312
6321.0,5,1,0.921,10,2.877,222,163,2139.9,-0.00142,25.312
6322.0,5,1,0.921,10,2.877,222,163,2139.9,-0.00142,25.312
6323.0,5,1,0.921,10,2.877,222,163,2139.9,-0.00142,25.312
6324.0,5,1,0.921,10,2.877,222,163,2139.9,-0.00142,25.312
6325.0,5,1,0.921,10,2.877,222,163,2139.9,-0.00142,25.312
6326.0,5,1,0.921,10,2.877,222,163,2139.9,-0.00142,25.312
6327.0,5,1,0.921,10,2.877,222,163,2139.9,-0.00142,25.312
6328.0,5,1,0.921,10,2.877,222,163,2139.9,-0.00142,25.312
6329.0,5,1,0.921,10,2.877,222,163,2139.9,-0.00142,25.312
6330.0,5,1,0.921,10,2.877,222,163,2139.9,-0.00142,25.312
6331.0,5,1,0.921,10,2.877,222,163,2139.9,-0.00142,25.312
6332.0,5,1,0.921,10,2.877,222,163,2139.9,-0.00142,25.312
6333.0,5,1,0.921,10,2.877,222,163,2139.9,-0.00142,25.312
6334.0,5,1,0.921,10,2.877,222,163,2139.9,-0.00142,25.312
6335.0,5,1,0.921,10,2.877,222,163,2139.9,-0.00142,25.312
6336.0,7,0,0.94,10,2.877,223,163,2145.6,-0.00142,25.028
6337.0,7,0,0.94,10,2.877,223,163,2145.6,-0.00142,25.046
6338.0,7,0,0.94,10,2.875,223,164,2145.6,-0.00134,25.131
6339.0,7,0,0.94,10,2.875,223,164,2145.6,-0.00134,25.149
6340.0,7,0,0.94,10,2.875,223,164,2145.6,-0.00134,25.168
6341.0,7,0,0.94,10,2.875,223,164,2145.6,-0.00134,25.187
6342.0,7,1,0.94,10,2.875,223,164,2145.6,-0.00134,25.187
6343.0,7,1,0.94,10,2.875,223,164,2145.6,-0.00134,25.187
6344.0,7,1,0.94,10,2.875,223,164,2145.6,-0.00134,25.187
6345.0,7,1,0.94,10,2.875,223,164,2145.6,-0.00134,25.187
6346.0,7,1,0.94,10,2.875,223,164,2145.6,-0.00134,25.187
6347.0,7,1,0.94,10,2.875,223,164,2145.6,-0.00134,25.187
6348.0,7,1,0.94,10,2.875,223,164,2145.6,-0.00134,25.187
6349.0,7,1,0.94,10,2.875,223,164,2145.6,-0.00134,25.187
6350.0,7,1,0.94,10,2.875,223,164,2145.6,-0.00134,25.187
6351.0,7,1,0.94,10,2.875,223,164,2145.6,-0.00134,25.187
6352.0,7,1,0.94,10,2.875,223,164,2145.6,-0.00134,25.187
6353.0,7,1,0.94,10,2.875,223,164,2145.6,-0.00134,25.187
6354.0,7,1,0.94,10,2.875,223,164,2145.6,-0.00134,25.187
6355.0,7,1,0.94,10,2.875,223,164,2145.6,-0.00134,25.187
6356.0,7,1,0.94,10,2.875,223,164,2145.6,-0.00134,25.187
6357.0,7,1,0.94,10,2.875,223,164,2145.6,-0.00134,25.187
6358.0,7,1,0.94,10,2.875,223,164,2145.6,-0.00134,25.187
6359.0,7,1,0.94,10,2.875,223,164,2145.6,-0.00134,25.187
6360.0,7,1,0.94,10,2.875,223,164,2145.6,-0.00134,25.187
6361.0,7,1,0.94,10,2.875,223,164,2145.6,-0.00134,25.187
6362.0,7,1,0.94,10,2.875,223,164,2145.6,-0.00134,25.187
6363.0,7,1,0.94,10,2.875,223,164,2145.6,-0.00134,25.187
6364.0,7,1,0.94,10,2.875,223,164,2145.6,-0.00134,25.187
6365.0,7,1,0.94,10,2.875,223,164,2145.6,-0.00134,25.187
6366.0,7,1,0.94,10,2.875,223,164,2145.6,-0.00134,25.187
6367.0,7,1,0.94,10,2.875,223,164,2145.6,-0.00134,25.187
6368.0,7,1,0.94,10,2.875,223,164,2145.6,-0.00134,25.187
6369.0,7,1,0.94,10,2.875,223,164,2145.6,-0.00134,25.187
6370.0,7,1,0.94,10,2.875,223,164,2145.6,-0.00134,25.187
6371.0,7,1,0.94,10,2.875,223,164,2145.6,-0.00134,25.187
6372.0,7,1,0.94,10,2.875,223,164,2145.6,-0.00134,25.187
6373.0,7,1,0.94,10,2.875,223,164,2145.6,-0.00134,25.187
6374.0,7,1,0.94,10,2.875,223,164,2145.6,-0.00134,25.187
6375.0,7,1,0.94,10,2.875,223,164,2145.6,-0.00134,25.187
6376.0,7,1,0.94,10,2.875,223,164,2145.6,-0.00134,25.187
6377.0,7,1,0.94,10,2.875,223,164,2145.6,-0.00134,25.187
6378.0,7,1,0.94,10,2.875,223,164,2145.6,-0.00134,25.187
6379.0,7,1,0.94,10,2.875,223,164,2145.6,-0.00134,25.187
6380.0,7,1,0.94,10,2.875,223,164,2145.6,-0.00134,25.187
6381.0,7,1,0.94,10,2.875,223,164,2145.6,-0.00134,25.187
6382.0,7,1,0.94,10,2.875,223,164,2145.6,-0.00134,25.187
6383.0,7,1,0.94,10,2.875,223,164,2145.6,-0.00134,25.187
6384.0,7,1,0.94,10,2.875,223,164,2145.6,-0.00134,25.187
6385.0,7,1,0.94,10,2.875,223,164,2145.6,-0.00134,25.187
6386.0,7,1,0.94,10,2.875,223,164,2145.6,-0.00134,25.187
6387.0,7,1,0.94,10,2.875,223,164,2145.6,-0.00134,25.187
6388.0,7,1,0.94,10,2.875,223,164,2145.6,-0.00134,25.187
6389.0,7,1,0.94,10,2.875,223,164,2145.6,-0.00134,25.187
6390.0,7,1,0.94,10,2.875,223,164,2145.6,-0.00134,25.187
6391.0,7,1,0.94,10,2.875,223,164,2145.6,-0.00134,25.187
6392.0,7,1,0.94,10,2.875,223,164,2145.6,-0.00134,25.187
6393.0,8,0,0.952,10,2.875,224,164,2148.5,-0.00134,25.343
6394.0,8,0,0.952,10,2.875,224,164,2148.5,-0.00134,25.343
6395.0,8,1,0.952,10,2.875,224,164,2148.5,-0.00134,25.343
6396.0,8,1,0.952,10,2.875,224,164,2148.5,-0.00134,25.343
6397.0,8,1,0.952,10,2.875,224,164,2148.5,-0.00134,25.343
6398.0,8,1,0.952,10,2.875,224,164,2148.5,-0.00134,25.343
6399.0,8,1,0.952,10,2.875,224,164,2148.5,-0.00134,25.343
6400.0,8,1,0.952,10,2.875,224,164,2148.5,-0.00134,25.343
6401.0,8,1,0.952,10,2.875,224,164,2148.5,-0.00134,25.343
6402.0,8,1,0.952,10,2.875,224,164,2148.5,-0.00134,25.343
6403.0,8,1,0.952,10,2.875,224,164,2148.5,-0.00134,25.343
6404.0,8,1,0.952,10,2.875,224,164,2148.5,-0.00134,25.343
6405.0,8,1,0.952,10,2.875,224,164,2148.5,-0.00134,25.343
6406.0,8,1,0.952,10,2.875,224,164,2148.5,-0.00134,25.343
6407.0,8,1,0.952,10,2.875,224,164,2148.5,-0.00134,25.343
6408.0,8,1,0.952,10,2.875,224,164,2148.5,-0.00134,25.343
6409.0,8,1,0.952,10,2.875,224,164,2148.5,-0.00134,25.343
6410.0,8,1,0.952,10,2.875,224,164,2148.5,-0.00134,25.343
6411.0,8,1,0.952,10,2.875,224,164,2148.5,-0.00134,25.343
6412.0,8,1,0.952,10,2.875,224,164,2148.5,-0.00134,25.343
6413.0,8,1,0.952,10,2.875,224,164,2148.5,-0.00134,25.343
6414.0,8,1,0.952,10,2.875,224,164,2148.5,-0.00134,25.343
6415.0,8,1,0.952,10,2.875,224,164,2148.5,-0.00134,25.343
6416.0,8,1,0.952,10,2.875,224,164,2148.5,-0.00134,25.343
6417.0,2,0,0.911,10,2.875,225,164,2165.7,-0.00134,25.328
6418.0,2,0,0.911,10,2.875,225,164,2165.7,-0.00134,25.307
6419.0,2,0,0.911,10,2.874,225,165,2165.7,-0.00126,25.282
6420.0,2,1,0.911,10,2.874,225,165,2165.7,-0.00126,25.282
6421.0,2,1,0.911,10,2.874,225,165,2165.7,-0.00126,25.282
6422.0,2,1,0.911,10,2.874,225,165,2165.7,-0.00126,25.282
6423.0,2,1,0.911,10,2.874,225,165,2165.7,-0.00126,25.282
6424.0,2,1,0.911,10,2.874,225,165,2165.7,-0.00126,25.282
6425.0,2,1,0.911,10,2.874,225,165,2165.7,-0.00126,25.282
6426.0,2,1,0.911,10,2.874,225,165,2165.7,-0.00126,25.282
6427.0,2,1,0.911,10,2.874,225,165,2165.7,-0.00126,25.282
6428.0,2,1,0.911,10,2.874,225,165,2165.7,-0.00126,25.282
6429.0,2,1,0.911,10,2.874,225,165,2165.7,-0.00126,25.282
6430.0,2,1,0.911,10,2.874,225,165,2165.7,-0.00126,25.282
6431.0,2,1,0.911,10,2.874,225,165,2165.7,-0.00126,25.282
6432.0,1,0,0.861,10,2.874,226,165,2168.6,-0.00126,25.173
6433.0,1,0,0.861,10,2.874,226,165,2168.6,-0.00126,25.152
6434.0,1,0,0.861,10,2.883,226,166,2168.6,-0.00104,25.131
6435.0,1,0,0.861,10,2.883,226,166,2168.6,-0.00104,25.11
6436.0,1,0,0.861,10,2.883,226,166,2168.6,-0.00104,25.089
6437.0,1,0,0.861,10,2.883,226,166,2168.6,-0.00104,25.068
6438.0,1,1,0.861,10,2.883,226,166,2168.6,-0.00104,25.068
6439.0,1,1,0.861,10,2.883,226,166,2168.6,-0.00104,25.068
6440.0,1,1,0.861,10,2.883,226,166,2168.6,-0.00104,25.068
6441.0,1,1,0.861,10,2.883,226,166,2168.6,-0.00104,25.068
6442.0,1,1,0.861,10,2.883,226,166,2168.6,-0.00104,25.068
6443.0,1,1,0.861,10,2.883,226,166,2168.6,-0.00104,25.068
6444.0,1,1,0.861,10,2.883,226,166,2168.6,-0.00104,25.068
6445.0,1,1,0.861,10,2.883,226,166,2168.6,-0.00104,25.068
6446.0,1,1,0.861,10,2.883,226,166,2168.6,-0.00104,25.068
6447.0,1,1,0.861,10,2.883,226,166,2168.6,-0.00104,25.068
6448.0,1,1,0.861,10,2.883,226,166,2168.6,-0.00104,25.068
6449.0,1,1,0.861,10,2.883,226,166,2168.6,-0.00104,25.068
6450.0,1,1,0.861,10,2.883,226,166,2168.6,-0.00104,25.068
6451.0,1,1,0.861,10,2.883,226,166,2168.6,-0.00104,25.068
6452.0,1,1,0.861,10,2.883,226,166,2168.6,-0.00104,25.068
6453.0,1,1,0.861,10,2.883,226,166,2168.6,-0.00104,25.068
6454.0,1,1,0.861,10,2.883,226,166,2168.6,-0.00104,25.068
6455.0,1,1,0.861,10,2.883,226,166,2168.6,-0.00104,25.068
6456.0,1,1,0.861,10,2.883,226,166,2168.6,-0.00104,25.068
6457.0,1,1,0.861,10,2.883,226,166,2168.6,-0.00104,25.068
6458.0,6,0,0.964,10,2.883,227,166,2183.0,-0.00104,24.793
6459.0,6,0,0.964,10,2.883,227,166,2183.0,-0.00104,24.793
6460.0,6,0,0.964,10,2.883,227,167,2183.0,-0.00104,24.857
6461.0,6,0,0.964,10,2.883,227,167,2183.0,-0.00104,24.876
6462.0,6,0,0.964,10,2.883,227,167,2183.0,-0.00104,24.895
6463.0,6,0,0.964,10,2.883,227,167,2183.0,-0.00104,24.914
6464.0,6,0,0.964,10,2.883,227,167,2183.0,-0.00104,24.933
6465.0,6,1,0.964,10,2.883,227,167,2183.0,-0.00104,24.933
6466.0,6,1,0.964,10,2.883,227,167,2183.0,-0.00104,24.933
6467.0,6,1,0.964,10,2.883,227,167,2183.0,-0.00104,24.933
6468.0,6,1,0.964,10,2.883,227,167,2183.0,-0.00104,24.933
6469.0,6,1,0.964,10,2.883,227,167,2183.0,-0.00104,24.933
6470.0,6,1,0.964,10,2.883,227,167,2183.0,-0.00104,24.933
6471.0,6,1,0.964,10,2.883,227,167,2183.0,-0.00104,24.933
6472.0,6,1,0.964,10,2.883,227,167,2183.0,-0.00104,24.933
6473.0,6,1,0.964,10,2.883,227,167,2183.0,-0.00104,24.933
6474.0,6,1,0.964,10,2.883,227,167,2183.0,-0.00104,24.933
6475.0,6,1,0.964,10,2.883,227,167,2183.0,-0.00104,24.933
6476.0,6,1,0.964,10,2.883,227,167,2183.0,-0.00104,24.933
6477.0,6,1,0.964,10,2.883,227,167,2183.0,-0.00104,24.933
6478.0,6,1,0.964,10,2.883,227,167,2183.0,-0.00104,24.933
6479.0,6,1,0.964,10,2.883,227,167,2183.0,-0.00104,24.933
6480.0,6,1,0.964,10,2.883,227,167,2183.0,-0.00104,24.933
6481.0,6,1,0.964,10,2.883,227,167,2183.0,-0.00104,24.933
6482.0,7,0,0.989,10,2.883,228,167,2185.9,-0.00104,24.924
6483.0,7,0,0.989,10,2.883,228,167,2185.9,-0.00104,24.924
6484.0,7,0,0.989,10,2.882,228,168,2185.9,-0.00104,24.94
6485.0,7,0,0.989,10,2.882,228,168,2185.9,-0.00104,24.959
6486.0,7,0,0.989,10,2.882,228,168,2185.9,-0.00104,24.963
6487.0,7,0,0.989,10,2.882,228,168,2185.9,-0.00104,24.963
6488.0,7,0,0.989,10,2.882,228,168,2185.9,-0.00104,24.963
6489.0,7,0,0.989,10,2.882,228,168,2185.9,-0.00104,24.942
6490.0,7,0,0.989,10,2.882,228,168,2185.9,-0.00104,24.921
6491.0,7,0,0.989,10,2.882,228,168,2185.9,-0.00104,24.921
6492.0,7,1,0.989,10,2.882,228,168,2185.9,-0.00104,24.921
6493.0,7,1,0.989,10,2.882,228,168,2185.9,-0.00104,24.921
6494.0,7,1,0.989,10,2.882,228,168,2185.9,-0.00104,24.921
6495.0,7,1,0.989,10,2.882,228,168,2185.9,-0.00104,24.921
6496.0,7,1,0.989,10,2.882,228,168,2185.9,-0.00104,24.921
6497.0,7,1,0.989,10,2.882,228,168,2185.9,-0.00104,24.921
6498.0,7,1,0.989,10,2.882,228,168,2185.9,-0.00104,24.921
6499.0,7,1,0.989,10,2.882,228,168,2185.9,-0.00104,24.921
6500.0,7,1,0.989,10,2.882,228,168,2185.9,-0.00104,24.921
6501.0,7,1,0.989,10,2.882,228,168,2185.9,-0.00104,24.921
6502.0,7,1,0.989,10,2.882,228,168,2185.9,-0.00104,24.921
6503.0,7,1,0.989,10,2.882,228,168,2185.9,-0.00104,24.921
6504.0,7,1,0.989,10,2.882,228,168,2185.9,-0.00104,24.921
6505.0,7,1,0.989,10,2.882,228,168,2185.9,-0.00104,24.921
6506.0,7,1,0.989,10,2.882,228,168,2185.9,-0.00104,24.921
6507.0,5,0,0.86,10,2.882,229,168,2191.7,-0.00104,25.209
6508.0,5,0,0.86,10,2.882,229,168,2191.7,-0.00104,25.188
6509.0,5,0,0.86,10,2.877,229,169,2191.7,-0.00063,25.092
6510.0,5,0,0.86,10,2.877,229,169,2191.7,-0.00063,25.071
6511.0,5,0,0.86,10,2.877,229,169,2191.7,-0.00063,25.071
6512.0,5,0,0.86,10,2.877,229,169,2191.7,-0.00063,25.071
6513.0,5,0,0.86,10,2.877,229,169,2191.7,-0.00063,25.071
6514.0,5,0,0.86,10,2.877,229,169,2191.7,-0.00063,25.071
6515.0,5,1,0.86,10,2.877,229,169,2191.7,-0.00063,25.071
6516.0,5,1,0.86,10,2.877,229,169,2191.7,-0.00063,25.071
6517.0,5,1,0.86,10,2.877,229,169,2191.7,-0.00063,25.071
6518.0,5,1,0.86,10,2.877,229,169,2191.7,-0.00063,25.071
6519.0,5,1,0.86,10,2.877,229,169,2191.7,-0.00063,25.071
6520.0,5,1,0.86,10,2.877,229,169,2191.7,-0.00063,25.071
6521.0,5,1,0.86,10,2.877,229,169,2191.7,-0.00063,25.071
6522.0,5,1,0.86,10,2.877,229,169,2191.7,-0.00063,25.071
6523.0,5,1,0.86,10,2.877,229,169,2191.7,-0.00063,25.071
6524.0,5,1,0.86,10,2.877,229,169,2191.7,-0.00063,25.071
6525.0,5,1,0.86,10,2.877,229,169,2191.7,-0.00063,25.071
6526.0,6,0,0.907,10,2.877,230,169,2194.6,-0.00063,24.878
6527.0,6,0,0.907,10,2.877,230,169,2194.6,-0.00063,24.878
6528.0,6,0,0.907,10,2.87,230,170,2194.6,-0.00062,24.944
6529.0,6,1,0.907,10,2.87,230,170,2194.6,-0.00062,24.944
6530.0,6,1,0.907,10,2.87,230,170,2194.6,-0.00062,24.944
6531.0,6,0,1.0,10,2.87,230,170,2194.6,-0.00062,25.112
6532.0,6,0,1.0,10,2.87,230,170,2194.6,-0.00062,25.112
6533.0,6,1,1.0,10,2.87,230,170,2194.6,-0.00062,25.112
6534.0,6,1,1.0,10,2.87,230,170,2194.6,-0.00062,25.112
6535.0,6,1,1.0,10,2.87,230,170,2194.6,-0.00062,25.112
6536.0,6,1,1.0,10,2.87,230,170,2194.6,-0.00062,25.112
6537.0,6,1,1.0,10,2.87,230,170,2194.6,-0.00062,25.112
6538.0,6,1,1.0,10,2.87,230,170,2194.6,-0.00062,25.112
6539.0,6,1,1.0,10,2.87,230,170,2194.6,-0.00062,25.112
6540.0,6,1,1.0,10,2.87,230,170,2194.6,-0.00062,25.112
6541.0,6,1,1.0,10,2.87,230,170,2194.6,-0.00062,25.112
6542.0,6,1,1.0,10,2.87,230,170,2194.6,-0.00062,25.112
6543.0,6,1,1.0,10,2.87,230,170,2194.6,-0.00062,25.112
6544.0,6,1,1.0,10,2.87,230,170,2194.6,-0.00062,25.112
6545.0,6,1,1.0,10,2.87,230,170,2194.6,-0.00062,25.112
6546.0,6,1,1.0,10,2.87,230,170,2194.6,-0.00062,25.112
6547.0,6,1,1.0,10,2.87,230,170,2194.6,-0.00062,25.112
6548.0,6,1,1.0,10,2.87,230,170,2194.6,-0.00062,25.112
6549.0,6,1,1.0,10,2.87,230,170,2194.6,-0.00062,25.112
6550.0,4,0,0.86,10,2.87,231,170,2200.3,-0.00062,25.071
6551.0,4,1,0.86,10,2.87,231,170,2200.3,-0.00062,25.071
6552.0,4,1,0.86,10,2.87,231,170,2200.3,-0.00062,25.071
6553.0,4,1,0.86,10,2.87,231,170,2200.3,-0.00062,25.071
6554.0,4,1,0.86,10,2.87,231,170,2200.3,-0.00062,25.071
6555.0,4,1,0.86,10,2.87,231,170,2200.3,-0.00062,25.071
6556.0,4,1,0.86,10,2.87,231,170,2200.3,-0.00062,25.071
6557.0,4,1,0.86,10,2.87,231,170,2200.3,-0.00062,25.071
6558.0,4,1,0.86,10,2.87,231,170,2200.3,-0.00062,25.071
6559.0,4,1,0.86,10,2.87,231,170,2200.3,-0.00062,25.071
6560.0,4,1,0.86,10,2.87,231,170,2200.3,-0.00062,25.071
6561.0,4,1,0.86,10,2.87,231,170,2200.3,-0.00062,25.071
6562.0,4,1,0.86,10,2.87,231,170,2200.3,-0.00062,25.071
6563.0,4,1,0.86,10,2.87,231,170,2200.3,-0.00062,25.071
6564.0,4,1,0.86,10,2.87,231,170,2200.3,-0.00062,25.071
6565.0,4,1,0.86,10,2.87,231,170,2200.3,-0.00062,25.071
6566.0,4,1,0.86,10,2.87,231,170,2200.3,-0.00062,25.071
6567.0,4,1,0.86,10,2.87,231,170,2200.3,-0.00062,25.071
6568.0,4,1,0.86,10,2.87,231,170,2200.3,-0.00062,25.071
6569.0,1,0,0.914,10,2.87,232,170,2208.9,-0.00062,24.923
6570.0,1,0,0.914,10,2.87,232,170,2208.9,-0.00062,24.923
6571.0,1,0,0.914,10,2.872,232,171,2208.9,-0.0006,24.923
6572.0,1,0,0.914,10,2.872,232,171,2208.9,-0.0006,24.923
6573.0,1,1,0.914,10,2.872,232,171,2208.9,-0.0006,24.923
6574.0,1,1,0.914,10,2.872,232,171,2208.9,-0.0006,24.923
6575.0,1,1,0.914,10,2.872,232,171,2208.9,-0.0006,24.923
6576.0,1,1,0.914,10,2.872,232,171,2208.9,-0.0006,24.923
6577.0,1,1,0.914,10,2.872,232,171,2208.9,-0.0006,24.923
6578.0,1,1,0.914,10,2.872,232,171,2208.9,-0.0006,24.923
6579.0,1,1,0.914,10,2.872,232,171,2208.9,-0.0006,24.923
6580.0,1,1,0.914,10,2.872,232,171,2208.9,-0.0006,24.923
6581.0,1,1,0.914,10,2.872,232,171,2208.9,-0.0006,24.923
6582.0,1,1,0.914,10,2.872,232,171,2208.9,-0.0006,24.923
6583.0,1,1,0.914,10,2.872,232,171,2208.9,-0.0006,24.923
6584.0,1,1,0.914,10,2.872,232,171,2208.9,-0.0006,24.923
6585.0,1,1,0.914,10,2.872,232,171,2208.9,-0.0006,24.923
6586.0,1,1,0.914,10,2.872,232,171,2208.9,-0.0006,24.923
6587.0,1,1,0.914,10,2.872,232,171,2208.9,-0.0006,24.923
6588.0,1,1,0.914,10,2.872,232,171,2208.9,-0.0006,24.923
6589.0,1,1,0.914,10,2.872,232,171,2208.9,-0.0006,24.923
6590.0,1,1,0.914,10,2.872,232,171,2208.9,-0.0006,24.923
6591.0,1,1,0.914,10,2.872,232,171,2208.9,-0.0006,24.923
6592.0,1,1,0.914,10,2.872,232,171,2208.9,-0.0006,24.923
6593.0,1,1,0.914,10,2.872,232,171,2208.9,-0.0006,24.923
6594.0,1,1,0.914,10,2.872,232,171,2208.9,-0.0006,24.923
6595.0,1,1,0.914,10,2.872,232,171,2208.9,-0.0006,24.923
6596.0,1,1,0.914,10,2.872,232,171,2208.9,-0.0006,24.923
6597.0,1,1,0.914,10,2.872,232,171,2208.9,-0.0006,24.923
6598.0,7,0,0.733,10,2.872,233,171,2226.1,-0.0006,25.075
6599.0,7,0,0.733,10,2.872,233,171,2226.1,-0.0006,25.095
6600.0,7,0,0.733,10,2.876,233,172,2226.1,-0.0006,25.054
6601.0,7,0,0.733,10,2.876,233,172,2226.1,-0.0006,25.074
6602.0,7,0,0.733,10,2.876,233,172,2226.1,-0.0006,25.093
6603.0,7,1,0.733,10,2.876,233,172,2226.1,-0.0006,25.093
6604.0,7,1,0.733,10,2.876,233,172,2226.1,-0.0006,25.093
6605.0,7,1,0.733,10,2.876,233,172,2226.1,-0.0006,25.093
6606.0,7,1,0.733,10,2.876,233,172,2226.1,-0.0006,25.093
6607.0,7,1,0.733,10,2.876,233,172,2226.1,-0.0006,25.093
6608.0,7,1,0.733,10,2.876,233,172,2226.1,-0.0006,25.093
6609.0,7,1,0.733,10,2.876,233,172,2226.1,-0.0006,25.093
6610.0,7,1,0.733,10,2.876,233,172,2226.1,-0.0006,25.093
6611.0,7,1,0.733,10,2.876,233,172,2226.1,-0.0006,25.093
6612.0,7,1,0.733,10,2.876,233,172,2226.1,-0.0006,25.093
6613.0,7,1,0.733,10,2.876,233,172,2226.1,-0.0006,25.093
6614.0,7,1,0.733,10,2.876,233,172,2226.1,-0.0006,25.093
6615.0,7,1,0.733,10,2.876,233,172,2226.1,-0.0006,25.093
6616.0,7,1,0.733,10,2.876,233,172,2226.1,-0.0006,25.093
6617.0,7,1,0.733,10,2.876,233,172,2226.1,-0.0006,25.093
6618.0,7,1,0.733,10,2.876,233,172,2226.1,-0.0006,25.093
6619.0,5,0,0.955,10,2.876,234,172,2231.9,-0.0006,25.099
6620.0,5,0,0.955,10,2.876,234,172,2231.9,-0.0006,25.099
6621.0,5,1,0.955,10,2.876,234,172,2231.9,-0.0006,25.099
6622.0,5,1,0.955,10,2.876,234,172,2231.9,-0.0006,25.099
6623.0,5,1,0.955,10,2.876,234,172,2231.9,-0.0006,25.099
6624.0,5,1,0.955,10,2.876,234,172,2231.9,-0.0006,25.099
6625.0,5,1,0.955,10,2.876,234,172,2231.9,-0.0006,25.099
6626.0,5,1,0.955,10,2.876,234,172,2231.9,-0.0006,25.099
6627.0,5,1,0.955,10,2.876,234,172,2231.9,-0.0006,25.099
6628.0,5,1,0.955,10,2.876,234,172,2231.9,-0.0006,25.099
6629.0,5,1,0.955,10,2.876,234,172,2231.9,-0.0006,25.099
6630.0,5,1,0.955,10,2.876,234,172,2231.9,-0.0006,25.099
6631.0,5,1,0.955,10,2.876,234,172,2231.9,-0.0006,25.099
6632.0,5,1,0.955,10,2.876,234,172,2231.9,-0.0006,25.099
6633.0,4,0,0.841,10,2.876,235,172,2234.8,-0.0006,25.016
6634.0,4,0,0.841,10,2.876,235,172,2234.8,-0.0006,24.996
6635.0,4,0,0.841,10,2.887,235,173,2234.8,-2e-05,24.995
6636.0,4,0,0.841,10,2.887,235,173,2234.8,-2e-05,24.975
6637.0,4,1,0.841,10,2.887,235,173,2234.8,-2e-05,24.975
6638.0,4,1,0.841,10,2.887,235,173,2234.8,-2e-05,24.975
6639.0,4,1,0.841,10,2.887,235,173,2234.8,-2e-05,24.975
6640.0,4,1,0.841,10,2.887,235,173,2234.8,-2e-05,24.975
6641.0,4,1,0.841,10,2.887,235,173,2234.8,-2e-05,24.975
6642.0,4,1,0.841,10,2.887,235,173,2234.8,-2e-05,24.975
6643.0,4,1,0.841,10,2.887,235,173,2234.8,-2e-05,24.975
6644.0,4,1,0.841,10,2.887,235,173,2234.8,-2e-05,24.975
6645.0,4,1,0.841,10,2.887,235,173,2234.8,-2e-05,24.975
6646.0,4,1,0.841,10,2.887,235,173,2234.8,-2e-05,24.975
6647.0,4,1,0.841,10,2.887,235,173,2234.8,-2e-05,24.975
6648.0,4,1,0.841,10,2.887,235,173,2234.8,-2e-05,24.975
6649.0,4,1,0.841,10,2.887,235,173,2234.8,-2e-05,24.975
6650.0,4,1,0.841,10,2.887,235,173,2234.8,-2e-05,24.975
6651.0,4,1,0.841,10,2.887,235,173,2234.8,-2e-05,24.975
6652.0,4,1,0.841,10,2.887,235,173,2234.8,-2e-05,24.975
6653.0,4,1,0.841,10,2.887,235,173,2234.8,-2e-05,24.975
6654.0,4,1,0.841,10,2.887,235,173,2234.8,-2e-05,24.975
6655.0,6,0,0.935,10,2.887,236,173,2240.5,-2e-05,24.911
6656.0,6,1,0.935,10,2.887,236,173,2240.5,-2e-05,24.911
6657.0,6,1,0.935,10,2.887,236,173,2240.5,-2e-05,24.911
6658.0,6,1,0.935,10,2.887,236,173,2240.5,-2e-05,24.911
6659.0,6,1,0.935,10,2.887,236,173,2240.5,-2e-05,24.911
6660.0,6,1,0.935,10,2.887,236,173,2240.5,-2e-05,24.911
6661.0,6,1,0.935,10,2.887,236,173,2240.5,-2e-05,24.911
6662.0,6,1,0.935,10,2.887,236,173,2240.5,-2e-05,24.911
6663.0,6,1,0.935,10,2.887,236,173,2240.5,-2e-05,24.911
6664.0,6,1,0.935,10,2.887,236,173,2240.5,-2e-05,24.911
6665.0,6,1,0.935,10,2.887,236,173,2240.5,-2e-05,24.911
6666.0,6,1,0.935,10,2.887,236,173,2240.5,-2e-05,24.911
6667.0,6,1,0.935,10,2.887,236,173,2240.5,-2e-05,24.911
6668.0,6,1,0.935,10,2.887,236,173,2240.5,-2e-05,24.911
6669.0,5,0,0.881,10,2.887,237,173,2243.4,-2e-05,25.078
6670.0,5,0,0.881,10,2.887,237,173,2243.4,-2e-05,25.058
6671.0,5,0,0.881,10,2.879,237,174,2243.4,-1e-05,24.996
6672.0,5,0,0.881,10,2.879,237,174,2243.4,-1e-05,24.995
6673.0,5,0,0.881,10,2.879,237,174,2243.4,-1e-05,24.995
6674.0,5,1,0.881,10,2.879,237,174,2243.4,-1e-05,24.995
6675.0,5,1,0.881,10,2.879,237,174,2243.4,-1e-05,24.995
6676.0,5,1,0.881,10,2.879,237,174,2243.4,-1e-05,24.995
6677.0,5,1,0.881,10,2.879,237,174,2243.4,-1e-05,24.995
6678.0,5,1,0.881,10,2.879,237,174,2243.4,-1e-05,24.995
6679.0,5,1,0.881,10,2.879,237,174,2243.4,-1e-05,24.995
6680.0,5,1,0.881,10,2.879,237,174,2243.4,-1e-05,24.995
6681.0,5,1,0.881,10,2.879,237,174,2243.4,-1e-05,24.995
6682.0,5,1,0.881,10,2.879,237,174,2243.4,-1e-05,24.995
6683.0,5,1,0.881,10,2.879,237,174,2243.4,-1e-05,24.995
6684.0,5,1,0.881,10,2.879,237,174,2243.4,-1e-05,24.995
6685.0,5,1,0.881,10,2.879,237,174,2243.4,-1e-05,24.995
6686.0,5,1,0.881,10,2.879,237,174,2243.4,-1e-05,24.995
6687.0,5,1,0.881,10,2.879,237,174,2243.4,-1e-05,24.995
6688.0,5,1,0.881,10,2.879,237,174,2243.4,-1e-05,24.995
6689.0,5,1,0.881,10,2.879,237,174,2243.4,-1e-05,24.995
6690.0,3,0,0.865,10,2.879,238,174,2249.2,-1e-05,25.117
6691.0,3,1,0.865,10,2.879,238,174,2249.2,-1e-05,25.117
6692.0,3,1,0.865,10,2.879,238,174,2249.2,-1e-05,25.117
6693.0,3,1,0.865,10,2.879,238,174,2249.2,-1e-05,25.117
6694.0,3,1,0.865,10,2.879,238,174,2249.2,-1e-05,25.117
6695.0,3,1,0.865,10,2.879,238,174,2249.2,-1e-05,25.117
6696.0,3,1,0.865,10,2.879,238,174,2249.2,-1e-05,25.117
6697.0,3,1,0.865,10,2.879,238,174,2249.2,-1e-05,25.117
6698.0,3,1,0.865,10,2.879,238,174,2249.2,-1e-05,25.117
6699.0,3,1,0.865,10,2.879,238,174,2249.2,-1e-05,25.117
6700.0,3,1,0.865,10,2.879,238,174,2249.2,-1e-05,25.117
6701.0,3,1,0.865,10,2.879,238,174,2249.2,-1e-05,25.117
6702.0,3,1,0.865,10,2.879,238,174,2249.2,-1e-05,25.117
6703.0,3,1,0.865,10,2.879,238,174,2249.2,-1e-05,25.117
6704.0,3,1,0.865,10,2.879,238,174,2249.2,-1e-05,25.117
6705.0,3,1,0.865,10,2.879,238,174,2249.2,-1e-05,25.117
6706.0,3,1,0.865,10,2.879,238,174,2249.2,-1e-05,25.117
6707.0,1,0,0.871,10,2.879,239,174,2254.9,-1e-05,25.173
6708.0,1,0,0.871,10,2.879,239,174,2254.9,-1e-05,25.153
6709.0,1,0,0.871,10,2.874,239,175,2254.9,0.0,25.133
6710.0,1,1,0.871,10,2.874,239,175,2254.9,0.0,25.133
6711.0,1,1,0.871,10,2.874,239,175,2254.9,0.0,25.133
6712.0,1,1,0.871,10,2.874,239,175,2254.9,0.0,25.133
6713.0,1,1,0.871,10,2.874,239,175,2254.9,0.0,25.133
6714.0,1,1,0.871,10,2.874,239,175,2254.9,0.0,25.133
6715.0,1,1,0.871,10,2.874,239,175,2254.9,0.0,25.133
6716.0,1,1,0.871,10,2.874,239,175,2254.9,0.0,25.133
6717.0,1,1,0.871,10,2.874,239,175,2254.9,0.0,25.133
6718.0,1,1,0.871,10,2.874,239,175,2254.9,0.0,25.133
6719.0,1,1,0.871,10,2.874,239,175,2254.9,0.0,25.133
6720.0,1,1,0.871,10,2.874,239,175,2254.9,0.0,25.133
6721.0,1,1,0.871,10,2.874,239,175,2254.9,0.0,25.133
6722.0,1,1,0.871,10,2.874,239,175,2254.9,0.0,25.133
6723.0,1,1,0.871,10,2.874,239,175,2254.9,0.0,25.133
6724.0,1,1,0.871,10,2.874,239,175,2254.9,0.0,25.133
6725.0,3,0,0.76,10,2.874,240,175,2260.7,0.0,24.923
6726.0,3,0,0.76,10,2.874,240,175,2260.7,0.0,24.923
6727.0,3,0,0.76,10,2.865,240,176,2260.7,0.0,24.975
6728.0,3,0,0.76,10,2.865,240,176,2260.7,0.0,24.995
6729.0,3,1,0.76,10,2.865,240,176,2260.7,0.0,24.995
6730.0,3,1,0.76,10,2.865,240,176,2260.7,0.0,24.995
6731.0,3,1,0.76,10,2.865,240,176,2260.7,0.0,24.995
6732.0,3,1,0.76,10,2.865,240,176,2260.7,0.0,24.995
6733.0,3,1,0.76,10,2.865,240,176,2260.7,0.0,24.995
6734.0,3,1,0.76,10,2.865,240,176,2260.7,0.0,24.995
6735.0,3,1,0.76,10,2.865,240,176,2260.7,0.0,24.995
6736.0,3,1,0.76,10,2.865,240,176,2260.7,0.0,24.995
6737.0,3,1,0.76,10,2.865,240,176,2260.7,0.0,24.995
6738.0,3,1,0.76,10,2.865,240,176,2260.7,0.0,24.995
6739.0,3,1,0.76,10,2.865,240,176,2260.7,0.0,24.995
6740.0,3,1,0.76,10,2.865,240,176,2260.7,0.0,24.995
6741.0,3,1,0.76,10,2.865,240,176,2260.7,0.0,24.995
6742.0,3,1,0.76,10,2.865,240,176,2260.7,0.0,24.995
6743.0,3,1,0.76,10,2.865,240,176,2260.7,0.0,24.995
6744.0,3,1,0.76,10,2.865,240,176,2260.7,0.0,24.995
6745.0,3,1,0.76,10,2.865,240,176,2260.7,0.0,24.995
6746.0,3,1,0.76,10,2.865,240,176,2260.7,0.0,24.995
6747.0,3,1,0.76,10,2.865,240,176,2260.7,0.0,24.995
6748.0,7,0,0.835,10,2.865,241,176,2272.2,0.0,24.776
6749.0,7,0,0.835,10,2.865,241,176,2272.2,0.0,24.796
6750.0,7,1,0.835,10,2.865,241,176,2272.2,0.0,24.796
6751.0,7,1,0.835,10,2.865,241,176,2272.2,0.0,24.796
6752.0,7,1,0.835,10,2.865,241,176,2272.2,0.0,24.796
6753.0,7,0,1.0,10,2.865,241,176,2272.2,0.0,25.027
6754.0,7,0,1.0,10,2.865,241,176,2272.2,0.0,25.027
6755.0,7,0,1.0,10,2.865,241,176,2272.2,0.0,25.007
6756.0,7,1,1.0,10,2.865,241,176,2272.2,0.0,25.007
6757.0,7,1,1.0,10,2.865,241,176,2272.2,0.0,25.007
6758.0,7,1,1.0,10,2.865,241,176,2272.2,0.0,25.007
6759.0,7,1,1.0,10,2.865,241,176,2272.2,0.0,25.007
6760.0,7,1,1.0,10,2.865,241,176,2272.2,0.0,25.007
6761.0,7,1,1.0,10,2.865,241,176,2272.2,0.0,25.007
6762.0,7,1,1.0,10,2.865,241,176,2272.2,0.0,25.007
6763.0,7,1,1.0,10,2.865,241,176,2272.2,0.0,25.007
6764.0,7,1,1.0,10,2.865,241,176,2272.2,0.0,25.007
6765.0,7,1,1.0,10,2.865,241,176,2272.2,0.0,25.007
6766.0,7,1,1.0,10,2.865,241,176,2272.2,0.0,25.007
6767.0,7,1,1.0,10,2.865,241,176,2272.2,0.0,25.007
6768.0,7,1,1.0,10,2.865,241,176,2272.2,0.0,25.007
6769.0,7,1,1.0,10,2.865,241,176,2272.2,0.0,25.007
6770.0,7,1,1.0,10,2.865,241,176,2272.2,0.0,25.007
6771.0,7,1,1.0,10,2.865,241,176,2272.2,0.0,25.007
6772.0,7,1,1.0,10,2.865,241,176,2272.2,0.0,25.007
6773.0,7,1,1.0,10,2.865,241,176,2272.2,0.0,25.007
6774.0,7,1,1.0,10,2.865,241,176,2272.2,0.0,25.007
6775.0,7,1,1.0,10,2.865,241,176,2272.2,0.0,25.007
6776.0,7,1,1.0,10,2.865,241,176,2272.2,0.0,25.007
6777.0,7,1,1.0,10,2.865,241,176,2272.2,0.0,25.007
6778.0,7,1,1.0,10,2.865,241,176,2272.2,0.0,25.007
6779.0,7,1,1.0,10,2.865,241,176,2272.2,0.0,25.007
6780.0,7,1,1.0,10,2.865,241,176,2272.2,0.0,25.007
6781.0,1,0,0.771,10,2.865,242,176,2289.3,0.0,24.965
6782.0,1,0,0.771,10,2.865,242,176,2289.3,0.0,24.945
6783.0,1,0,0.771,10,2.868,242,177,2289.3,0.0,24.925
6784.0,1,1,0.771,10,2.868,242,177,2289.3,0.0,24.925
6785.0,1,1,0.771,10,2.868,242,177,2289.3,0.0,24.925
6786.0,1,1,0.771,10,2.868,242,177,2289.3,0.0,24.925
6787.0,1,1,0.771,10,2.868,242,177,2289.3,0.0,24.925
6788.0,1,1,0.771,10,2.868,242,177,2289.3,0.0,24.925
6789.0,1,1,0.771,10,2.868,242,177,2289.3,0.0,24.925
6790.0,1,1,0.771,10,2.868,242,177,2289.3,0.0,24.925
6791.0,1,1,0.771,10,2.868,242,177,2289.3,0.0,24.925
6792.0,1,1,0.771,10,2.868,242,177,2289.3,0.0,24.925
6793.0,1,1,0.771,10,2.868,242,177,2289.3,0.0,24.925
6794.0,1,1,0.771,10,2.868,242,177,2289.3,0.0,24.925
6795.0,1,1,0.771,10,2.868,242,177,2289.3,0.0,24.925
6796.0,1,1,0.771,10,2.868,242,177,2289.3,0.0,24.925
6797.0,1,1,0.771,10,2.868,242,177,2289.3,0.0,24.925
6798.0,1,1,0.771,10,2.868,242,177,2289.3,0.0,24.925
6799.0,1,1,0.771,10,2.868,242,177,2289.3,0.0,24.925
6800.0,1,1,0.771,10,2.868,242,177,2289.3,0.0,24.925
6801.0,1,1,0.771,10,2.868,242,177,2289.3,0.0,24.925
6802.0,1,1,0.771,10,2.868,242,177,2289.3,0.0,24.925
6803.0,1,1,0.771,10,2.868,242,177,2289.3,0.0,24.925
6804.0,1,1,0.771,10,2.868,242,177,2289.3,0.0,24.925
6805.0,1,1,0.771,10,2.868,242,177,2289.3,0.0,24.925
6806.0,1,1,0.771,10,2.868,242,177,2289.3,0.0,24.925
6807.0,1,1,0.771,10,2.868,242,177,2289.3,0.0,24.925
6808.0,1,1,0.771,10,2.868,242,177,2289.3,0.0,24.925
6809.0,1,1,0.771,10,2.868,242,177,2289.3,0.0,24.925
6810.0,1,1,0.771,10,2.868,242,177,2289.3,0.0,24.925
6811.0,1,1,0.771,10,2.868,242,177,2289.3,0.0,24.925
6812.0,1,1,0.771,10,2.868,242,177,2289.3,0.0,24.925
6813.0,1,1,0.771,10,2.868,242,177,2289.3,0.0,24.925
6814.0,1,1,0.771,10,2.868,242,177,2289.3,0.0,24.925
6815.0,1,1,0.771,10,2.868,242,177,2289.3,0.0,24.925
6816.0,1,1,0.771,10,2.868,242,177,2289.3,0.0,24.925
6817.0,1,1,0.771,10,2.868,242,177,2289.3,0.0,24.925
6818.0,1,1,0.771,10,2.868,242,177,2289.3,0.0,24.925
6819.0,1,1,0.771,10,2.868,242,177,2289.3,0.0,24.925
6820.0,1,1,0.771,10,2.868,242,177,2289.3,0.0,24.925
6821.0,1,1,0.771,10,2.868,242,177,2289.3,0.0,24.925
6822.0,1,1,0.771,10,2.868,242,177,2289.3,0.0,24.925
6823.0,1,1,0.771,10,2.868,242,177,2289.3,0.0,24.925
6824.0,9,0,0.962,10,2.868,243,177,2312.3,0.0,24.719
6825.0,9,0,0.962,10,2.868,243,177,2312.3,0.0,24.719
6826.0,9,0,0.962,10,2.868,243,178,2312.3,-0.0,24.77
6827.0,9,0,0.962,10,2.868,243,178,2312.3,-0.0,24.75
6828.0,9,0,0.962,10,2.868,243,178,2312.3,-0.0,24.749
6829.0,9,1,0.962,10,2.868,243,178,2312.3,-0.0,24.749
6830.0,9,1,0.962,10,2.868,243,178,2312.3,-0.0,24.749
6831.0,9,1,0.962,10,2.868,243,178,2312.3,-0.0,24.749
6832.0,9,1,0.962,10,2.868,243,178,2312.3,-0.0,24.749
6833.0,9,1,0.962,10,2.868,243,178,2312.3,-0.0,24.749
6834.0,9,1,0.962,10,2.868,243,178,2312.3,-0.0,24.749
6835.0,9,1,0.962,10,2.868,243,178,2312.3,-0.0,24.749
6836.0,9,1,0.962,10,2.868,243,178,2312.3,-0.0,24.749
6837.0,9,1,0.962,10,2.868,243,178,2312.3,-0.0,24.749
6838.0,9,1,0.962,10,2.868,243,178,2312.3,-0.0,24.749
6839.0,9,1,0.962,10,2.868,243,178,2312.3,-0.0,24.749
6840.0,9,1,0.962,10,2.868,243,178,2312.3,-0.0,24.749
6841.0,9,1,0.962,10,2.868,243,178,2312.3,-0.0,24.749
6842.0,9,1,0.962,10,2.868,243,178,2312.3,-0.0,24.749
6843.0,7,0,0.805,10,2.868,244,178,2318.0,-0.0,24.849
6844.0,7,0,0.805,10,2.868,244,178,2318.0,-0.0,24.829
6845.0,7,0,0.805,10,2.861,244,179,2318.0,-0.0,24.784
6846.0,7,1,0.805,10,2.861,244,179,2318.0,-0.0,24.784
6847.0,7,1,0.805,10,2.861,244,179,2318.0,-0.0,24.784
6848.0,7,1,0.805,10,2.861,244,179,2318.0,-0.0,24.784
6849.0,7,1,0.805,10,2.861,244,179,2318.0,-0.0,24.784
6850.0,7,1,0.805,10,2.861,244,179,2318.0,-0.0,24.784
6851.0,7,1,0.805,10,2.861,244,179,2318.0,-0.0,24.784
6852.0,7,1,0.805,10,2.861,244,179,2318.0,-0.0,24.784
6853.0,7,1,0.805,10,2.861,244,179,2318.0,-0.0,24.784
6854.0,7,1,0.805,10,2.861,244,179,2318.0,-0.0,24.784
6855.0,7,1,0.805,10,2.861,244,179,2318.0,-0.0,24.784
6856.0,7,1,0.805,10,2.861,244,179,2318.0,-0.0,24.784
6857.0,7,1,0.805,10,2.861,244,179,2318.0,-0.0,24.784
6858.0,7,1,0.805,10,2.861,244,179,2318.0,-0.0,24.784
6859.0,7,1,0.805,10,2.861,244,179,2318.0,-0.0,24.784
6860.0,7,1,0.805,10,2.861,244,179,2318.0,-0.0,24.784
6861.0,7,1,0.805,10,2.861,244,179,2318.0,-0.0,24.784
6862.0,7,1,0.805,10,2.861,244,179,2318.0,-0.0,24.784
6863.0,7,1,0.805,10,2.861,244,179,2318.0,-0.0,24.784
6864.0,7,1,0.805,10,2.861,244,179,2318.0,-0.0,24.784
6865.0,7,1,0.805,10,2.861,244,179,2318.0,-0.0,24.784
6866.0,7,1,0.805,10,2.861,244,179,2318.0,-0.0,24.784
6867.0,7,1,0.805,10,2.861,244,179,2318.0,-0.0,24.784
6868.0,7,1,0.805,10,2.861,244,179,2318.0,-0.0,24.784
6869.0,7,1,0.805,10,2.861,244,179,2318.0,-0.0,24.784
6870.0,7,1,0.805,10,2.861,244,179,2318.0,-0.0,24.784
6871.0,1,0,0.692,10,2.861,245,179,2335.2,-0.0,24.693
6872.0,1,0,0.692,10,2.861,245,179,2335.2,-0.0,24.673
6873.0,1,0,0.692,10,2.864,245,180,2335.2,-0.00036,24.653
6874.0,1,0,0.692,10,2.864,245,180,2335.2,-0.00036,24.633
6875.0,1,0,0.692,10,2.864,245,180,2335.2,-0.00036,24.612
6876.0,1,0,0.692,10,2.864,245,180,2335.2,-0.00036,24.592
6877.0,1,0,0.692,10,2.864,245,180,2335.2,-0.00036,24.572
6878.0,1,0,0.692,10,2.864,245,180,2335.2,-0.00036,24.551
6879.0,1,0,0.692,10,2.864,245,180,2335.2,-0.00036,24.531
6880.0,1,0,0.692,10,2.864,245,180,2335.2,-0.00036,24.527
6881.0,1,0,0.692,10,2.864,245,180,2335.2,-0.00036,24.506
6882.0,1,0,0.692,10,2.864,245,180,2335.2,-0.00036,24.526
6883.0,1,0,0.692,10,2.864,245,180,2335.2,-0.00036,24.527
6884.0,1,1,0.692,10,2.864,245,180,2335.2,-0.00036,24.527
6885.0,1,1,0.692,10,2.864,245,180,2335.2,-0.00036,24.527
6886.0,1,1,0.692,10,2.864,245,180,2335.2,-0.00036,24.527
6887.0,1,1,0.692,10,2.864,245,180,2335.2,-0.00036,24.527
6888.0,1,1,0.692,10,2.864,245,180,2335.2,-0.00036,24.527
6889.0,1,1,0.692,10,2.864,245,180,2335.2,-0.00036,24.527
6890.0,1,1,0.692,10,2.864,245,180,2335.2,-0.00036,24.527
6891.0,1,1,0.692,10,2.864,245,180,2335.2,-0.00036,24.527
6892.0,1,1,0.692,10,2.864,245,180,2335.2,-0.00036,24.527
6893.0,1,1,0.692,10,2.864,245,180,2335.2,-0.00036,24.527
6894.0,1,1,0.692,10,2.864,245,180,2335.2,-0.00036,24.527
6895.0,1,1,0.692,10,2.864,245,180,2335.2,-0.00036,24.527
6896.0,1,1,0.692,10,2.864,245,180,2335.2,-0.00036,24.527
6897.0,1,1,0.692,10,2.864,245,180,2335.2,-0.00036,24.527
6898.0,1,1,0.692,10,2.864,245,180,2335.2,-0.00036,24.527
6899.0,1,1,0.692,10,2.864,245,180,2335.2,-0.00036,24.527
6900.0,1,1,0.692,10,2.864,245,180,2335.2,-0.00036,24.527
6901.0,1,1,0.692,10,2.864,245,180,2335.2,-0.00036,24.527
6902.0,1,1,0.692,10,2.864,245,180,2335.2,-0.00036,24.527
6903.0,1,1,0.692,10,2.864,245,180,2335.2,-0.00036,24.527
6904.0,1,1,0.692,10,2.864,245,180,2335.2,-0.00036,24.527
6905.0,5,0,0.978,10,2.864,246,180,2346.7,-0.00036,24.286
6906.0,5,0,0.978,10,2.864,246,180,2346.7,-0.00036,24.306
6907.0,5,0,0.978,10,2.865,246,181,2346.7,-0.00068,24.383
6908.0,5,0,0.978,10,2.865,246,181,2346.7,-0.00068,24.386
6909.0,5,0,0.978,10,2.865,246,181,2346.7,-0.00068,24.406
6910.0,5,0,0.978,10,2.865,246,181,2346.7,-0.00068,24.425
6911.0,5,0,0.978,10,2.865,246,181,2346.7,-0.00068,24.428
6912.0,5,1,0.978,10,2.865,246,181,2346.7,-0.00068,24.428
6913.0,5,1,0.978,10,2.865,246,181,2346.7,-0.00068,24.428
6914.0,5,1,0.978,10,2.865,246,181,2346.7,-0.00068,24.428
6915.0,5,1,0.978,10,2.865,246,181,2346.7,-0.00068,24.428
6916.0,5,1,0.978,10,2.865,246,181,2346.7,-0.00068,24.428
6917.0,5,1,0.978,10,2.865,246,181,2346.7,-0.00068,24.428
6918.0,5,1,0.978,10,2.865,246,181,2346.7,-0.00068,24.428
6919.0,5,1,0.978,10,2.865,246,181,2346.7,-0.00068,24.428
6920.0,5,1,0.978,10,2.865,246,181,2346.7,-0.00068,24.428
6921.0,5,1,0.978,10,2.865,246,181,2346.7,-0.00068,24.428
6922.0,5,1,0.978,10,2.865,246,181,2346.7,-0.00068,24.428
6923.0,5,1,0.978,10,2.865,246,181,2346.7,-0.00068,24.428
6924.0,5,1,0.978,10,2.865,246,181,2346.7,-0.00068,24.428
6925.0,6,0,0.981,10,2.865,247,181,2349.5,-0.00068,24.411
6926.0,6,1,0.981,10,2.865,247,181,2349.5,-0.00068,24.411
6927.0,6,0,1.0,10,2.865,247,181,2349.5,-0.00068,24.432
6928.0,6,1,1.0,10,2.865,247,181,2349.5,-0.00068,24.432
6929.0,6,1,1.0,10,2.865,247,181,2349.5,-0.00068,24.432
6930.0,6,1,1.0,10,2.865,247,181,2349.5,-0.00068,24.432
6931.0,6,1,1.0,10,2.865,247,181,2349.5,-0.00068,24.432
6932.0,6,1,1.0,10,2.865,247,181,2349.5,-0.00068,24.432
6933.0,6,1,1.0,10,2.865,247,181,2349.5,-0.00068,24.432
6934.0,6,1,1.0,10,2.865,247,181,2349.5,-0.00068,24.432
6935.0,6,1,1.0,10,2.865,247,181,2349.5,-0.00068,24.432
6936.0,6,1,1.0,10,2.865,247,181,2349.5,-0.00068,24.432
6937.0,6,1,1.0,10,2.865,247,181,2349.5,-0.00068,24.432
6938.0,6,1,1.0,10,2.865,247,181,2349.5,-0.00068,24.432
6939.0,6,1,1.0,10,2.865,247,181,2349.5,-0.00068,24.432
6940.0,6,1,1.0,10,2.865,247,181,2349.5,-0.00068,24.432
6941.0,6,1,1.0,10,2.865,247,181,2349.5,-0.00068,24.432
6942.0,6,1,1.0,10,2.865,247,181,2349.5,-0.00068,24.432
6943.0,8,0,0.917,10,2.865,248,181,2355.2,-0.00068,24.409
6944.0,8,0,0.917,10,2.865,248,181,2355.2,-0.00068,24.428
6945.0,8,0,0.917,10,2.862,248,182,2355.2,-0.00068,24.451
6946.0,8,1,0.917,10,2.862,248,182,2355.2,-0.00068,24.451
6947.0,8,1,0.917,10,2.862,248,182,2355.2,-0.00068,24.451
6948.0,8,1,0.917,10,2.862,248,182,2355.2,-0.00068,24.451
6949.0,8,1,0.917,10,2.862,248,182,2355.2,-0.00068,24.451
6950.0,8,1,0.917,10,2.862,248,182,2355.2,-0.00068,24.451
6951.0,8,1,0.917,10,2.862,248,182,2355.2,-0.00068,24.451
6952.0,8,1,0.917,10,2.862,248,182,2355.2,-0.00068,24.451
6953.0,8,1,0.917,10,2.862,248,182,2355.2,-0.00068,24.451
6954.0,8,1,0.917,10,2.862,248,182,2355.2,-0.00068,24.451
6955.0,8,1,0.917,10,2.862,248,182,2355.2,-0.00068,24.451
6956.0,8,1,0.917,10,2.862,248,182,2355.2,-0.00068,24.451
6957.0,8,1,0.917,10,2.862,248,182,2355.2,-0.00068,24.451
6958.0,8,1,0.917,10,2.862,248,182,2355.2,-0.00068,24.451
6959.0,9,0,0.975,10,2.862,249,182,2358.1,-0.00068,24.455
6960.0,9,0,0.975,10,2.862,249,182,2358.1,-0.00068,24.474
6961.0,9,0,0.975,10,2.864,249,183,2358.1,-0.00188,24.489
6962.0,9,0,0.975,10,2.864,249,183,2358.1,-0.00188,24.507
6963.0,9,1,0.975,10,2.864,249,183,2358.1,-0.00188,24.507
6964.0,9,1,0.975,10,2.864,249,183,2358.1,-0.00188,24.507
6965.0,9,1,0.975,10,2.864,249,183,2358.1,-0.00188,24.507
6966.0,9,1,0.975,10,2.864,249,183,2358.1,-0.00188,24.507
6967.0,9,1,0.975,10,2.864,249,183,2358.1,-0.00188,24.507
6968.0,9,1,0.975,10,2.864,249,183,2358.1,-0.00188,24.507
6969.0,9,1,0.975,10,2.864,249,183,2358.1,-0.00188,24.507
6970.0,9,1,0.975,10,2.864,249,183,2358.1,-0.00188,24.507
6971.0,9,1,0.975,10,2.864,249,183,2358.1,-0.00188,24.507
6972.0,9,1,0.975,10,2.864,249,183,2358.1,-0.00188,24.507
6973.0,9,1,0.975,10,2.864,249,183,2358.1,-0.00188,24.507
6974.0,9,1,0.975,10,2.864,249,183,2358.1,-0.00188,24.507
6975.0,9,1,0.975,10,2.864,249,183,2358.1,-0.00188,24.507
6976.0,9,1,0.975,10,2.864,249,183,2358.1,-0.00188,24.507
6977.0,10,0,0.995,10,2.864,250,183,2361.0,-0.00188,24.429
6978.0,10,0,0.995,10,2.864,250,183,2361.0,-0.00188,24.429
6979.0,10,0,0.995,10,2.863,250,184,2361.0,-0.00188,24.442
6980.0,10,1,0.995,10,2.863,250,184,2361.0,-0.00188,24.442
6981.0,10,1,0.995,10,2.863,250,184,2361.0,-0.00188,24.442
6982.0,10,1,0.995,10,2.863,250,184,2361.0,-0.00188,24.442
6983.0,10,1,0.995,10,2.863,250,184,2361.0,-0.00188,24.442
6984.0,10,1,0.995,10,2.863,250,184,2361.0,-0.00188,24.442
6985.0,10,1,0.995,10,2.863,250,184,2361.0,-0.00188,24.442
6986.0,10,1,0.995,10,2.863,250,184,2361.0,-0.00188,24.442
6987.0,10,1,0.995,10,2.863,250,184,2361.0,-0.00188,24.442
6988.0,10,1,0.995,10,2.863,250,184,2361.0,-0.00188,24.442
6989.0,10,1,0.995,10,2.863,250,184,2361.0,-0.00188,24.442
6990.0,10,1,0.995,10,2.863,250,184,2361.0,-0.00188,24.442
6991.0,10,1,0.995,10,2.863,250,184,2361.0,-0.00188,24.442
6992.0,10,1,0.995,10,2.863,250,184,2361.0,-0.00188,24.442
6993.0,10,1,0.995,10,2.863,250,184,2361.0,-0.00188,24.442
6994.0,10,1,0.995,10,2.863,250,184,2361.0,-0.00188,24.442
6995.0,10,1,0.995,10,2.863,250,184,2361.0,-0.00188,24.442
6996.0,10,1,0.995,10,2.863,250,184,2361.0,-0.00188,24.442
6997.0,10,1,0.995,10,2.863,250,184,2361.0,-0.00188,24.442
6998.0,10,1,0.995,10,2.863,250,184,2361.0,-0.00188,24.442
6999.0,10,1,0.995,10,2.863,250,184,2361.0,-0.00188,24.442
7000.0,10,1,0.995,10,2.863,250,184,2361.0,-0.00188,24.442
7001.0,10,1,0.995,10,2.863,250,184,2361.0,-0.00188,24.442
7002.0,10,1,0.995,10,2.863,250,184,2361.0,-0.00188,24.442
7003.0,10,1,0.995,10,2.863,250,184,2361.0,-0.00188,24.442
7004.0,10,1,0.995,10,2.863,250,184,2361.0,-0.00188,24.442
7005.0,10,1,0.995,10,2.863,250,184,2361.0,-0.00188,24.442
7006.0,10,1,0.995,10,2.863,250,184,2361.0,-0.00188,24.442
7007.0,10,1,0.995,10,2.863,250,184,2361.0,-0.00188,24.442
7008.0,10,1,0.995,10,2.863,250,184,2361.0,-0.00188,24.442
7009.0,10,1,0.995,10,2.863,250,184,2361.0,-0.00188,24.442
7010.0,10,1,0.995,10,2.863,250,184,2361.0,-0.00188,24.442
7011.0,8,0,0.698,10,2.863,251,184,2366.7,-0.00188,24.872
7012.0,8,0,0.698,10,2.863,251,184,2366.7,-0.00188,24.872
7013.0,8,0,0.698,10,2.852,251,185,2366.7,-0.00188,24.75
7014.0,8,0,0.698,10,2.852,251,185,2366.7,-0.00188,24.728
7015.0,8,0,0.698,10,2.852,251,185,2366.7,-0.00188,24.706
7016.0,8,0,0.698,10,2.852,251,185,2366.7,-0.00188,24.684
7017.0,8,0,0.698,10,2.852,251,185,2366.7,-0.00188,24.662
7018.0,8,1,0.698,10,2.852,251,185,2366.7,-0.00188,24.662
7019.0,8,1,0.698,10,2.852,251,185,2366.7,-0.00188,24.662
7020.0,8,1,0.698,10,2.852,251,185,2366.7,-0.00188,24.662
7021.0,8,1,0.698,10,2.852,251,185,2366.7,-0.00188,24.662
7022.0,8,1,0.698,10,2.852,251,185,2366.7,-0.00188,24.662
7023.0,8,1,0.698,10,2.852,251,185,2366.7,-0.00188,24.662
7024.0,8,1,0.698,10,2.852,251,185,2366.7,-0.00188,24.662
7025.0,8,1,0.698,10,2.852,251,185,2366.7,-0.00188,24.662
7026.0,8,1,0.698,10,2.852,251,185,2366.7,-0.00188,24.662
7027.0,8,1,0.698,10,2.852,251,185,2366.7,-0.00188,24.662
7028.0,8,1,0.698,10,2.852,251,185,2366.7,-0.00188,24.662
7029.0,8,1,0.698,10,2.852,251,185,2366.7,-0.00188,24.662
7030.0,7,0,0.828,10,2.852,252,185,2369.5,-0.00188,24.801
7031.0,7,0,0.828,10,2.852,252,185,2369.5,-0.00188,24.801
7032.0,7,0,0.828,10,2.84,252,186,2369.5,-0.0007,24.761
7033.0,7,0,0.828,10,2.84,252,186,2369.5,-0.0007,24.74
7034.0,7,0,0.828,10,2.84,252,186,2369.5,-0.0007,24.74
7035.0,7,1,0.828,10,2.84,252,186,2369.5,-0.0007,24.74
7036.0,7,1,0.828,10,2.84,252,186,2369.5,-0.0007,24.74
7037.0,7,1,0.828,10,2.84,252,186,2369.5,-0.0007,24.74
7038.0,7,1,0.828,10,2.84,252,186,2369.5,-0.0007,24.74
7039.0,7,1,0.828,10,2.84,252,186,2369.5,-0.0007,24.74
7040.0,7,1,0.828,10,2.84,252,186,2369.5,-0.0007,24.74
7041.0,7,1,0.828,10,2.84,252,186,2369.5,-0.0007,24.74
7042.0,7,1,0.828,10,2.84,252,186,2369.5,-0.0007,24.74
7043.0,7,1,0.828,10,2.84,252,186,2369.5,-0.0007,24.74
7044.0,7,1,0.828,10,2.84,252,186,2369.5,-0.0007,24.74
7045.0,7,1,0.828,10,2.84,252,186,2369.5,-0.0007,24.74
7046.0,7,1,0.828,10,2.84,252,186,2369.5,-0.0007,24.74
7047.0,7,1,0.828,10,2.84,252,186,2369.5,-0.0007,24.74
7048.0,6,0,0.961,10,2.84,253,186,2372.4,-0.0007,24.85
7049.0,6,0,0.961,10,2.84,253,186,2372.4,-0.0007,24.829
7050.0,6,0,0.961,10,2.843,253,187,2372.4,-0.00018,24.799
7051.0,6,0,0.961,10,2.843,253,187,2372.4,-0.00018,24.779
7052.0,6,1,0.961,10,2.843,253,187,2372.4,-0.00018,24.779
7053.0,6,1,0.961,10,2.843,253,187,2372.4,-0.00018,24.779
7054.0,6,1,0.961,10,2.843,253,187,2372.4,-0.00018,24.779
7055.0,6,1,0.961,10,2.843,253,187,2372.4,-0.00018,24.779
7056.0,6,1,0.961,10,2.843,253,187,2372.4,-0.00018,24.779
7057.0,6,1,0.961,10,2.843,253,187,2372.4,-0.00018,24.779
7058.0,6,1,0.961,10,2.843,253,187,2372.4,-0.00018,24.779
7059.0,6,1,0.961,10,2.843,253,187,2372.4,-0.00018,24.779
7060.0,6,1,0.961,10,2.843,253,187,2372.4,-0.00018,24.779
7061.0,6,1,0.961,10,2.843,253,187,2372.4,-0.00018,24.779
7062.0,5,0,0.88,10,2.843,254,187,2375.2,-0.00018,25.034
7063.0,5,0,0.88,10,2.843,254,187,2375.2,-0.00018,25.013
7064.0,5,0,0.88,10,2.834,254,188,2375.2,-0.0,24.929
7065.0,5,0,0.88,10,2.834,254,188,2375.2,-0.0,24.909
7066.0,5,0,0.88,10,2.834,254,188,2375.2,-0.0,24.889
7067.0,5,0,0.88,10,2.834,254,188,2375.2,-0.0,24.869
7068.0,5,1,0.88,10,2.834,254,188,2375.2,-0.0,24.869
7069.0,5,1,0.88,10,2.834,254,188,2375.2,-0.0,24.869
7070.0,5,1,0.88,10,2.834,254,188,2375.2,-0.0,24.869
7071.0,5,1,0.88,10,2.834,254,188,2375.2,-0.0,24.869
7072.0,5,1,0.88,10,2.834,254,188,2375.2,-0.0,24.869
7073.0,5,1,0.88,10,2.834,254,188,2375.2,-0.0,24.869
7074.0,5,1,0.88,10,2.834,254,188,2375.2,-0.0,24.869
7075.0,5,1,0.88,10,2.834,254,188,2375.2,-0.0,24.869
7076.0,5,1,0.88,10,2.834,254,188,2375.2,-0.0,24.869
7077.0,5,1,0.88,10,2.834,254,188,2375.2,-0.0,24.869
7078.0,5,1,0.88,10,2.834,254,188,2375.2,-0.0,24.869
7079.0,5,1,0.88,10,2.834,254,188,2375.2,-0.0,24.869
7080.0,5,1,0.88,10,2.834,254,188,2375.2,-0.0,24.869
7081.0,5,1,0.88,10,2.834,254,188,2375.2,-0.0,24.869
7082.0,5,1,0.88,10,2.834,254,188,2375.2,-0.0,24.869
7083.0,5,1,0.88,10,2.834,254,188,2375.2,-0.0,24.869
7084.0,3,0,0.783,10,2.834,255,188,2380.9,-0.0,25.026
7085.0,3,1,0.783,10,2.834,255,188,2380.9,-0.0,25.026
7086.0,3,1,0.783,10,2.834,255,188,2380.9,-0.0,25.026
7087.0,3,1,0.783,10,2.834,255,188,2380.9,-0.0,25.026
7088.0,3,1,0.783,10,2.834,255,188,2380.9,-0.0,25.026
7089.0,3,1,0.783,10,2.834,255,188,2380.9,-0.0,25.026
7090.0,3,1,0.783,10,2.834,255,188,2380.9,-0.0,25.026
7091.0,3,1,0.783,10,2.834,255,188,2380.9,-0.0,25.026
7092.0,3,1,0.783,10,2.834,255,188,2380.9,-0.0,25.026
7093.0,3,1,0.783,10,2.834,255,188,2380.9,-0.0,25.026
7094.0,3,1,0.783,10,2.834,255,188,2380.9,-0.0,25.026
7095.0,3,1,0.783,10,2.834,255,188,2380.9,-0.0,25.026
7096.0,3,1,0.783,10,2.834,255,188,2380.9,-0.0,25.026
7097.0,3,1,0.783,10,2.834,255,188,2380.9,-0.0,25.026
7098.0,3,1,0.783,10,2.834,255,188,2380.9,-0.0,25.026
7099.0,3,1,0.783,10,2.834,255,188,2380.9,-0.0,25.026
7100.0,3,1,0.783,10,2.834,255,188,2380.9,-0.0,25.026
7101.0,3,1,0.783,10,2.834,255,188,2380.9,-0.0,25.026
7102.0,3,1,0.783,10,2.834,255,188,2380.9,-0.0,25.026
7103.0,3,1,0.783,10,2.834,255,188,2380.9,-0.0,25.026
7104.0,3,1,0.783,10,2.834,255,188,2380.9,-0.0,25.026
7105.0,1,0,0.641,10,2.834,256,188,2386.6,-0.0,24.443
7106.0,1,0,0.641,10,2.834,256,188,2386.6,-0.0,24.423
7107.0,1,0,0.641,10,2.847,256,189,2386.6,-0.0,24.422
7108.0,1,0,0.641,10,2.847,256,189,2386.6,-0.0,24.422
7109.0,1,0,0.641,10,2.847,256,189,2386.6,-0.0,24.422
7110.0,1,0,0.641,10,2.847,256,189,2386.6,-0.0,24.422
7111.0,1,0,0.641,10,2.847,256,189,2386.6,-0.0,24.442
7112.0,1,0,0.641,10,2.847,256,189,2386.6,-0.0,24.443
7113.0,1,1,0.641,10,2.847,256,189,2386.6,-0.0,24.443
7114.0,1,1,0.641,10,2.847,256,189,2386.6,-0.0,24.443
7115.0,1,1,0.641,10,2.847,256,189,2386.6,-0.0,24.443
7116.0,1,1,0.641,10,2.847,256,189,2386.6,-0.0,24.443
7117.0,1,1,0.641,10,2.847,256,189,2386.6,-0.0,24.443
7118.0,1,1,0.641,10,2.847,256,189,2386.6,-0.0,24.443
7119.0,1,1,0.641,10,2.847,256,189,2386.6,-0.0,24.443
7120.0,1,1,0.641,10,2.847,256,189,2386.6,-0.0,24.443
7121.0,1,1,0.641,10,2.847,256,189,2386.6,-0.0,24.443
7122.0,1,1,0.641,10,2.847,256,189,2386.6,-0.0,24.443
7123.0,1,1,0.641,10,2.847,256,189,2386.6,-0.0,24.443
7124.0,1,1,0.641,10,2.847,256,189,2386.6,-0.0,24.443
7125.0,1,1,0.641,10,2.847,256,189,2386.6,-0.0,24.443
7126.0,1,1,0.641,10,2.847,256,189,2386.6,-0.0,24.443
7127.0,1,1,0.641,10,2.847,256,189,2386.6,-0.0,24.443
7128.0,3,0,0.851,10,2.847,257,189,2392.3,-0.0,24.609
7129.0,3,1,0.851,10,2.847,257,189,2392.3,-0.0,24.609
7130.0,3,1,0.851,10,2.847,257,189,2392.3,-0.0,24.609
7131.0,3,1,0.851,10,2.847,257,189,2392.3,-0.0,24.609
7132.0,3,1,0.851,10,2.847,257,189,2392.3,-0.0,24.609
7133.0,3,1,0.851,10,2.847,257,189,2392.3,-0.0,24.609
7134.0,3,1,0.851,10,2.847,257,189,2392.3,-0.0,24.609
7135.0,3,1,0.851,10,2.847,257,189,2392.3,-0.0,24.609
7136.0,3,1,0.851,10,2.847,257,189,2392.3,-0.0,24.609
7137.0,3,1,0.851,10,2.847,257,189,2392.3,-0.0,24.609
7138.0,3,1,0.851,10,2.847,257,189,2392.3,-0.0,24.609
7139.0,3,1,0.851,10,2.847,257,189,2392.3,-0.0,24.609
7140.0,3,1,0.851,10,2.847,257,189,2392.3,-0.0,24.609
7141.0,3,1,0.851,10,2.847,257,189,2392.3,-0.0,24.609
7142.0,3,1,0.851,10,2.847,257,189,2392.3,-0.0,24.609
7143.0,3,1,0.851,10,2.847,257,189,2392.3,-0.0,24.609
7144.0,3,1,0.851,10,2.847,257,189,2392.3,-0.0,24.609
7145.0,3,1,0.851,10,2.847,257,189,2392.3,-0.0,24.609
7146.0,5,0,0.834,10,2.847,258,189,2398.0,-0.0,24.406
7147.0,5,0,0.834,10,2.847,258,189,2398.0,-0.0,24.426
7148.0,5,0,0.834,10,2.853,258,190,2398.0,-0.0,24.497
7149.0,5,0,0.834,10,2.853,258,190,2398.0,-0.0,24.517
7150.0,5,0,0.834,10,2.853,258,190,2398.0,-0.0,24.499
7151.0,5,1,0.834,10,2.853,258,190,2398.0,-0.0,24.499
7152.0,5,1,0.834,10,2.853,258,190,2398.0,-0.0,24.499
7153.0,5,1,0.834,10,2.853,258,190,2398.0,-0.0,24.499
7154.0,5,1,0.834,10,2.853,258,190,2398.0,-0.0,24.499
7155.0,5,1,0.834,10,2.853,258,190,2398.0,-0.0,24.499
7156.0,5,1,0.834,10,2.853,258,190,2398.0,-0.0,24.499
7157.0,5,1,0.834,10,2.853,258,190,2398.0,-0.0,24.499
7158.0,5,1,0.834,10,2.853,258,190,2398.0,-0.0,24.499
7159.0,5,1,0.834,10,2.853,258,190,2398.0,-0.0,24.499
7160.0,5,1,0.834,10,2.853,258,190,2398.0,-0.0,24.499
7161.0,5,1,0.834,10,2.853,258,190,2398.0,-0.0,24.499
7162.0,5,1,0.834,10,2.853,258,190,2398.0,-0.0,24.499
7163.0,5,1,0.834,10,2.853,258,190,2398.0,-0.0,24.499
7164.0,5,1,0.834,10,2.853,258,190,2398.0,-0.0,24.499
7165.0,5,1,0.834,10,2.853,258,190,2398.0,-0.0,24.499
7166.0,5,1,0.834,10,2.853,258,190,2398.0,-0.0,24.499
7167.0,5,1,0.834,10,2.853,258,190,2398.0,-0.0,24.499
7168.0,5,1,0.834,10,2.853,258,190,2398.0,-0.0,24.499
7169.0,5,1,0.834,10,2.853,258,190,2398.0,-0.0,24.499
7170.0,5,1,0.834,10,2.853,258,190,2398.0,-0.0,24.499
7171.0,1,0,0.981,10,2.853,259,190,2409.4,-0.0,24.881
7172.0,1,1,0.981,10,2.853,259,190,2409.4,-0.0,24.881
7173.0,1,1,0.981,10,2.853,259,190,2409.4,-0.0,24.881
7174.0,1,1,0.981,10,2.853,259,190,2409.4,-0.0,24.881
7175.0,1,1,0.981,10,2.853,259,190,2409.4,-0.0,24.881
7176.0,1,1,0.981,10,2.853,259,190,2409.4,-0.0,24.881
7177.0,1,1,0.981,10,2.853,259,190,2409.4,-0.0,24.881
7178.0,1,1,0.981,10,2.853,259,190,2409.4,-0.0,24.881
7179.0,1,1,0.981,10,2.853,259,190,2409.4,-0.0,24.881
7180.0,1,1,0.981,10,2.853,259,190,2409.4,-0.0,24.881
7181.0,1,1,0.981,10,2.853,259,190,2409.4,-0.0,24.881
7182.0,1,1,0.981,10,2.853,259,190,2409.4,-0.0,24.881
7183.0,1,1,0.981,10,2.853,259,190,2409.4,-0.0,24.881
7184.0,1,1,0.981,10,2.853,259,190,2409.4,-0.0,24.881
7185.0,1,1,0.981,10,2.853,259,190,2409.4,-0.0,24.881
7186.0,1,1,0.981,10,2.853,259,190,2409.4,-0.0,24.881
7187.0,3,0,0.994,10,2.853,260,190,2415.1,-0.0,24.838
7188.0,3,0,0.994,10,2.853,260,190,2415.1,-0.0,24.858
7189.0,3,0,0.994,10,2.853,260,191,2415.1,0.0,24.889
7190.0,3,1,0.994,10,2.853,260,191,2415.1,0.0,24.889
7191.0,3,1,0.994,10,2.853,260,191,2415.1,0.0,24.889
7192.0,3,1,0.994,10,2.853,260,191,2415.1,0.0,24.889
7193.0,3,1,0.994,10,2.853,260,191,2415.1,0.0,24.889
7194.0,3,1,0.994,10,2.853,260,191,2415.1,0.0,24.889
7195.0,3,1,0.994,10,2.853,260,191,2415.1,0.0,24.889
7196.0,3,1,0.994,10,2.853,260,191,2415.1,0.0,24.889
7197.0,3,1,0.994,10,2.853,260,191,2415.1,0.0,24.889
7198.0,3,1,0.994,10,2.853,260,191,2415.1,0.0,24.889
7199.0,3,1,0.994,10,2.853,260,191,2415.1,0.0,24.889
7200.0,3,1,0.994,10,2.853,260,191,2415.1,0.0,24.889
7201.0,3,1,0.994,10,2.853,260,191,2415.1,0.0,24.889
7202.0,3,1,0.994,10,2.853,260,191,2415.1,0.0,24.889
7203.0,3,1,0.994,10,2.853,260,191,2415.1,0.0,24.889
7204.0,3,1,0.994,10,2.853,260,191,2415.1,0.0,24.889
7205.0,3,1,0.994,10,2.853,260,191,2415.1,0.0,24.889
7206.0,3,1,0.994,10,2.853,260,191,2415.1,0.0,24.889
7207.0,5,0,0.929,10,2.853,261,191,2420.8,0.0,24.603
7208.0,5,0,0.929,10,2.853,261,191,2420.8,0.0,24.603
7209.0,5,0,0.929,10,2.855,261,192,2420.8,0.0,24.695
7210.0,5,0,0.929,10,2.855,261,192,2420.8,0.0,24.715
7211.0,5,1,0.929,10,2.855,261,192,2420.8,0.0,24.715
7212.0,5,1,0.929,10,2.855,261,192,2420.8,0.0,24.715
7213.0,5,1,0.929,10,2.855,261,192,2420.8,0.0,24.715
7214.0,5,1,0.929,10,2.855,261,192,2420.8,0.0,24.715
7215.0,5,1,0.929,10,2.855,261,192,2420.8,0.0,24.715
7216.0,5,1,0.929,10,2.855,261,192,2420.8,0.0,24.715
7217.0,5,1,0.929,10,2.855,261,192,2420.8,0.0,24.715
7218.0,5,1,0.929,10,2.855,261,192,2420.8,0.0,24.715
7219.0,5,1,0.929,10,2.855,261,192,2420.8,0.0,24.715
7220.0,5,1,0.929,10,2.855,261,192,2420.8,0.0,24.715
7221.0,5,1,0.929,10,2.855,261,192,2420.8,0.0,24.715
7222.0,5,1,0.929,10,2.855,261,192,2420.8,0.0,24.715
7223.0,5,1,0.929,10,2.855,261,192,2420.8,0.0,24.715
7224.0,5,1,0.929,10,2.855,261,192,2420.8,0.0,24.715
7225.0,5,1,0.929,10,2.855,261,192,2420.8,0.0,24.715
7226.0,5,1,0.929,10,2.855,261,192,2420.8,0.0,24.715
7227.0,5,1,0.929,10,2.855,261,192,2420.8,0.0,24.715
7228.0,5,1,0.929,10,2.855,261,192,2420.8,0.0,24.715
7229.0,5,1,0.929,10,2.855,261,192,2420.8,0.0,24.715
7230.0,5,1,0.929,10,2.855,261,192,2420.8,0.0,24.715
7231.0,5,1,0.929,10,2.855,261,192,2420.8,0.0,24.715
7232.0,5,1,0.929,10,2.855,261,192,2420.8,0.0,24.715
7233.0,5,1,0.929,10,2.855,261,192,2420.8,0.0,24.715
7234.0,5,1,0.929,10,2.855,261,192,2420.8,0.0,24.715
7235.0,5,1,0.929,10,2.855,261,192,2420.8,0.0,24.715
7236.0,5,1,0.929,10,2.855,261,192,2420.8,0.0,24.715
7237.0,5,1,0.929,10,2.855,261,192,2420.8,0.0,24.715
7238.0,5,1,0.929,10,2.855,261,192,2420.8,0.0,24.715
7239.0,5,1,0.929,10,2.855,261,192,2420.8,0.0,24.715
7240.0,5,1,0.929,10,2.855,261,192,2420.8,0.0,24.715
7241.0,5,1,0.929,10,2.855,261,192,2420.8,0.0,24.715
7242.0,5,1,0.929,10,2.855,261,192,2420.8,0.0,24.715
7243.0,5,1,0.929,10,2.855,261,192,2420.8,0.0,24.715
7244.0,5,1,0.929,10,2.855,261,192,2420.8,0.0,24.715
7245.0,5,1,0.929,10,2.855,261,192,2420.8,0.0,24.715
7246.0,5,1,0.929,10,2.855,261,192,2420.8,0.0,24.715
7247.0,5,1,0.929,10,2.855,261,192,2420.8,0.0,24.715
7248.0,5,1,0.929,10,2.855,261,192,2420.8,0.0,24.715
7249.0,5,1,0.929,10,2.855,261,192,2420.8,0.0,24.715
7250.0,10,0,0.765,10,2.855,262,192,2435.1,0.0,24.966
7251.0,10,0,0.765,10,2.855,262,192,2435.1,0.0,24.986
7252.0,10,0,0.765,10,2.859,262,193,2435.1,0.0,24.924
7253.0,10,1,0.765,10,2.859,262,193,2435.1,0.0,24.924
7254.0,10,1,0.765,10,2.859,262,193,2435.1,0.0,24.924
7255.0,10,1,0.765,10,2.859,262,193,2435.1,0.0,24.924
7256.0,10,1,0.765,10,2.859,262,193,2435.1,0.0,24.924
7257.0,10,1,0.765,10,2.859,262,193,2435.1,0.0,24.924
7258.0,10,1,0.765,10,2.859,262,193,2435.1,0.0,24.924
7259.0,10,1,0.765,10,2.859,262,193,2435.1,0.0,24.924
7260.0,10,1,0.765,10,2.859,262,193,2435.1,0.0,24.924
7261.0,10,1,0.765,10,2.859,262,193,2435.1,0.0,24.924
7262.0,10,1,0.765,10,2.859,262,193,2435.1,0.0,24.924
7263.0,10,1,0.765,10,2.859,262,193,2435.1,0.0,24.924
7264.0,10,1,0.765,10,2.859,262,193,2435.1,0.0,24.924
7265.0,10,1,0.765,10,2.859,262,193,2435.1,0.0,24.924
7266.0,10,1,0.765,10,2.859,262,193,2435.1,0.0,24.924
7267.0,10,1,0.765,10,2.859,262,193,2435.1,0.0,24.924
7268.0,10,1,0.765,10,2.859,262,193,2435.1,0.0,24.924
7269.0,10,1,0.765,10,2.859,262,193,2435.1,0.0,24.924
7270.0,10,1,0.765,10,2.859,262,193,2435.1,0.0,24.924
7271.0,7,0,0.866,10,2.859,263,193,2443.6,0.0,24.991
7272.0,7,0,0.866,10,2.859,263,193,2443.6,0.0,24.991
7273.0,7,0,0.866,10,2.855,263,194,2443.6,0.00083,24.955
7274.0,7,1,0.866,10,2.855,263,194,2443.6,0.00083,24.955
7275.0,7,1,0.866,10,2.855,263,194,2443.6,0.00083,24.955
7276.0,7,1,0.866,10,2.855,263,194,2443.6,0.00083,24.955
7277.0,7,1,0.866,10,2.855,263,194,2443.6,0.00083,24.955
7278.0,7,1,0.866,10,2.855,263,194,2443.6,0.00083,24.955
7279.0,7,1,0.866,10,2.855,263,194,2443.6,0.00083,24.955
7280.0,7,1,0.866,10,2.855,263,194,2443.6,0.00083,24.955
7281.0,7,1,0.866,10,2.855,263,194,2443.6,0.00083,24.955
7282.0,7,1,0.866,10,2.855,263,194,2443.6,0.00083,24.955
7283.0,7,1,0.866,10,2.855,263,194,2443.6,0.00083,24.955
7284.0,7,1,0.866,10,2.855,263,194,2443.6,0.00083,24.955
7285.0,7,1,0.866,10,2.855,263,194,2443.6,0.00083,24.955
7286.0,7,1,0.866,10,2.855,263,194,2443.6,0.00083,24.955
7287.0,7,1,0.866,10,2.855,263,194,2443.6,0.00083,24.955
7288.0,5,0,0.843,10,2.855,264,194,2449.3,0.00083,25.468
7289.0,5,0,0.843,10,2.855,264,194,2449.3,0.00083,25.468
7290.0,5,0,0.843,10,2.85,264,195,2449.3,0.00083,25.324
7291.0,5,0,0.843,10,2.85,264,195,2449.3,0.00083,25.305
7292.0,5,0,0.843,10,2.85,264,195,2449.3,0.00083,25.285
7293.0,5,0,0.843,10,2.85,264,195,2449.3,0.00083,25.266
7294.0,5,1,0.843,10,2.85,264,195,2449.3,0.00083,25.266
7295.0,5,1,0.843,10,2.85,264,195,2449.3,0.00083,25.266
7296.0,5,1,0.843,10,2.85,264,195,2449.3,0.00083,25.266
7297.0,5,1,0.843,10,2.85,264,195,2449.3,0.00083,25.266
7298.0,5,1,0.843,10,2.85,264,195,2449.3,0.00083,25.266
7299.0,5,1,0.843,10,2.85,264,195,2449.3,0.00083,25.266
7300.0,5,1,0.843,10,2.85,264,195,2449.3,0.00083,25.266
7301.0,5,1,0.843,10,2.85,264,195,2449.3,0.00083,25.266
7302.0,5,1,0.843,10,2.85,264,195,2449.3,0.00083,25.266
7303.0,5,1,0.843,10,2.85,264,195,2449.3,0.00083,25.266
7304.0,5,1,0.843,10,2.85,264,195,2449.3,0.00083,25.266
7305.0,5,1,0.843,10,2.85,264,195,2449.3,0.00083,25.266
7306.0,5,1,0.843,10,2.85,264,195,2449.3,0.00083,25.266
7307.0,5,1,0.843,10,2.85,264,195,2449.3,0.00083,25.266
7308.0,5,1,0.843,10,2.85,264,195,2449.3,0.00083,25.266
7309.0,5,1,0.843,10,2.85,264,195,2449.3,0.00083,25.266
7310.0,5,1,0.843,10,2.85,264,195,2449.3,0.00083,25.266
7311.0,5,1,0.843,10,2.85,264,195,2449.3,0.00083,25.266
7312.0,5,1,0.843,10,2.85,264,195,2449.3,0.00083,25.266
7313.0,5,1,0.843,10,2.85,264,195,2449.3,0.00083,25.266
7314.0,1,0,0.691,10,2.85,265,195,2460.7,0.00083,25.319
7315.0,1,1,0.691,10,2.85,265,195,2460.7,0.00083,25.319
7316.0,1,0,1.0,10,2.85,265,195,2460.7,0.00083,25.257
7317.0,1,0,1.0,10,2.85,265,195,2460.7,0.00083,25.238
7318.0,1,0,1.0,10,2.85,265,195,2460.7,0.00083,25.218
7319.0,1,1,1.0,10,2.85,265,195,2460.7,0.00083,25.218
7320.0,1,1,1.0,10,2.85,265,195,2460.7,0.00083,25.218
7321.0,1,1,1.0,10,2.85,265,195,2460.7,0.00083,25.218
7322.0,1,1,1.0,10,2.85,265,195,2460.7,0.00083,25.218
7323.0,1,1,1.0,10,2.85,265,195,2460.7,0.00083,25.218
7324.0,1,1,1.0,10,2.85,265,195,2460.7,0.00083,25.218
7325.0,1,1,1.0,10,2.85,265,195,2460.7,0.00083,25.218
7326.0,1,1,1.0,10,2.85,265,195,2460.7,0.00083,25.218
7327.0,1,1,1.0,10,2.85,265,195,2460.7,0.00083,25.218
7328.0,1,1,1.0,10,2.85,265,195,2460.7,0.00083,25.218
7329.0,1,1,1.0,10,2.85,265,195,2460.7,0.00083,25.218
7330.0,1,1,1.0,10,2.85,265,195,2460.7,0.00083,25.218
7331.0,2,0,0.968,10,2.85,266,195,2463.6,0.00083,24.831
7332.0,2,0,0.968,10,2.85,266,195,2463.6,0.00083,24.851
7333.0,2,0,0.968,10,2.848,266,196,2463.6,0.00083,24.972
7334.0,2,1,0.968,10,2.848,266,196,2463.6,0.00083,24.972
7335.0,2,1,0.968,10,2.848,266,196,2463.6,0.00083,24.972
7336.0,2,1,0.968,10,2.848,266,196,2463.6,0.00083,24.972
7337.0,2,1,0.968,10,2.848,266,196,2463.6,0.00083,24.972
7338.0,2,1,0.968,10,2.848,266,196,2463.6,0.00083,24.972
7339.0,2,1,0.968,10,2.848,266,196,2463.6,0.00083,24.972
7340.0,2,1,0.968,10,2.848,266,196,2463.6,0.00083,24.972
7341.0,2,1,0.968,10,2.848,266,196,2463.6,0.00083,24.972
7342.0,2,1,0.968,10,2.848,266,196,2463.6,0.00083,24.972
7343.0,2,1,0.968,10,2.848,266,196,2463.6,0.00083,24.972
7344.0,2,1,0.968,10,2.848,266,196,2463.6,0.00083,24.972
7345.0,2,1,0.968,10,2.848,266,196,2463.6,0.00083,24.972
7346.0,2,1,0.968,10,2.848,266,196,2463.6,0.00083,24.972
7347.0,2,1,0.968,10,2.848,266,196,2463.6,0.00083,24.972
7348.0,2,1,0.968,10,2.848,266,196,2463.6,0.00083,24.972
7349.0,2,1,0.968,10,2.848,266,196,2463.6,0.00083,24.972
7350.0,2,1,0.968,10,2.848,266,196,2463.6,0.00083,24.972
7351.0,2,1,0.968,10,2.848,266,196,2463.6,0.00083,24.972
7352.0,2,1,0.968,10,2.848,266,196,2463.6,0.00083,24.972
7353.0,6,0,0.901,10,2.848,267,196,2475.0,0.00083,24.883
7354.0,6,0,0.901,10,2.848,267,196,2475.0,0.00083,24.883
7355.0,6,0,0.901,10,2.849,267,197,2475.0,0.00118,24.909
7356.0,6,0,0.901,10,2.849,267,197,2475.0,0.00118,24.909
7357.0,6,0,0.901,10,2.849,267,197,2475.0,0.00118,24.909
7358.0,6,0,0.901,10,2.849,267,197,2475.0,0.00118,24.93
7359.0,6,1,0.901,10,2.849,267,197,2475.0,0.00118,24.93
7360.0,6,1,0.901,10,2.849,267,197,2475.0,0.00118,24.93
7361.0,6,1,0.901,10,2.849,267,197,2475.0,0.00118,24.93
7362.0,6,1,0.901,10,2.849,267,197,2475.0,0.00118,24.93
7363.0,6,1,0.901,10,2.849,267,197,2475.0,0.00118,24.93
7364.0,6,1,0.901,10,2.849,267,197,2475.0,0.00118,24.93
7365.0,6,1,0.901,10,2.849,267,197,2475.0,0.00118,24.93
7366.0,6,1,0.901,10,2.849,267,197,2475.0,0.00118,24.93
7367.0,6,1,0.901,10,2.849,267,197,2475.0,0.00118,24.93
7368.0,6,1,0.901,10,2.849,267,197,2475.0,0.00118,24.93
7369.0,6,1,0.901,10,2.849,267,197,2475.0,0.00118,24.93
7370.0,6,1,0.901,10,2.849,267,197,2475.0,0.00118,24.93
7371.0,6,1,0.901,10,2.849,267,197,2475.0,0.00118,24.93
7372.0,7,0,0.925,10,2.849,268,197,2477.8,0.00118,24.661
7373.0,7,0,0.925,10,2.849,268,197,2477.8,0.00118,24.682
7374.0,7,0,0.925,10,2.844,268,198,2477.8,0.00118,24.774
7375.0,7,0,0.925,10,2.844,268,198,2477.8,0.00118,24.795
7376.0,7,1,0.925,10,2.844,268,198,2477.8,0.00118,24.795
7377.0,7,1,0.925,10,2.844,268,198,2477.8,0.00118,24.795
7378.0,7,1,0.925,10,2.844,268,198,2477.8,0.00118,24.795
7379.0,7,1,0.925,10,2.844,268,198,2477.8,0.00118,24.795
7380.0,7,1,0.925,10,2.844,268,198,2477.8,0.00118,24.795
7381.0,7,1,0.925,10,2.844,268,198,2477.8,0.00118,24.795
7382.0,7,1,0.925,10,2.844,268,198,2477.8,0.00118,24.795
7383.0,7,1,0.925,10,2.844,268,198,2477.8,0.00118,24.795
7384.0,7,1,0.925,10,2.844,268,198,2477.8,0.00118,24.795
7385.0,7,1,0.925,10,2.844,268,198,2477.8,0.00118,24.795
7386.0,7,1,0.925,10,2.844,268,198,2477.8,0.00118,24.795
7387.0,7,1,0.925,10,2.844,268,198,2477.8,0.00118,24.795
7388.0,7,1,0.925,10,2.844,268,198,2477.8,0.00118,24.795
7389.0,7,1,0.925,10,2.844,268,198,2477.8,0.00118,24.795
7390.0,9,0,0.825,10,2.844,269,198,2483.5,0.00118,24.703
7391.0,9,1,0.825,10,2.844,269,198,2483.5,0.00118,24.703
7392.0,9,1,0.825,10,2.844,269,198,2483.5,0.00118,24.703
7393.0,9,1,0.825,10,2.844,269,198,2483.5,0.00118,24.703
7394.0,9,0,1.0,10,2.844,269,198,2483.5,0.00118,24.975
7395.0,9,0,1.0,10,2.844,269,198,2483.5,0.00118,24.996
7396.0,9,0,1.0,10,2.844,269,198,2483.5,0.00118,24.996
7397.0,9,0,1.0,10,2.844,269,198,2483.5,0.00118,24.996
7398.0,9,0,1.0,10,2.844,269,198,2483.5,0.00118,24.996
7399.0,9,0,1.0,10,2.844,269,198,2483.5,0.00118,24.996
7400.0,9,0,1.0,10,2.844,269,198,2483.5,0.00118,24.977
7401.0,9,0,1.0,10,2.844,269,198,2483.5,0.00118,24.958
7402.0,9,0,1.0,10,2.844,269,198,2483.5,0.00118,24.939
7403.0,9,0,1.0,10,2.844,269,198,2483.5,0.00118,24.954
7404.0,9,0,1.0,10,2.844,269,198,2483.5,0.00118,24.954
7405.0,9,0,1.0,10,2.844,269,198,2483.5,0.00118,24.975
7406.0,9,0,1.0,10,2.844,269,198,2483.5,0.00118,24.975
7407.0,9,0,1.0,10,2.844,269,198,2483.5,0.00118,24.956
7408.0,9,0,1.0,10,2.844,269,198,2483.5,0.00118,24.937
7409.0,9,0,1.0,10,2.844,269,198,2483.5,0.00118,24.919
7410.0,9,0,1.0,10,2.844,269,198,2483.5,0.00118,24.9
7411.0,9,0,1.0,10,2.844,269,198,2483.5,0.00118,24.881
7412.0,9,0,1.0,10,2.844,269,198,2483.5,0.00118,24.862
7413.0,9,0,1.0,10,2.844,269,198,2483.5,0.00118,24.843
7414.0,9,0,1.0,10,2.844,269,198,2483.5,0.00118,24.829
7415.0,9,0,1.0,10,2.844,269,198,2483.5,0.00118,24.829
7416.0,9,0,1.0,10,2.844,269,198,2483.5,0.00118,24.829
7417.0,9,0,1.0,10,2.844,269,198,2483.5,0.00118,24.829
7418.0,9,0,1.0,10,2.844,269,198,2483.5,0.00118,24.829
7419.0,9,0,1.0,10,2.844,269,198,2483.5,0.00118,24.829
7420.0,9,0,1.0,10,2.844,269,198,2483.5,0.00118,24.829
7421.0,9,0,1.0,10,2.844,269,198,2483.5,0.00118,24.829
7422.0,9,0,1.0,10,2.844,269,198,2483.5,0.00118,24.85
7423.0,9,0,1.0,10,2.844,269,198,2483.5,0.00118,24.871
7424.0,9,0,1.0,10,2.844,269,198,2483.5,0.00118,24.891
7425.0,9,0,1.0,10,2.844,269,198,2483.5,0.00118,24.891
7426.0,9,0,1.0,10,2.844,269,198,2483.5,0.00118,24.891
7427.0,9,0,1.0,10,2.844,269,198,2483.5,0.00118,24.873
7428.0,9,0,1.0,10,2.844,269,198,2483.5,0.00118,24.87
7429.0,9,0,1.0,10,2.844,269,198,2483.5,0.00118,24.87
7430.0,9,0,1.0,10,2.844,269,198,2483.5,0.00118,24.852
7431.0,9,0,1.0,10,2.844,269,198,2483.5,0.00118,24.85
7432.0,9,0,1.0,10,2.844,269,198,2483.5,0.00118,24.831
7433.0,9,0,1.0,10,2.844,269,198,2483.5,0.00118,24.812
7434.0,9,0,1.0,10,2.844,269,198,2483.5,0.00118,24.808
7435.0,9,0,1.0,10,2.844,269,198,2483.5,0.00118,24.789
7436.0,9,0,1.0,10,2.844,269,198,2483.5,0.00118,24.787
7437.0,9,0,1.0,10,2.844,269,198,2483.5,0.00118,24.768
7438.0,9,0,1.0,10,2.844,269,198,2483.5,0.00118,24.766
7439.0,9,0,1.0,10,2.844,269,198,2483.5,0.00118,24.766
7440.0,9,0,1.0,10,2.844,269,198,2483.5,0.00118,24.766
7441.0,9,0,1.0,10,2.844,269,198,2483.5,0.00118,24.766
7442.0,9,0,1.0,10,2.844,269,198,2483.5,0.00118,24.766
7443.0,9,0,1.0,10,2.844,269,198,2483.5,0.00118,24.766
7444.0,9,0,1.0,10,2.844,269,198,2483.5,0.00118,24.747
7445.0,9,0,1.0,10,2.844,269,198,2483.5,0.00118,24.728
7446.0,9,0,1.0,10,2.844,269,198,2483.5,0.00118,24.709
7447.0,9,0,1.0,10,2.844,269,198,2483.5,0.00118,24.691
7448.0,9,0,1.0,10,2.844,269,198,2483.5,0.00118,24.672
7449.0,9,0,1.0,10,2.844,269,198,2483.5,0.00118,24.653
7450.0,9,0,1.0,10,2.844,269,198,2483.5,0.00118,24.634
7451.0,9,0,1.0,10,2.844,269,198,2483.5,0.00118,24.62
7452.0,9,0,1.0,10,2.844,269,198,2483.5,0.00118,24.62
7453.0,9,0,1.0,10,2.844,269,198,2483.5,0.00118,24.641
7454.0,9,0,1.0,10,2.844,269,198,2483.5,0.00118,24.662
7455.0,9,0,1.0,10,2.844,269,198,2483.5,0.00118,24.683
7456.0,9,0,1.0,10,2.844,269,198,2483.5,0.00118,24.704
7457.0,9,0,1.0,10,2.844,269,198,2483.5,0.00118,24.724
7458.0,9,0,1.0,10,2.844,269,198,2483.5,0.00118,24.724
7459.0,9,0,1.0,10,2.844,269,198,2483.5,0.00118,24.724
7460.0,9,0,1.0,10,2.844,269,198,2483.5,0.00118,24.705
7461.0,9,0,1.0,10,2.844,269,198,2483.5,0.00118,24.686
7462.0,9,0,1.0,10,2.844,269,198,2483.5,0.00118,24.668
7463.0,9,0,1.0,10,2.844,269,198,2483.5,0.00118,24.661
7464.0,9,0,1.0,10,2.844,269,198,2483.5,0.00118,24.661
7465.0,9,0,1.0,10,2.844,269,198,2483.5,0.00118,24.661
7466.0,9,0,1.0,10,2.844,269,198,2483.5,0.00118,24.661
7467.0,9,0,1.0,10,2.844,269,198,2483.5,0.00118,24.661
7468.0,9,0,1.0,10,2.844,269,198,2483.5,0.00118,24.661
7469.0,9,0,1.0,10,2.844,269,198,2483.5,0.00118,24.661
7470.0,9,0,1.0,10,2.844,269,198,2483.5,0.00118,24.661
7471.0,9,0,1.0,10,2.844,269,198,2483.5,0.00118,24.661
7472.0,9,0,1.0,10,2.844,269,198,2483.5,0.00118,24.661
7473.0,9,0,1.0,10,2.844,269,198,2483.5,0.00118,24.661
7474.0,9,0,1.0,10,2.844,269,198,2483.5,0.00118,24.661
7475.0,9,0,1.0,10,2.844,269,198,2483.5,0.00118,24.643
7476.0,9,0,1.0,10,2.844,269,198,2483.5,0.00118,24.624
7477.0,9,0,1.0,10,2.844,269,198,2483.5,0.00118,24.605
7478.0,9,0,1.0,10,2.844,269,198,2483.5,0.00118,24.599
7479.0,9,0,1.0,10,2.844,269,198,2483.5,0.00118,24.58
7480.0,9,0,1.0,10,2.844,269,198,2483.5,0.00118,24.599
7481.0,9,0,1.0,10,2.844,269,198,2483.5,0.00118,24.599
7482.0,9,0,1.0,10,2.844,269,198,2483.5,0.00118,24.599
7483.0,9,0,1.0,10,2.844,269,198,2483.5,0.00118,24.62
7484.0,9,0,1.0,10,2.844,269,198,2483.5,0.00118,24.64
7485.0,9,0,1.0,10,2.844,269,198,2483.5,0.00118,24.622
7486.0,9,0,1.0,10,2.844,269,198,2483.5,0.00118,24.603
7487.0,9,0,1.0,10,2.844,269,198,2483.5,0.00118,24.584
7488.0,9,0,1.0,10,2.844,269,198,2483.5,0.00118,24.565
7489.0,9,0,1.0,10,2.844,269,198,2483.5,0.00118,24.557
7490.0,9,0,1.0,10,2.844,269,198,2483.5,0.00118,24.557
7491.0,9,0,1.0,10,2.844,269,198,2483.5,0.00118,24.557
7492.0,9,0,1.0,10,2.844,269,198,2483.5,0.00118,24.578
7493.0,9,0,1.0,10,2.844,269,198,2483.5,0.00118,24.599
7494.0,9,0,1.0,10,2.844,269,198,2483.5,0.00118,24.62
7495.0,9,0,1.0,10,2.844,269,198,2483.5,0.00118,24.62
7496.0,9,0,1.0,10,2.844,269,198,2483.5,0.00118,24.62
7497.0,9,0,1.0,10,2.844,269,198,2483.5,0.00118,24.62
7498.0,9,0,1.0,10,2.844,269,198,2483.5,0.00118,24.601
7499.0,9,0,1.0,10,2.844,269,198,2483.5,0.00118,24.582
7500.0,9,0,1.0,10,2.844,269,198,2483.5,0.00118,24.599
7501.0,9,0,1.0,10,2.844,269,198,2483.5,0.00118,24.62
7502.0,9,0,1.0,10,2.844,269,198,2483.5,0.00118,24.64
7503.0,9,0,1.0,10,2.844,269,198,2483.5,0.00118,24.64
7504.0,9,0,1.0,10,2.844,269,198,2483.5,0.00118,24.64
7505.0,9,0,1.0,10,2.844,269,198,2483.5,0.00118,24.661
7506.0,9,0,1.0,10,2.844,269,198,2483.5,0.00118,24.661
7507.0,9,0,1.0,10,2.844,269,198,2483.5,0.00118,24.643
7508.0,9,0,1.0,10,2.844,269,198,2483.5,0.00118,24.64
7509.0,9,0,1.0,10,2.844,269,198,2483.5,0.00118,24.661
7510.0,9,0,1.0,10,2.844,269,198,2483.5,0.00118,24.643
7511.0,9,0,1.0,10,2.844,269,198,2483.5,0.00118,24.64
7512.0,9,0,1.0,10,2.844,269,198,2483.5,0.00118,24.64
7513.0,9,0,1.0,10,2.844,269,198,2483.5,0.00118,24.64
7514.0,9,0,1.0,10,2.844,269,198,2483.5,0.00118,24.64
7515.0,9,0,1.0,10,2.844,269,198,2483.5,0.00118,24.622
7516.0,9,0,1.0,10,2.844,269,198,2483.5,0.00118,24.603
7517.0,9,0,1.0,10,2.844,269,198,2483.5,0.00118,24.584
7518.0,9,0,1.0,10,2.844,269,198,2483.5,0.00118,24.565
7519.0,9,0,1.0,10,2.844,269,198,2483.5,0.00118,24.546
7520.0,9,0,1.0,10,2.844,269,198,2483.5,0.00118,24.536
7521.0,9,1,1.0,10,2.844,269,198,2483.5,0.00156,24.536
7522.0,9,1,1.0,10,2.844,269,198,2483.5,0.00156,24.536
7523.0,9,0,1.0,10,2.844,269,198,2483.5,0.00156,24.682
7524.0,9,0,1.0,10,2.844,269,198,2483.5,0.00156,24.682
7525.0,9,0,1.0,10,2.844,269,198,2483.5,0.00156,24.682
7526.0,9,1,1.0,10,2.844,269,198,2483.5,0.00156,24.682
7527.0,9,0,1.0,10,2.844,269,198,2483.5,0.00156,24.578
7528.0,9,0,1.0,10,2.844,269,198,2483.5,0.00156,24.578
7529.0,9,0,1.0,10,2.844,269,198,2483.5,0.00156,24.559
7530.0,9,0,1.0,10,2.844,269,198,2483.5,0.00156,24.578
7531.0,9,0,1.0,10,2.844,269,198,2483.5,0.00156,24.578
7532.0,9,0,1.0,10,2.844,269,198,2483.5,0.00156,24.578
7533.0,9,0,1.0,10,2.844,269,198,2483.5,0.00156,24.559
7534.0,9,0,1.0,10,2.844,269,198,2483.5,0.00156,24.541
7535.0,9,0,1.0,10,2.844,269,198,2483.5,0.00156,24.536
7536.0,9,0,1.0,10,2.844,269,198,2483.5,0.00156,24.536
7537.0,9,0,1.0,10,2.844,269,198,2483.5,0.00156,24.536
7538.0,9,0,1.0,10,2.844,269,198,2483.5,0.00156,24.536
7539.0,9,0,1.0,10,2.844,269,198,2483.5,0.00156,24.536
7540.0,9,0,1.0,10,2.844,269,198,2483.5,0.00156,24.536
7541.0,9,0,1.0,10,2.844,269,198,2483.5,0.00156,24.557
7542.0,9,0,1.0,10,2.844,269,198,2483.5,0.00156,24.578
7543.0,9,1,1.0,10,2.844,269,198,2483.5,0.00156,24.578
7544.0,9,1,1.0,10,2.844,269,198,2483.5,0.00156,24.578
7545.0,9,1,1.0,10,2.844,269,198,2483.5,0.00156,24.578
7546.0,9,1,1.0,10,2.844,269,198,2483.5,0.00156,24.578
7547.0,9,1,1.0,10,2.844,269,198,2483.5,0.00156,24.578
7548.0,9,1,1.0,10,2.844,269,198,2483.5,0.00156,24.578
7549.0,9,1,1.0,10,2.844,269,198,2483.5,0.00156,24.578
7550.0,9,1,1.0,10,2.844,269,198,2483.5,0.00156,24.578
7551.0,9,1,1.0,10,2.844,269,198,2483.5,0.00156,24.578
7552.0,9,1,1.0,10,2.844,269,198,2483.5,0.00156,24.578
7553.0,9,1,1.0,10,2.844,269,198,2483.5,0.00156,24.578
7554.0,9,1,1.0,10,2.844,269,198,2483.5,0.00156,24.578
7555.0,9,1,1.0,10,2.844,269,198,2483.5,0.00156,24.578
7556.0,9,1,1.0,10,2.844,269,198,2483.5,0.00156,24.578
7557.0,9,1,1.0,10,2.844,269,198,2483.5,0.00156,24.578
7558.0,9,1,1.0,10,2.844,269,198,2483.5,0.00156,24.578
7559.0,9,1,1.0,10,2.844,269,198,2483.5,0.00156,24.578
7560.0,9,1,1.0,10,2.844,269,198,2483.5,0.00156,24.578
7561.0,9,1,1.0,10,2.844,269,198,2483.5,0.00156,24.578
7562.0,9,1,1.0,10,2.844,269,198,2483.5,0.00156,24.578
7563.0,9,1,1.0,10,2.844,269,198,2483.5,0.00156,24.578
7564.0,9,1,1.0,10,2.844,269,198,2483.5,0.00156,24.578
7565.0,9,1,1.0,10,2.844,269,198,2483.5,0.00156,24.578
7566.0,9,1,1.0,10,2.844,269,198,2483.5,0.00156,24.578
7567.0,9,1,1.0,10,2.844,269,198,2483.5,0.00156,24.578
7568.0,9,1,1.0,10,2.844,269,198,2483.5,0.00156,24.578
7569.0,9,1,1.0,10,2.844,269,198,2483.5,0.00156,24.578
7570.0,9,1,1.0,10,2.844,269,198,2483.5,0.00156,24.578
7571.0,9,1,1.0,10,2.844,269,198,2483.5,0.00156,24.578
7572.0,9,1,1.0,10,2.844,269,198,2483.5,0.00156,24.578
7573.0,9,1,1.0,10,2.844,269,198,2483.5,0.00156,24.578
7574.0,9,1,1.0,10,2.844,269,198,2483.5,0.00156,24.578
7575.0,9,1,1.0,10,2.844,269,198,2483.5,0.00156,24.578
7576.0,9,1,1.0,10,2.844,269,198,2483.5,0.00156,24.578
7577.0,9,1,1.0,10,2.844,269,198,2483.5,0.00156,24.578
7578.0,9,1,1.0,10,2.844,269,198,2483.5,0.00156,24.578
7579.0,9,1,1.0,10,2.844,269,198,2483.5,0.00156,24.578
7580.0,9,1,1.0,10,2.844,269,198,2483.5,0.00156,24.578
7581.0,9,1,1.0,10,2.844,269,198,2483.5,0.00156,24.578
7582.0,9,1,1.0,10,2.844,269,198,2483.5,0.00156,24.578
7583.0,9,1,1.0,10,2.844,269,198,2483.5,0.00156,24.578
7584.0,9,1,1.0,10,2.844,269,198,2483.5,0.00156,24.578
7585.0,9,1,1.0,10,2.844,269,198,2483.5,0.00156,24.578
7586.0,9,1,1.0,10,2.844,269,198,2483.5,0.00156,24.578
7587.0,9,1,1.0,10,2.844,269,198,2483.5,0.00156,24.578
7588.0,9,1,1.0,10,2.844,269,198,2483.5,0.00156,24.578
7589.0,9,1,1.0,10,2.844,269,198,2483.5,0.00156,24.578
7590.0,9,1,1.0,10,2.844,269,198,2483.5,0.00156,24.578
7591.0,9,1,1.0,10,2.844,269,198,2483.5,0.00156,24.578
7592.0,9,1,1.0,10,2.844,269,198,2483.5,0.00156,24.578
7593.0,9,1,1.0,10,2.844,269,198,2483.5,0.00156,24.578
7594.0,9,1,1.0,10,2.844,269,198,2483.5,0.00156,24.578
7595.0,9,1,1.0,10,2.844,269,198,2483.5,0.00156,24.578
7596.0,9,1,1.0,10,2.844,269,198,2483.5,0.00156,24.578
7597.0,9,1,1.0,10,2.844,269,198,2483.5,0.00156,24.578
7598.0,9,1,1.0,10,2.844,269,198,2483.5,0.00156,24.578
7599.0,9,1,1.0,10,2.844,269,198,2483.5,0.00156,24.578
7600.0,9,1,1.0,10,2.844,269,198,2483.5,0.00156,24.578
7601.0,9,1,1.0,10,2.844,269,198,2483.5,0.00156,24.578
7602.0,9,1,1.0,10,2.844,269,198,2483.5,0.00156,24.578
7603.0,9,1,1.0,10,2.844,269,198,2483.5,0.00156,24.578
7604.0,9,1,1.0,10,2.844,269,198,2483.5,0.00156,24.578
7605.0,9,1,1.0,10,2.844,269,198,2483.5,0.00156,24.578
7606.0,9,1,1.0,10,2.844,269,198,2483.5,0.00156,24.578
7607.0,9,1,1.0,10,2.844,269,198,2483.5,0.00156,24.578
7608.0,9,1,1.0,10,2.844,269,198,2483.5,0.00156,24.578
7609.0,9,1,1.0,10,2.844,269,198,2483.5,0.00156,24.578
7610.0,9,1,1.0,10,2.844,269,198,2483.5,0.00156,24.578
7611.0,9,1,1.0,10,2.844,269,198,2483.5,0.00156,24.578
7612.0,9,1,1.0,10,2.844,269,198,2483.5,0.00156,24.578
7613.0,9,1,1.0,10,2.844,269,198,2483.5,0.00156,24.578
7614.0,9,1,1.0,10,2.844,269,198,2483.5,0.00156,24.578
7615.0,9,1,1.0,10,2.844,269,198,2483.5,0.00156,24.578
7616.0,9,1,1.0,10,2.844,269,198,2483.5,0.00156,24.578
7617.0,9,1,1.0,10,2.844,269,198,2483.5,0.00156,24.578
7618.0,9,1,1.0,10,2.844,269,198,2483.5,0.00156,24.578
7619.0,9,1,1.0,10,2.844,269,198,2483.5,0.00156,24.578
7620.0,9,1,1.0,10,2.844,269,198,2483.5,0.00156,24.578
7621.0,9,1,1.0,10,2.844,269,198,2483.5,0.00156,24.578
7622.0,9,1,1.0,10,2.844,269,198,2483.5,0.00156,24.578
7623.0,9,1,1.0,10,2.844,269,198,2483.5,0.00156,24.578
7624.0,9,1,1.0,10,2.844,269,198,2483.5,0.00156,24.578
7625.0,9,1,1.0,10,2.844,269,198,2483.5,0.00156,24.578
7626.0,9,1,1.0,10,2.844,269,198,2483.5,0.00156,24.578
7627.0,9,1,1.0,10,2.844,269,198,2483.5,0.00156,24.578
7628.0,9,1,1.0,10,2.844,269,198,2483.5,0.00156,24.578
7629.0,10,0,0.874,10,2.844,270,198,2486.4,0.00156,24.777
7630.0,10,0,0.874,10,2.844,270,198,2486.4,0.00156,24.777
7631.0,10,0,0.874,10,2.853,270,199,2486.4,9e-05,24.781
7632.0,10,0,0.874,10,2.853,270,199,2486.4,9e-05,24.801
7633.0,10,0,0.874,10,2.853,270,199,2486.4,9e-05,24.821
7634.0,10,1,0.874,10,2.853,270,199,2486.4,9e-05,24.821
7635.0,10,1,0.874,10,2.853,270,199,2486.4,9e-05,24.821
7636.0,10,1,0.874,10,2.853,270,199,2486.4,9e-05,24.821
7637.0,10,1,0.874,10,2.853,270,199,2486.4,9e-05,24.821
7638.0,10,1,0.874,10,2.853,270,199,2486.4,9e-05,24.821
7639.0,10,1,0.874,10,2.853,270,199,2486.4,9e-05,24.821
7640.0,10,1,0.874,10,2.853,270,199,2486.4,9e-05,24.821
7641.0,10,1,0.874,10,2.853,270,199,2486.4,9e-05,24.821
7642.0,10,1,0.874,10,2.853,270,199,2486.4,9e-05,24.821
7643.0,10,1,0.874,10,2.853,270,199,2486.4,9e-05,24.821
7644.0,10,1,0.874,10,2.853,270,199,2486.4,9e-05,24.821
7645.0,10,1,0.874,10,2.853,270,199,2486.4,9e-05,24.821
7646.0,10,1,0.874,10,2.853,270,199,2486.4,9e-05,24.821
7647.0,10,1,0.874,10,2.853,270,199,2486.4,9e-05,24.821
7648.0,10,1,0.874,10,2.853,270,199,2486.4,9e-05,24.821
7649.0,10,1,0.874,10,2.853,270,199,2486.4,9e-05,24.821
7650.0,10,1,0.874,10,2.853,270,199,2486.4,9e-05,24.821
7651.0,10,1,0.874,10,2.853,270,199,2486.4,9e-05,24.821
7652.0,10,1,0.874,10,2.853,270,199,2486.4,9e-05,24.821
7653.0,10,1,0.874,10,2.853,270,199,2486.4,9e-05,24.821
7654.0,10,1,0.874,10,2.853,270,199,2486.4,9e-05,24.821
7655.0,10,1,0.874,10,2.853,270,199,2486.4,9e-05,24.821
7656.0,10,1,0.874,10,2.853,270,199,2486.4,9e-05,24.821
7657.0,10,1,0.874,10,2.853,270,199,2486.4,9e-05,24.821
7658.0,10,1,0.874,10,2.853,270,199,2486.4,9e-05,24.821
7659.0,10,1,0.874,10,2.853,270,199,2486.4,9e-05,24.821
7660.0,10,1,0.874,10,2.853,270,199,2486.4,9e-05,24.821
7661.0,10,1,0.874,10,2.853,270,199,2486.4,9e-05,24.821
7662.0,10,1,0.874,10,2.853,270,199,2486.4,9e-05,24.821
7663.0,1,0,0.782,10,2.853,271,199,2512.0,9e-05,25.027
7664.0,1,0,0.782,10,2.853,271,199,2512.0,9e-05,25.007
7665.0,1,0,0.782,10,2.855,271,200,2512.0,0.00021,24.988
7666.0,1,0,0.782,10,2.855,271,200,2512.0,0.00021,24.968
7667.0,1,0,0.782,10,2.855,271,200,2512.0,0.00021,24.948
7668.0,1,1,0.782,10,2.855,271,200,2512.0,0.00021,24.948
7669.0,1,1,0.782,10,2.855,271,200,2512.0,0.00021,24.948
7670.0,1,1,0.782,10,2.855,271,200,2512.0,0.00021,24.948
7671.0,1,1,0.782,10,2.855,271,200,2512.0,0.00021,24.948
7672.0,1,1,0.782,10,2.855,271,200,2512.0,0.00021,24.948
7673.0,1,1,0.782,10,2.855,271,200,2512.0,0.00021,24.948
7674.0,1,1,0.782,10,2.855,271,200,2512.0,0.00021,24.948
7675.0,1,1,0.782,10,2.855,271,200,2512.0,0.00021,24.948
7676.0,1,1,0.782,10,2.855,271,200,2512.0,0.00021,24.948
7677.0,1,1,0.782,10,2.855,271,200,2512.0,0.00021,24.948
7678.0,1,1,0.782,10,2.855,271,200,2512.0,0.00021,24.948
7679.0,1,1,0.782,10,2.855,271,200,2512.0,0.00021,24.948
7680.0,1,1,0.782,10,2.855,271,200,2512.0,0.00021,24.948
7681.0,1,1,0.782,10,2.855,271,200,2512.0,0.00021,24.948
7682.0,1,1,0.782,10,2.855,271,200,2512.0,0.00021,24.948
7683.0,1,1,0.782,10,2.855,271,200,2512.0,0.00021,24.948
7684.0,1,1,0.782,10,2.855,271,200,2512.0,0.00021,24.948
7685.0,1,1,0.782,10,2.855,271,200,2512.0,0.00021,24.948
7686.0,1,1,0.782,10,2.855,271,200,2512.0,0.00021,24.948
7687.0,1,1,0.782,10,2.855,271,200,2512.0,0.00021,24.948
7688.0,1,1,0.782,10,2.855,271,200,2512.0,0.00021,24.948
7689.0,1,1,0.782,10,2.855,271,200,2512.0,0.00021,24.948
7690.0,1,1,0.782,10,2.855,271,200,2512.0,0.00021,24.948
7691.0,1,1,0.782,10,2.855,271,200,2512.0,0.00021,24.948
7692.0,1,1,0.782,10,2.855,271,200,2512.0,0.00021,24.948
7693.0,1,1,0.782,10,2.855,271,200,2512.0,0.00021,24.948
7694.0,1,1,0.782,10,2.855,271,200,2512.0,0.00021,24.948
7695.0,1,1,0.782,10,2.855,271,200,2512.0,0.00021,24.948
7696.0,9,0,0.837,10,2.855,272,200,2534.9,0.00021,24.859
7697.0,9,0,0.837,10,2.855,272,200,2534.9,0.00021,24.859
7698.0,9,1,0.837,10,2.855,272,200,2534.9,0.00021,24.859
7699.0,9,1,0.837,10,2.855,272,200,2534.9,0.00021,24.859
7700.0,9,1,0.837,10,2.855,272,200,2534.9,0.00021,24.859
7701.0,9,1,0.837,10,2.855,272,200,2534.9,0.00021,24.859
7702.0,9,1,0.837,10,2.855,272,200,2534.9,0.00021,24.859
7703.0,9,1,0.837,10,2.855,272,200,2534.9,0.00021,24.859
7704.0,9,1,0.837,10,2.855,272,200,2534.9,0.00021,24.859
7705.0,9,1,0.837,10,2.855,272,200,2534.9,0.00021,24.859
7706.0,9,1,0.837,10,2.855,272,200,2534.9,0.00021,24.859
7707.0,9,1,0.837,10,2.855,272,200,2534.9,0.00021,24.859
7708.0,9,1,0.837,10,2.855,272,200,2534.9,0.00021,24.859
7709.0,9,1,0.837,10,2.855,272,200,2534.9,0.00021,24.859
7710.0,9,1,0.837,10,2.855,272,200,2534.9,0.00021,24.859
7711.0,9,1,0.837,10,2.855,272,200,2534.9,0.00021,24.859
7712.0,9,1,0.837,10,2.855,272,200,2534.9,0.00021,24.859
7713.0,9,1,0.837,10,2.855,272,200,2534.9,0.00021,24.859
7714.0,9,1,0.837,10,2.855,272,200,2534.9,0.00021,24.859
7715.0,9,1,0.837,10,2.855,272,200,2534.9,0.00021,24.859
7716.0,9,1,0.837,10,2.855,272,200,2534.9,0.00021,24.859
7717.0,9,1,0.837,10,2.855,272,200,2534.9,0.00021,24.859
7718.0,9,1,0.837,10,2.855,272,200,2534.9,0.00021,24.859
7719.0,9,1,0.837,10,2.855,272,200,2534.9,0.00021,24.859
7720.0,9,1,0.837,10,2.855,272,200,2534.9,0.00021,24.859
7721.0,9,1,0.837,10,2.855,272,200,2534.9,0.00021,24.859
7722.0,9,1,0.837,10,2.855,272,200,2534.9,0.00021,24.859
7723.0,9,1,0.837,10,2.855,272,200,2534.9,0.00021,24.859
7724.0,9,1,0.837,10,2.855,272,200,2534.9,0.00021,24.859
7725.0,9,1,0.837,10,2.855,272,200,2534.9,0.00021,24.859
7726.0,1,0,0.899,10,2.855,273,200,2557.7,0.00021,25.048
7727.0,1,1,0.899,10,2.855,273,200,2557.7,0.00021,25.048
7728.0,1,1,0.899,10,2.855,273,200,2557.7,0.00021,25.048
7729.0,1,1,0.899,10,2.855,273,200,2557.7,0.00021,25.048
7730.0,1,1,0.899,10,2.855,273,200,2557.7,0.00021,25.048
7731.0,1,1,0.899,10,2.855,273,200,2557.7,0.00021,25.048
7732.0,1,1,0.899,10,2.855,273,200,2557.7,0.00021,25.048
7733.0,1,1,0.899,10,2.855,273,200,2557.7,0.00021,25.048
7734.0,1,1,0.899,10,2.855,273,200,2557.7,0.00021,25.048
7735.0,1,1,0.899,10,2.855,273,200,2557.7,0.00021,25.048
7736.0,1,1,0.899,10,2.855,273,200,2557.7,0.00021,25.048
7737.0,1,1,0.899,10,2.855,273,200,2557.7,0.00021,25.048
7738.0,1,1,0.899,10,2.855,273,200,2557.7,0.00021,25.048
7739.0,1,1,0.899,10,2.855,273,200,2557.7,0.00021,25.048
7740.0,1,1,0.899,10,2.855,273,200,2557.7,0.00021,25.048
7741.0,1,1,0.899,10,2.855,273,200,2557.7,0.00021,25.048
7742.0,1,1,0.899,10,2.855,273,200,2557.7,0.00021,25.048
7743.0,1,1,0.899,10,2.855,273,200,2557.7,0.00021,25.048
7744.0,4,0,0.992,10,2.855,274,200,2566.3,0.00021,24.9
7745.0,4,0,0.992,10,2.855,274,200,2566.3,0.00021,24.921
7746.0,4,1,0.992,10,2.855,274,200,2566.3,0.00021,24.921
7747.0,4,1,0.992,10,2.855,274,200,2566.3,0.00021,24.921
7748.0,4,1,0.992,10,2.855,274,200,2566.3,0.00021,24.921
7749.0,4,1,0.992,10,2.855,274,200,2566.3,0.00021,24.921
7750.0,4,1,0.992,10,2.855,274,200,2566.3,0.00021,24.921
7751.0,4,1,0.992,10,2.855,274,200,2566.3,0.00021,24.921
7752.0,4,1,0.992,10,2.855,274,200,2566.3,0.00021,24.921
7753.0,4,1,0.992,10,2.855,274,200,2566.3,0.00021,24.921
7754.0,4,1,0.992,10,2.855,274,200,2566.3,0.00021,24.921
7755.0,4,1,0.992,10,2.855,274,200,2566.3,0.00021,24.921
7756.0,4,1,0.992,10,2.855,274,200,2566.3,0.00021,24.921
7757.0,4,1,0.992,10,2.855,274,200,2566.3,0.00021,24.921
7758.0,4,1,0.992,10,2.855,274,200,2566.3,0.00021,24.921
7759.0,4,1,0.992,10,2.855,274,200,2566.3,0.00021,24.921
7760.0,4,1,0.992,10,2.855,274,200,2566.3,0.00021,24.921
7761.0,4,1,0.992,10,2.855,274,200,2566.3,0.00021,24.921
7762.0,4,1,0.992,10,2.855,274,200,2566.3,0.00021,24.921
7763.0,4,1,0.992,10,2.855,274,200,2566.3,0.00021,24.921
7764.0,6,0,0.759,10,2.855,275,200,2572.0,0.00021,25.044
7765.0,6,1,0.759,10,2.855,275,200,2572.0,0.00021,25.044
7766.0,6,1,0.759,10,2.855,275,200,2572.0,0.00021,25.044
7767.0,6,1,0.759,10,2.855,275,200,2572.0,0.00021,25.044
7768.0,6,1,0.759,10,2.855,275,200,2572.0,0.00021,25.044
7769.0,6,1,0.759,10,2.855,275,200,2572.0,0.00021,25.044
7770.0,6,1,0.759,10,2.855,275,200,2572.0,0.00021,25.044
7771.0,6,1,0.759,10,2.855,275,200,2572.0,0.00021,25.044
7772.0,6,1,0.759,10,2.855,275,200,2572.0,0.00021,25.044
7773.0,6,1,0.759,10,2.855,275,200,2572.0,0.00021,25.044
7774.0,6,1,0.759,10,2.855,275,200,2572.0,0.00021,25.044
7775.0,6,1,0.759,10,2.855,275,200,2572.0,0.00021,25.044
7776.0,7,0,0.975,10,2.855,276,200,2574.8,0.00021,24.908
7777.0,7,0,0.975,10,2.855,276,200,2574.8,0.00021,24.908
7778.0,7,0,0.975,10,2.853,276,201,2574.8,5e-05,24.943
7779.0,7,0,0.975,10,2.853,276,201,2574.8,5e-05,24.963
7780.0,7,1,0.975,10,2.853,276,201,2574.8,5e-05,24.963
7781.0,7,1,0.975,10,2.853,276,201,2574.8,5e-05,24.963
7782.0,7,1,0.975,10,2.853,276,201,2574.8,5e-05,24.963
7783.0,7,1,0.975,10,2.853,276,201,2574.8,5e-05,24.963
7784.0,7,1,0.975,10,2.853,276,201,2574.8,5e-05,24.963
7785.0,7,1,0.975,10,2.853,276,201,2574.8,5e-05,24.963
7786.0,7,1,0.975,10,2.853,276,201,2574.8,5e-05,24.963
7787.0,7,1,0.975,10,2.853,276,201,2574.8,5e-05,24.963
7788.0,7,1,0.975,10,2.853,276,201,2574.8,5e-05,24.963
7789.0,7,1,0.975,10,2.853,276,201,2574.8,5e-05,24.963
7790.0,7,1,0.975,10,2.853,276,201,2574.8,5e-05,24.963
7791.0,7,1,0.975,10,2.853,276,201,2574.8,5e-05,24.963
7792.0,7,1,0.975,10,2.853,276,201,2574.8,5e-05,24.963
7793.0,7,1,0.975,10,2.853,276,201,2574.8,5e-05,24.963
7794.0,7,1,0.975,10,2.853,276,201,2574.8,5e-05,24.963
7795.0,7,1,0.975,10,2.853,276,201,2574.8,5e-05,24.963
7796.0,7,1,0.975,10,2.853,276,201,2574.8,5e-05,24.963
7797.0,7,1,0.975,10,2.853,276,201,2574.8,5e-05,24.963
7798.0,7,1,0.975,10,2.853,276,201,2574.8,5e-05,24.963
7799.0,7,1,0.975,10,2.853,276,201,2574.8,5e-05,24.963
7800.0,10,0,0.951,10,2.853,277,201,2583.4,5e-05,24.896
7801.0,10,1,0.951,10,2.853,277,201,2583.4,5e-05,24.896
7802.0,10,0,1.0,10,2.853,277,201,2583.4,5e-05,24.958
7803.0,10,1,1.0,10,2.853,277,201,2583.4,5e-05,24.958
7804.0,10,1,1.0,10,2.853,277,201,2583.4,5e-05,24.958
7805.0,10,1,1.0,10,2.853,277,201,2583.4,5e-05,24.958
7806.0,10,1,1.0,10,2.853,277,201,2583.4,5e-05,24.958
7807.0,10,1,1.0,10,2.853,277,201,2583.4,5e-05,24.958
7808.0,10,1,1.0,10,2.853,277,201,2583.4,5e-05,24.958
7809.0,10,1,1.0,10,2.853,277,201,2583.4,5e-05,24.958
7810.0,10,1,1.0,10,2.853,277,201,2583.4,5e-05,24.958
7811.0,10,1,1.0,10,2.853,277,201,2583.4,5e-05,24.958
7812.0,10,1,1.0,10,2.853,277,201,2583.4,5e-05,24.958
7813.0,10,1,1.0,10,2.853,277,201,2583.4,5e-05,24.958
7814.0,10,1,1.0,10,2.853,277,201,2583.4,5e-05,24.958
7815.0,10,1,1.0,10,2.853,277,201,2583.4,5e-05,24.958
7816.0,10,1,1.0,10,2.853,277,201,2583.4,5e-05,24.958
7817.0,10,1,1.0,10,2.853,277,201,2583.4,5e-05,24.958
7818.0,10,1,1.0,10,2.853,277,201,2583.4,5e-05,24.958
7819.0,10,1,1.0,10,2.853,277,201,2583.4,5e-05,24.958
7820.0,10,1,1.0,10,2.853,277,201,2583.4,5e-05,24.958
7821.0,10,1,1.0,10,2.853,277,201,2583.4,5e-05,24.958
7822.0,10,1,1.0,10,2.853,277,201,2583.4,5e-05,24.958
7823.0,10,1,1.0,10,2.853,277,201,2583.4,5e-05,24.958
7824.0,10,1,1.0,10,2.853,277,201,2583.4,5e-05,24.958
7825.0,10,1,1.0,10,2.853,277,201,2583.4,5e-05,24.958
7826.0,10,1,1.0,10,2.853,277,201,2583.4,5e-05,24.958
7827.0,10,1,1.0,10,2.853,277,201,2583.4,5e-05,24.958
7828.0,10,1,1.0,10,2.853,277,201,2583.4,5e-05,24.958
7829.0,10,1,1.0,10,2.853,277,201,2583.4,5e-05,24.958
7830.0,10,1,1.0,10,2.853,277,201,2583.4,5e-05,24.958
7831.0,1,0,0.883,10,2.853,278,201,2609.1,5e-05,25.257
7832.0,1,0,0.883,10,2.853,278,201,2609.1,5e-05,25.257
7833.0,1,0,0.883,10,2.854,278,202,2609.1,5e-05,25.257
7834.0,1,1,0.883,10,2.854,278,202,2609.1,5e-05,25.257
7835.0,1,1,0.883,10,2.854,278,202,2609.1,5e-05,25.257
7836.0,1,1,0.883,10,2.854,278,202,2609.1,5e-05,25.257
7837.0,1,1,0.883,10,2.854,278,202,2609.1,5e-05,25.257
7838.0,1,1,0.883,10,2.854,278,202,2609.1,5e-05,25.257
7839.0,1,1,0.883,10,2.854,278,202,2609.1,5e-05,25.257
7840.0,1,1,0.883,10,2.854,278,202,2609.1,5e-05,25.257
7841.0,1,1,0.883,10,2.854,278,202,2609.1,5e-05,25.257
7842.0,1,1,0.883,10,2.854,278,202,2609.1,5e-05,25.257
7843.0,1,1,0.883,10,2.854,278,202,2609.1,5e-05,25.257
7844.0,1,1,0.883,10,2.854,278,202,2609.1,5e-05,25.257
7845.0,1,1,0.883,10,2.854,278,202,2609.1,5e-05,25.257
7846.0,1,1,0.883,10,2.854,278,202,2609.1,5e-05,25.257
7847.0,1,1,0.883,10,2.854,278,202,2609.1,5e-05,25.257
7848.0,1,1,0.883,10,2.854,278,202,2609.1,5e-05,25.257
7849.0,1,1,0.883,10,2.854,278,202,2609.1,5e-05,25.257
7850.0,1,1,0.883,10,2.854,278,202,2609.1,5e-05,25.257
7851.0,1,1,0.883,10,2.854,278,202,2609.1,5e-05,25.257
7852.0,1,1,0.883,10,2.854,278,202,2609.1,5e-05,25.257
7853.0,1,1,0.883,10,2.854,278,202,2609.1,5e-05,25.257
7854.0,1,1,0.883,10,2.854,278,202,2609.1,5e-05,25.257
7855.0,6,0,0.758,10,2.854,279,202,2623.3,5e-05,25.285
7856.0,6,1,0.758,10,2.854,279,202,2623.3,5e-05,25.285
7857.0,6,0,1.0,10,2.854,279,202,2623.3,5e-05,25.411
7858.0,6,0,1.0,10,2.854,279,202,2623.3,5e-05,25.431
7859.0,6,0,1.0,10,2.854,279,202,2623.3,5e-05,25.432
7860.0,6,0,1.0,10,2.854,279,202,2623.3,5e-05,25.452
7861.0,6,0,1.0,10,2.854,279,202,2623.3,5e-05,25.472
7862.0,6,0,1.0,10,2.854,279,202,2623.3,5e-05,25.492
7863.0,6,0,1.0,10,2.854,279,202,2623.3,5e-05,25.512
7864.0,6,0,1.0,10,2.854,279,202,2623.3,5e-05,25.532
7865.0,6,0,1.0,10,2.854,279,202,2623.3,5e-05,25.552
7866.0,6,0,1.0,10,2.854,279,202,2623.3,5e-05,25.532
7867.0,6,0,1.0,10,2.854,279,202,2623.3,5e-05,25.512
7868.0,6,1,1.0,10,2.854,279,202,2623.3,5e-05,25.512
7869.0,6,1,1.0,10,2.854,279,202,2623.3,5e-05,25.512
7870.0,6,1,1.0,10,2.854,279,202,2623.3,5e-05,25.512
7871.0,6,1,1.0,10,2.854,279,202,2623.3,5e-05,25.512
7872.0,6,1,1.0,10,2.854,279,202,2623.3,5e-05,25.512
7873.0,6,1,1.0,10,2.854,279,202,2623.3,5e-05,25.512
7874.0,6,1,1.0,10,2.854,279,202,2623.3,5e-05,25.512
7875.0,6,1,1.0,10,2.854,279,202,2623.3,5e-05,25.512
7876.0,6,1,1.0,10,2.854,279,202,2623.3,5e-05,25.512
7877.0,6,1,1.0,10,2.854,279,202,2623.3,5e-05,25.512
7878.0,6,1,1.0,10,2.854,279,202,2623.3,5e-05,25.512
7879.0,6,1,1.0,10,2.854,279,202,2623.3,5e-05,25.512
7880.0,6,1,1.0,10,2.854,279,202,2623.3,5e-05,25.512
7881.0,6,1,1.0,10,2.854,279,202,2623.3,5e-05,25.512
7882.0,6,1,1.0,10,2.854,279,202,2623.3,5e-05,25.512
7883.0,6,1,1.0,10,2.854,279,202,2623.3,5e-05,25.512
7884.0,6,1,1.0,10,2.854,279,202,2623.3,5e-05,25.512
7885.0,6,1,1.0,10,2.854,279,202,2623.3,5e-05,25.512
7886.0,9,0,0.817,10,2.854,280,202,2631.9,5e-05,25.309
7887.0,9,0,0.817,10,2.854,280,202,2631.9,5e-05,25.329
7888.0,9,0,0.817,10,2.849,280,203,2631.9,5e-05,25.381
7889.0,9,0,0.817,10,2.849,280,203,2631.9,5e-05,25.381
7890.0,9,1,0.817,10,2.849,280,203,2631.9,5e-05,25.381
7891.0,9,1,0.817,10,2.849,280,203,2631.9,5e-05,25.381
7892.0,9,1,0.817,10,2.849,280,203,2631.9,5e-05,25.381
7893.0,9,1,0.817,10,2.849,280,203,2631.9,5e-05,25.381
7894.0,9,1,0.817,10,2.849,280,203,2631.9,5e-05,25.381
7895.0,9,1,0.817,10,2.849,280,203,2631.9,5e-05,25.381
7896.0,9,1,0.817,10,2.849,280,203,2631.9,5e-05,25.381
7897.0,9,1,0.817,10,2.849,280,203,2631.9,5e-05,25.381
7898.0,9,1,0.817,10,2.849,280,203,2631.9,5e-05,25.381
7899.0,9,1,0.817,10,2.849,280,203,2631.9,5e-05,25.381
7900.0,9,1,0.817,10,2.849,280,203,2631.9,5e-05,25.381
7901.0,9,1,0.817,10,2.849,280,203,2631.9,5e-05,25.381
7902.0,9,1,0.817,10,2.849,280,203,2631.9,5e-05,25.381
7903.0,9,1,0.817,10,2.849,280,203,2631.9,5e-05,25.381
7904.0,9,1,0.817,10,2.849,280,203,2631.9,5e-05,25.381
7905.0,9,1,0.817,10,2.849,280,203,2631.9,5e-05,25.381
7906.0,9,1,0.817,10,2.849,280,203,2631.9,5e-05,25.381
7907.0,9,1,0.817,10,2.849,280,203,2631.9,5e-05,25.381
7908.0,9,1,0.817,10,2.849,280,203,2631.9,5e-05,25.381
7909.0,9,1,0.817,10,2.849,280,203,2631.9,5e-05,25.381
7910.0,9,1,0.817,10,2.849,280,203,2631.9,5e-05,25.381
7911.0,9,1,0.817,10,2.849,280,203,2631.9,5e-05,25.381
7912.0,9,1,0.817,10,2.849,280,203,2631.9,5e-05,25.381
7913.0,9,1,0.817,10,2.849,280,203,2631.9,5e-05,25.381
7914.0,9,1,0.817,10,2.849,280,203,2631.9,5e-05,25.381
7915.0,9,1,0.817,10,2.849,280,203,2631.9,5e-05,25.381
7916.0,9,1,0.817,10,2.849,280,203,2631.9,5e-05,25.381
7917.0,9,1,0.817,10,2.849,280,203,2631.9,5e-05,25.381
7918.0,9,1,0.817,10,2.849,280,203,2631.9,5e-05,25.381
7919.0,1,0,0.638,10,2.849,281,203,2654.7,5e-05,25.111
7920.0,1,1,0.638,10,2.849,281,203,2654.7,5e-05,25.111
7921.0,1,1,0.638,10,2.849,281,203,2654.7,5e-05,25.111
7922.0,1,1,0.638,10,2.849,281,203,2654.7,5e-05,25.111
7923.0,1,1,0.638,10,2.849,281,203,2654.7,5e-05,25.111
7924.0,1,1,0.638,10,2.849,281,203,2654.7,5e-05,25.111
7925.0,1,1,0.638,10,2.849,281,203,2654.7,5e-05,25.111
7926.0,1,1,0.638,10,2.849,281,203,2654.7,5e-05,25.111
7927.0,1,1,0.638,10,2.849,281,203,2654.7,5e-05,25.111
7928.0,1,1,0.638,10,2.849,281,203,2654.7,5e-05,25.111
7929.0,1,1,0.638,10,2.849,281,203,2654.7,5e-05,25.111
7930.0,1,1,0.638,10,2.849,281,203,2654.7,5e-05,25.111
7931.0,1,1,0.638,10,2.849,281,203,2654.7,5e-05,25.111
7932.0,1,1,0.638,10,2.849,281,203,2654.7,5e-05,25.111
7933.0,1,1,0.638,10,2.849,281,203,2654.7,5e-05,25.111
7934.0,1,1,0.638,10,2.849,281,203,2654.7,5e-05,25.111
7935.0,1,1,0.638,10,2.849,281,203,2654.7,5e-05,25.111
7936.0,1,1,0.638,10,2.849,281,203,2654.7,5e-05,25.111
7937.0,1,1,0.638,10,2.849,281,203,2654.7,5e-05,25.111
7938.0,1,1,0.638,10,2.849,281,203,2654.7,5e-05,25.111
7939.0,1,1,0.638,10,2.849,281,203,2654.7,5e-05,25.111
7940.0,1,1,0.638,10,2.849,281,203,2654.7,5e-05,25.111
7941.0,1,1,0.638,10,2.849,281,203,2654.7,5e-05,25.111
7942.0,1,1,0.638,10,2.849,281,203,2654.7,5e-05,25.111
7943.0,7,0,0.792,10,2.849,282,203,2671.8,5e-05,24.996
7944.0,7,0,0.792,10,2.849,282,203,2671.8,5e-05,25.016
7945.0,7,0,0.792,10,2.852,282,204,2671.8,-0.0,25.065
7946.0,7,1,0.792,10,2.852,282,204,2671.8,-0.0,25.065
7947.0,7,1,0.792,10,2.852,282,204,2671.8,-0.0,25.065
7948.0,7,1,0.792,10,2.852,282,204,2671.8,-0.0,25.065
7949.0,7,1,0.792,10,2.852,282,204,2671.8,-0.0,25.065
7950.0,7,1,0.792,10,2.852,282,204,2671.8,-0.0,25.065
7951.0,7,1,0.792,10,2.852,282,204,2671.8,-0.0,25.065
7952.0,7,1,0.792,10,2.852,282,204,2671.8,-0.0,25.065
7953.0,7,1,0.792,10,2.852,282,204,2671.8,-0.0,25.065
7954.0,7,1,0.792,10,2.852,282,204,2671.8,-0.0,25.065
7955.0,7,1,0.792,10,2.852,282,204,2671.8,-0.0,25.065
7956.0,7,1,0.792,10,2.852,282,204,2671.8,-0.0,25.065
7957.0,7,1,0.792,10,2.852,282,204,2671.8,-0.0,25.065
7958.0,7,1,0.792,10,2.852,282,204,2671.8,-0.0,25.065
7959.0,7,1,0.792,10,2.852,282,204,2671.8,-0.0,25.065
7960.0,7,1,0.792,10,2.852,282,204,2671.8,-0.0,25.065
7961.0,5,0,0.94,10,2.852,283,204,2677.5,-0.0,25.176
7962.0,5,1,0.94,10,2.852,283,204,2677.5,-0.0,25.176
7963.0,5,1,0.94,10,2.852,283,204,2677.5,-0.0,25.176
7964.0,5,1,0.94,10,2.852,283,204,2677.5,-0.0,25.176
7965.0,5,1,0.94,10,2.852,283,204,2677.5,-0.0,25.176
7966.0,5,1,0.94,10,2.852,283,204,2677.5,-0.0,25.176
7967.0,5,1,0.94,10,2.852,283,204,2677.5,-0.0,25.176
7968.0,5,1,0.94,10,2.852,283,204,2677.5,-0.0,25.176
7969.0,5,1,0.94,10,2.852,283,204,2677.5,-0.0,25.176
7970.0,5,1,0.94,10,2.852,283,204,2677.5,-0.0,25.176
7971.0,5,1,0.94,10,2.852,283,204,2677.5,-0.0,25.176
7972.0,5,1,0.94,10,2.852,283,204,2677.5,-0.0,25.176
7973.0,5,1,0.94,10,2.852,283,204,2677.5,-0.0,25.176
7974.0,5,1,0.94,10,2.852,283,204,2677.5,-0.0,25.176
7975.0,5,1,0.94,10,2.852,283,204,2677.5,-0.0,25.176
7976.0,5,1,0.94,10,2.852,283,204,2677.5,-0.0,25.176
7977.0,5,1,0.94,10,2.852,283,204,2677.5,-0.0,25.176
7978.0,5,1,0.94,10,2.852,283,204,2677.5,-0.0,25.176
7979.0,5,1,0.94,10,2.852,283,204,2677.5,-0.0,25.176
7980.0,5,1,0.94,10,2.852,283,204,2677.5,-0.0,25.176
7981.0,5,1,0.94,10,2.852,283,204,2677.5,-0.0,25.176
7982.0,5,1,0.94,10,2.852,283,204,2677.5,-0.0,25.176
7983.0,1,0,0.876,10,2.852,284,204,2688.9,-0.0,25.695
7984.0,1,1,0.876,10,2.852,284,204,2688.9,-0.0,25.695
7985.0,1,1,0.876,10,2.852,284,204,2688.9,-0.0,25.695
7986.0,1,1,0.876,10,2.852,284,204,2688.9,-0.0,25.695
7987.0,1,1,0.876,10,2.852,284,204,2688.9,-0.0,25.695
7988.0,1,0,1.0,10,2.852,284,204,2688.9,-0.0,25.382
7989.0,1,0,1.0,10,2.852,284,204,2688.9,-0.0,25.382
7990.0,1,0,1.0,10,2.852,284,204,2688.9,-0.0,25.362
7991.0,1,0,1.0,10,2.852,284,204,2688.9,-0.0,25.361
7992.0,1,0,1.0,10,2.852,284,204,2688.9,-0.0,25.361
7993.0,1,0,1.0,10,2.852,284,204,2688.9,-0.0,25.341
7994.0,1,0,1.0,10,2.852,284,204,2688.9,-0.0,25.321
7995.0,1,1,1.0,10,2.852,284,204,2688.9,-0.0,25.321
7996.0,1,1,1.0,10,2.852,284,204,2688.9,-0.0,25.321
7997.0,1,1,1.0,10,2.852,284,204,2688.9,-0.0,25.321
7998.0,1,0,1.0,10,2.852,284,204,2688.9,-0.0,25.069
7999.0,1,0,1.0,10,2.852,284,204,2688.9,-0.0,25.069
8000.0,1,0,1.0,10,2.852,284,204,2688.9,-0.0,25.069
8001.0,1,1,1.0,10,2.852,284,204,2688.9,-0.0,25.069
8002.0,1,1,1.0,10,2.852,284,204,2688.9,-0.0,25.069
8003.0,1,0,1.0,10,2.852,284,204,2688.9,-0.0,25.278
8004.0,1,0,1.0,10,2.852,284,204,2688.9,-0.0,25.298
8005.0,1,0,1.0,10,2.852,284,204,2688.9,-0.0,25.318
8006.0,1,0,1.0,10,2.852,284,204,2688.9,-0.0,25.319
8007.0,1,0,1.0,10,2.852,284,204,2688.9,-0.0,25.319
8008.0,1,0,1.0,10,2.852,284,204,2688.9,-0.0,25.339
8009.0,1,1,1.0,10,2.852,284,204,2688.9,-0.0,25.339
8010.0,1,1,1.0,10,2.852,284,204,2688.9,-0.0,25.339
8011.0,1,1,1.0,10,2.852,284,204,2688.9,-0.0,25.339
8012.0,1,1,1.0,10,2.852,284,204,2688.9,-0.0,25.339
8013.0,1,1,1.0,10,2.852,284,204,2688.9,-0.0,25.339
8014.0,1,1,1.0,10,2.852,284,204,2688.9,-0.0,25.339
8015.0,1,1,1.0,10,2.852,284,204,2688.9,-0.0,25.339
8016.0,1,1,1.0,10,2.852,284,204,2688.9,-0.0,25.339
8017.0,1,1,1.0,10,2.852,284,204,2688.9,-0.0,25.339
8018.0,1,1,1.0,10,2.852,284,204,2688.9,-0.0,25.339
8019.0,1,1,1.0,10,2.852,284,204,2688.9,-0.0,25.339
8020.0,1,1,1.0,10,2.852,284,204,2688.9,-0.0,25.339
8021.0,1,1,1.0,10,2.852,284,204,2688.9,-0.0,25.339
8022.0,1,1,1.0,10,2.852,284,204,2688.9,-0.0,25.339
8023.0,1,1,1.0,10,2.852,284,204,2688.9,-0.0,25.339
8024.0,1,1,1.0,10,2.852,284,204,2688.9,-0.0,25.339
8025.0,1,1,1.0,10,2.852,284,204,2688.9,-0.0,25.339
8026.0,1,1,1.0,10,2.852,284,204,2688.9,-0.0,25.339
8027.0,1,1,1.0,10,2.852,284,204,2688.9,-0.0,25.339
8028.0,1,1,1.0,10,2.852,284,204,2688.9,-0.0,25.339
8029.0,1,1,1.0,10,2.852,284,204,2688.9,-0.0,25.339
8030.0,1,1,1.0,10,2.852,284,204,2688.9,-0.0,25.339
8031.0,1,1,1.0,10,2.852,284,204,2688.9,-0.0,25.339
8032.0,1,1,1.0,10,2.852,284,204,2688.9,-0.0,25.339
8033.0,1,1,1.0,10,2.852,284,204,2688.9,-0.0,25.339
8034.0,1,1,1.0,10,2.852,284,204,2688.9,-0.0,25.339
8035.0,1,1,1.0,10,2.852,284,204,2688.9,-0.0,25.339
8036.0,9,0,0.975,10,2.852,285,204,2711.7,-0.0,25.151
8037.0,9,0,0.975,10,2.852,285,204,2711.7,-0.0,25.151
8038.0,9,0,0.975,10,2.852,285,205,2711.7,-0.0,25.218
8039.0,9,0,0.975,10,2.852,285,205,2711.7,-0.0,25.238
8040.0,9,1,0.975,10,2.852,285,205,2711.7,-0.0,25.238
8041.0,9,1,0.975,10,2.852,285,205,2711.7,-0.0,25.238
8042.0,9,1,0.975,10,2.852,285,205,2711.7,-0.0,25.238
8043.0,9,1,0.975,10,2.852,285,205,2711.7,-0.0,25.238
8044.0,9,1,0.975,10,2.852,285,205,2711.7,-0.0,25.238
8045.0,9,1,0.975,10,2.852,285,205,2711.7,-0.0,25.238
8046.0,9,1,0.975,10,2.852,285,205,2711.7,-0.0,25.238
8047.0,9,1,0.975,10,2.852,285,205,2711.7,-0.0,25.238
8048.0,9,1,0.975,10,2.852,285,205,2711.7,-0.0,25.238
8049.0,9,1,0.975,10,2.852,285,205,2711.7,-0.0,25.238
8050.0,9,1,0.975,10,2.852,285,205,2711.7,-0.0,25.238
8051.0,9,1,0.975,10,2.852,285,205,2711.7,-0.0,25.238
8052.0,9,1,0.975,10,2.852,285,205,2711.7,-0.0,25.238
8053.0,7,0,0.502,10,2.852,286,205,2717.4,-0.0,25.757
8054.0,7,1,0.502,10,2.852,286,205,2717.4,-0.0,25.757
8055.0,7,1,0.502,10,2.852,286,205,2717.4,-0.0,25.757
8056.0,7,1,0.502,10,2.852,286,205,2717.4,-0.0,25.757
8057.0,7,1,0.502,10,2.852,286,205,2717.4,-0.0,25.757
8058.0,7,1,0.502,10,2.852,286,205,2717.4,-0.0,25.757
8059.0,7,1,0.502,10,2.852,286,205,2717.4,-0.0,25.757
8060.0,7,1,0.502,10,2.852,286,205,2717.4,-0.0,25.757
8061.0,7,1,0.502,10,2.852,286,205,2717.4,-0.0,25.757
8062.0,7,1,0.502,10,2.852,286,205,2717.4,-0.0,25.757
8063.0,7,1,0.502,10,2.852,286,205,2717.4,-0.0,25.757
8064.0,7,1,0.502,10,2.852,286,205,2717.4,-0.0,25.757
8065.0,7,1,0.502,10,2.852,286,205,2717.4,-0.0,25.757
8066.0,7,1,0.502,10,2.852,286,205,2717.4,-0.0,25.757
8067.0,7,1,0.502,10,2.852,286,205,2717.4,-0.0,25.757
8068.0,7,1,0.502,10,2.852,286,205,2717.4,-0.0,25.757
8069.0,7,1,0.502,10,2.852,286,205,2717.4,-0.0,25.757
8070.0,7,1,0.502,10,2.852,286,205,2717.4,-0.0,25.757
8071.0,7,1,0.502,10,2.852,286,205,2717.4,-0.0,25.757
8072.0,7,1,0.502,10,2.852,286,205,2717.4,-0.0,25.757
8073.0,7,1,0.502,10,2.852,286,205,2717.4,-0.0,25.757
8074.0,7,1,0.502,10,2.852,286,205,2717.4,-0.0,25.757
8075.0,7,1,0.502,10,2.852,286,205,2717.4,-0.0,25.757
8076.0,7,1,0.502,10,2.852,286,205,2717.4,-0.0,25.757
8077.0,7,1,0.502,10,2.852,286,205,2717.4,-0.0,25.757
8078.0,7,1,0.502,10,2.852,286,205,2717.4,-0.0,25.757
8079.0,7,1,0.502,10,2.852,286,205,2717.4,-0.0,25.757
8080.0,7,1,0.502,10,2.852,286,205,2717.4,-0.0,25.757
8081.0,7,1,0.502,10,2.852,286,205,2717.4,-0.0,25.757
8082.0,7,1,0.502,10,2.852,286,205,2717.4,-0.0,25.757
8083.0,7,1,0.502,10,2.852,286,205,2717.4,-0.0,25.757
8084.0,7,1,0.502,10,2.852,286,205,2717.4,-0.0,25.757
8085.0,7,1,0.502,10,2.852,286,205,2717.4,-0.0,25.757
8086.0,7,1,0.502,10,2.852,286,205,2717.4,-0.0,25.757
8087.0,7,1,0.502,10,2.852,286,205,2717.4,-0.0,25.757
8088.0,7,1,0.502,10,2.852,286,205,2717.4,-0.0,25.757
8089.0,7,1,0.502,10,2.852,286,205,2717.4,-0.0,25.757
8090.0,7,1,0.502,10,2.852,286,205,2717.4,-0.0,25.757
8091.0,7,1,0.502,10,2.852,286,205,2717.4,-0.0,25.757
8092.0,7,1,0.502,10,2.852,286,205,2717.4,-0.0,25.757
8093.0,7,1,0.502,10,2.852,286,205,2717.4,-0.0,25.757
8094.0,7,1,0.502,10,2.852,286,205,2717.4,-0.0,25.757
8095.0,7,1,0.502,10,2.852,286,205,2717.4,-0.0,25.757
8096.0,7,1,0.502,10,2.852,286,205,2717.4,-0.0,25.757
8097.0,7,1,0.502,10,2.852,286,205,2717.4,-0.0,25.757
8098.0,7,1,0.502,10,2.852,286,205,2717.4,-0.0,25.757
8099.0,7,1,0.502,10,2.852,286,205,2717.4,-0.0,25.757
8100.0,7,1,0.502,10,2.852,286,205,2717.4,-0.0,25.757
8101.0,7,1,0.502,10,2.852,286,205,2717.4,-0.0,25.757
8102.0,7,1,0.502,10,2.852,286,205,2717.4,-0.0,25.757
8103.0,7,1,0.502,10,2.852,286,205,2717.4,-0.0,25.757
8104.0,7,1,0.502,10,2.852,286,205,2717.4,-0.0,25.757
8105.0,7,1,0.502,10,2.852,286,205,2717.4,-0.0,25.757
8106.0,7,1,0.502,10,2.852,286,205,2717.4,-0.0,25.757
8107.0,7,1,0.502,10,2.852,286,205,2717.4,-0.0,25.757
8108.0,7,1,0.502,10,2.852,286,205,2717.4,-0.0,25.757
8109.0,7,1,0.502,10,2.852,286,205,2717.4,-0.0,25.757
8110.0,7,1,0.502,10,2.852,286,205,2717.4,-0.0,25.757
8111.0,7,1,0.502,10,2.852,286,205,2717.4,-0.0,25.757
8112.0,7,1,0.502,10,2.852,286,205,2717.4,-0.0,25.757
8113.0,7,1,0.502,10,2.852,286,205,2717.4,-0.0,25.757
8114.0,7,1,0.502,10,2.852,286,205,2717.4,-0.0,25.757
8115.0,7,1,0.502,10,2.852,286,205,2717.4,-0.0,25.757
8116.0,7,1,0.502,10,2.852,286,205,2717.4,-0.0,25.757
8117.0,7,1,0.502,10,2.852,286,205,2717.4,-0.0,25.757
8118.0,7,1,0.502,10,2.852,286,205,2717.4,-0.0,25.757
8119.0,7,1,0.502,10,2.852,286,205,2717.4,-0.0,25.757
8120.0,7,1,0.502,10,2.852,286,205,2717.4,-0.0,25.757
8121.0,7,1,0.502,10,2.852,286,205,2717.4,-0.0,25.757
8122.0,7,1,0.502,10,2.852,286,205,2717.4,-0.0,25.757
8123.0,7,1,0.502,10,2.852,286,205,2717.4,-0.0,25.757
8124.0,7,1,0.502,10,2.852,286,205,2717.4,-0.0,25.757
8125.0,7,1,0.502,10,2.852,286,205,2717.4,-0.0,25.757
8126.0,7,1,0.502,10,2.852,286,205,2717.4,-0.0,25.757
8127.0,7,1,0.502,10,2.852,286,205,2717.4,-0.0,25.757
8128.0,7,1,0.502,10,2.852,286,205,2717.4,-0.0,25.757
8129.0,7,1,0.502,10,2.852,286,205,2717.4,-0.0,25.757
8130.0,7,1,0.502,10,2.852,286,205,2717.4,-0.0,25.757
8131.0,7,1,0.502,10,2.852,286,205,2717.4,-0.0,25.757
8132.0,7,1,0.502,10,2.852,286,205,2717.4,-0.0,25.757
8133.0,7,1,0.502,10,2.852,286,205,2717.4,-0.0,25.757
8134.0,7,1,0.502,10,2.852,286,205,2717.4,-0.0,25.757
8135.0,7,1,0.502,10,2.852,286,205,2717.4,-0.0,25.757
8136.0,7,1,0.502,10,2.852,286,205,2717.4,-0.0,25.757
8137.0,7,1,0.502,10,2.852,286,205,2717.4,-0.0,25.757
8138.0,7,1,0.502,10,2.852,286,205,2717.4,-0.0,25.757
8139.0,7,1,0.502,10,2.852,286,205,2717.4,-0.0,25.757
8140.0,7,0,1.0,10,2.852,286,205,2717.4,-0.0,24.879
8141.0,7,0,1.0,10,2.852,286,205,2717.4,-0.0,24.899
8142.0,7,0,1.0,10,2.852,286,205,2717.4,-0.0,24.919
8143.0,7,0,1.0,10,2.852,286,205,2717.4,-0.0,24.939
8144.0,7,0,1.0,10,2.852,286,205,2717.4,-0.0,24.959
8145.0,7,0,1.0,10,2.852,286,205,2717.4,-0.0,24.979
8146.0,7,0,1.0,10,2.852,286,205,2717.4,-0.0,24.999
8147.0,7,0,1.0,10,2.852,286,205,2717.4,-0.0,25.019
8148.0,7,0,1.0,10,2.852,286,205,2717.4,-0.0,25.039
8149.0,7,0,1.0,10,2.852,286,205,2717.4,-0.0,25.059
8150.0,7,0,1.0,10,2.852,286,205,2717.4,-0.0,25.079
8151.0,7,1,1.0,10,2.852,286,205,2717.4,-0.0,25.079
8152.0,7,1,1.0,10,2.852,286,205,2717.4,-0.0,25.079
8153.0,7,1,1.0,10,2.852,286,205,2717.4,-0.0,25.079
8154.0,7,1,1.0,10,2.852,286,205,2717.4,-0.0,25.079
8155.0,7,1,1.0,10,2.852,286,205,2717.4,-0.0,25.079
8156.0,7,1,1.0,10,2.852,286,205,2717.4,-0.0,25.079
8157.0,7,1,1.0,10,2.852,286,205,2717.4,-0.0,25.079
8158.0,7,1,1.0,10,2.852,286,205,2717.4,-0.0,25.079
8159.0,7,1,1.0,10,2.852,286,205,2717.4,-0.0,25.079
8160.0,7,1,1.0,10,2.852,286,205,2717.4,-0.0,25.079
8161.0,7,1,1.0,10,2.852,286,205,2717.4,-0.0,25.079
8162.0,7,1,1.0,10,2.852,286,205,2717.4,-0.0,25.079
8163.0,7,1,1.0,10,2.852,286,205,2717.4,-0.0,25.079
8164.0,7,1,1.0,10,2.852,286,205,2717.4,-0.0,25.079
8165.0,7,1,1.0,10,2.852,286,205,2717.4,-0.0,25.079
8166.0,6,0,0.808,10,2.852,287,205,2720.3,-0.0,24.847
8167.0,6,1,0.808,10,2.852,287,205,2720.3,-0.0,24.847
8168.0,6,1,0.808,10,2.852,287,205,2720.3,-0.0,24.847
8169.0,6,1,0.808,10,2.852,287,205,2720.3,-0.0,24.847
8170.0,6,1,0.808,10,2.852,287,205,2720.3,-0.0,24.847
8171.0,6,1,0.808,10,2.852,287,205,2720.3,-0.0,24.847
8172.0,6,1,0.808,10,2.852,287,205,2720.3,-0.0,24.847
8173.0,6,1,0.808,10,2.852,287,205,2720.3,-0.0,24.847
8174.0,6,1,0.808,10,2.852,287,205,2720.3,-0.0,24.847
8175.0,6,1,0.808,10,2.852,287,205,2720.3,-0.0,24.847
8176.0,6,1,0.808,10,2.852,287,205,2720.3,-0.0,24.847
8177.0,6,1,0.808,10,2.852,287,205,2720.3,-0.0,24.847
8178.0,6,1,0.808,10,2.852,287,205,2720.3,-0.0,24.847
8179.0,6,1,0.808,10,2.852,287,205,2720.3,-0.0,24.847
8180.0,6,1,0.808,10,2.852,287,205,2720.3,-0.0,24.847
8181.0,6,1,0.808,10,2.852,287,205,2720.3,-0.0,24.847
8182.0,6,1,0.808,10,2.852,287,205,2720.3,-0.0,24.847
8183.0,6,1,0.808,10,2.852,287,205,2720.3,-0.0,24.847
8184.0,6,1,0.808,10,2.852,287,205,2720.3,-0.0,24.847
8185.0,6,1,0.808,10,2.852,287,205,2720.3,-0.0,24.847
8186.0,6,1,0.808,10,2.852,287,205,2720.3,-0.0,24.847
8187.0,6,1,0.808,10,2.852,287,205,2720.3,-0.0,24.847
8188.0,6,1,0.808,10,2.852,287,205,2720.3,-0.0,24.847
8189.0,6,1,0.808,10,2.852,287,205,2720.3,-0.0,24.847
8190.0,6,1,0.808,10,2.852,287,205,2720.3,-0.0,24.847
8191.0,6,1,0.808,10,2.852,287,205,2720.3,-0.0,24.847
8192.0,6,1,0.808,10,2.852,287,205,2720.3,-0.0,24.847
8193.0,6,1,0.808,10,2.852,287,205,2720.3,-0.0,24.847
8194.0,6,1,0.808,10,2.852,287,205,2720.3,-0.0,24.847
8195.0,6,1,0.808,10,2.852,287,205,2720.3,-0.0,24.847
8196.0,9,0,0.965,10,2.852,288,205,2728.8,-0.0,24.947
8197.0,9,0,0.965,10,2.852,288,205,2728.8,-0.0,24.967
8198.0,9,0,0.965,10,2.851,288,206,2728.8,-0.0,24.943
8199.0,9,0,0.965,10,2.851,288,206,2728.8,-0.0,24.943
8200.0,9,1,0.965,10,2.851,288,206,2728.8,-0.0,24.943
8201.0,9,1,0.965,10,2.851,288,206,2728.8,-0.0,24.943
8202.0,9,1,0.965,10,2.851,288,206,2728.8,-0.0,24.943
8203.0,9,1,0.965,10,2.851,288,206,2728.8,-0.0,24.943
8204.0,9,0,1.0,10,2.851,288,206,2728.8,-0.0,25.215
8205.0,9,0,1.0,10,2.851,288,206,2728.8,-0.0,25.215
8206.0,9,0,1.0,10,2.851,288,206,2728.8,-0.0,25.195
8207.0,9,0,1.0,10,2.851,288,206,2728.8,-0.0,25.215
8208.0,9,0,1.0,10,2.851,288,206,2728.8,-0.0,25.215
8209.0,9,0,1.0,10,2.851,288,206,2728.8,-0.0,25.235
8210.0,9,0,1.0,10,2.851,288,206,2728.8,-0.0,25.255
8211.0,9,1,1.0,10,2.851,288,206,2728.8,-0.0,25.255
8212.0,9,0,1.0,10,2.851,288,206,2728.8,-0.0,25.361
8213.0,9,0,1.0,10,2.851,288,206,2728.8,-0.0,25.361
8214.0,9,0,1.0,10,2.851,288,206,2728.8,-0.0,25.381
8215.0,9,0,1.0,10,2.851,288,206,2728.8,-0.0,25.401
8216.0,9,0,1.0,10,2.851,288,206,2728.8,-0.0,25.403
8217.0,9,0,1.0,10,2.851,288,206,2728.8,-0.0,25.403
8218.0,9,0,1.0,10,2.851,288,206,2728.8,-0.0,25.423
8219.0,9,0,1.0,10,2.851,288,206,2728.8,-0.0,25.424
8220.0,9,0,1.0,10,2.851,288,206,2728.8,-0.0,25.424
8221.0,9,0,1.0,10,2.851,288,206,2728.8,-0.0,25.424
8222.0,9,0,1.0,10,2.851,288,206,2728.8,-0.0,25.424
8223.0,9,0,1.0,10,2.851,288,206,2728.8,-0.0,25.424
8224.0,9,0,1.0,10,2.851,288,206,2728.8,-0.0,25.404
8225.0,9,0,1.0,10,2.851,288,206,2728.8,-0.0,25.384
8226.0,9,0,1.0,10,2.851,288,206,2728.8,-0.0,25.364
8227.0,9,0,1.0,10,2.851,288,206,2728.8,-0.0,25.344
8228.0,9,0,1.0,10,2.851,288,206,2728.8,-0.0,25.324
8229.0,9,0,1.0,10,2.851,288,206,2728.8,-0.0,25.304
8230.0,9,0,1.0,10,2.851,288,206,2728.8,-0.0,25.284
8231.0,9,0,1.0,10,2.851,288,206,2728.8,-0.0,25.264
8232.0,9,0,1.0,10,2.851,288,206,2728.8,-0.0,25.244
8233.0,9,0,1.0,10,2.851,288,206,2728.8,-0.0,25.224
8234.0,9,0,1.0,10,2.851,288,206,2728.8,-0.0,25.204
8235.0,9,0,1.0,10,2.851,288,206,2728.8,-0.0,25.184
8236.0,9,0,1.0,10,2.851,288,206,2728.8,-0.0,25.164
8237.0,9,0,1.0,10,2.851,288,206,2728.8,-0.0,25.152
8238.0,9,0,1.0,10,2.851,288,206,2728.8,-0.0,25.152
8239.0,9,0,1.0,10,2.851,288,206,2728.8,-0.0,25.152
8240.0,9,0,1.0,10,2.851,288,206,2728.8,-0.0,25.132
8241.0,9,0,1.0,10,2.851,288,206,2728.8,-0.0,25.131
8242.0,9,0,1.0,10,2.851,288,206,2728.8,-0.0,25.151
8243.0,9,0,1.0,10,2.851,288,206,2728.8,-0.0,25.171
8244.0,9,0,1.0,10,2.851,288,206,2728.8,-0.0,25.191
8245.0,9,0,1.0,10,2.851,288,206,2728.8,-0.0,25.211
8246.0,9,0,1.0,10,2.851,288,206,2728.8,-0.0,25.231
8247.0,9,0,1.0,10,2.851,288,206,2728.8,-0.0,25.251
8248.0,9,0,1.0,10,2.851,288,206,2728.8,-0.0,25.271
8249.0,9,0,1.0,10,2.851,288,206,2728.8,-0.0,25.291
8250.0,9,0,1.0,10,2.851,288,206,2728.8,-0.0,25.311
8251.0,9,0,1.0,10,2.851,288,206,2728.8,-0.0,25.331
8252.0,9,0,1.0,10,2.851,288,206,2728.8,-0.0,25.351
8253.0,9,0,1.0,10,2.851,288,206,2728.8,-0.0,25.371
8254.0,9,0,1.0,10,2.851,288,206,2728.8,-0.0,25.391
8255.0,9,0,1.0,10,2.851,288,206,2728.8,-0.0,25.411
8256.0,9,0,1.0,10,2.851,288,206,2728.8,-0.0,25.424
8257.0,9,0,1.0,10,2.851,288,206,2728.8,-0.0,25.444
8258.0,9,0,1.0,10,2.851,288,206,2728.8,-0.0,25.445
8259.0,9,0,1.0,10,2.851,288,206,2728.8,-0.0,25.445
8260.0,9,0,1.0,10,2.851,288,206,2728.8,-0.0,25.445
8261.0,9,0,1.0,10,2.851,288,206,2728.8,-0.0,25.445
8262.0,9,0,1.0,10,2.851,288,206,2728.8,-0.0,25.465
8263.0,9,0,1.0,10,2.851,288,206,2728.8,-0.0,25.466
8264.0,9,0,1.0,10,2.851,288,206,2728.8,-0.0,25.486
8265.0,9,0,1.0,10,2.851,288,206,2728.8,-0.0,25.487
8266.0,9,0,1.0,10,2.851,288,206,2728.8,-0.0,25.487
8267.0,9,0,1.0,10,2.851,288,206,2728.8,-0.0,25.487
8268.0,9,0,1.0,10,2.851,288,206,2728.8,-0.0,25.487
8269.0,9,0,1.0,10,2.851,288,206,2728.8,-0.0,25.487
8270.0,9,0,1.0,10,2.851,288,206,2728.8,-0.0,25.487
8271.0,9,0,1.0,10,2.851,288,206,2728.8,-0.0,25.467
8272.0,9,0,1.0,10,2.851,288,206,2728.8,-0.0,25.447
8273.0,9,1,1.0,10,2.851,288,206,2728.8,0.00031,25.447
8274.0,9,0,1.0,10,2.851,288,206,2728.8,0.00031,25.319
8275.0,9,1,1.0,10,2.851,288,206,2728.8,0.00031,25.319
8276.0,9,0,1.0,10,2.851,288,206,2728.8,0.00031,25.236
8277.0,9,0,1.0,10,2.851,288,206,2728.8,0.00031,25.216
8278.0,9,0,1.0,10,2.851,288,206,2728.8,0.00031,25.196
8279.0,9,0,1.0,10,2.851,288,206,2728.8,0.00031,25.177
8280.0,9,0,1.0,10,2.851,288,206,2728.8,0.00031,25.157
8281.0,9,0,1.0,10,2.851,288,206,2728.8,0.00031,25.137
8282.0,9,0,1.0,10,2.851,288,206,2728.8,0.00031,25.117
8283.0,9,0,1.0,10,2.851,288,206,2728.8,0.00031,25.098
8284.0,9,0,1.0,10,2.851,288,206,2728.8,0.00031,25.078
8285.0,9,0,1.0,10,2.851,288,206,2728.8,0.00031,25.089
8286.0,9,0,1.0,10,2.851,288,206,2728.8,0.00031,25.089
8287.0,9,0,1.0,10,2.851,288,206,2728.8,0.00031,25.11
8288.0,9,1,1.0,10,2.851,288,206,2728.8,0.00031,25.11
8289.0,9,1,1.0,10,2.851,288,206,2728.8,0.00031,25.11
8290.0,9,1,1.0,10,2.851,288,206,2728.8,0.00031,25.11
8291.0,9,1,1.0,10,2.851,288,206,2728.8,0.00031,25.11
8292.0,9,1,1.0,10,2.851,288,206,2728.8,0.00031,25.11
8293.0,9,1,1.0,10,2.851,288,206,2728.8,0.00031,25.11
8294.0,9,1,1.0,10,2.851,288,206,2728.8,0.00031,25.11
8295.0,9,1,1.0,10,2.851,288,206,2728.8,0.00031,25.11
8296.0,9,1,1.0,10,2.851,288,206,2728.8,0.00031,25.11
8297.0,9,1,1.0,10,2.851,288,206,2728.8,0.00031,25.11
8298.0,9,1,1.0,10,2.851,288,206,2728.8,0.00031,25.11
8299.0,9,1,1.0,10,2.851,288,206,2728.8,0.00031,25.11
8300.0,9,1,1.0,10,2.851,288,206,2728.8,0.00031,25.11
8301.0,9,1,1.0,10,2.851,288,206,2728.8,0.00031,25.11
8302.0,9,1,1.0,10,2.851,288,206,2728.8,0.00031,25.11
8303.0,9,1,1.0,10,2.851,288,206,2728.8,0.00031,25.11
8304.0,9,1,1.0,10,2.851,288,206,2728.8,0.00031,25.11
8305.0,9,1,1.0,10,2.851,288,206,2728.8,0.00031,25.11
8306.0,9,1,1.0,10,2.851,288,206,2728.8,0.00031,25.11
8307.0,6,0,0.941,10,2.851,289,206,2737.4,0.00031,25.076
8308.0,6,0,0.941,10,2.851,289,206,2737.4,0.00031,25.057
8309.0,6,1,0.941,10,2.851,289,206,2737.4,0.00031,25.057
8310.0,6,1,0.941,10,2.851,289,206,2737.4,0.00031,25.057
8311.0,6,1,0.941,10,2.851,289,206,2737.4,0.00031,25.057
8312.0,6,1,0.941,10,2.851,289,206,2737.4,0.00031,25.057
8313.0,6,1,0.941,10,2.851,289,206,2737.4,0.00031,25.057
8314.0,6,1,0.941,10,2.851,289,206,2737.4,0.00031,25.057
8315.0,6,1,0.941,10,2.851,289,206,2737.4,0.00031,25.057
8316.0,6,1,0.941,10,2.851,289,206,2737.4,0.00031,25.057
8317.0,6,1,0.941,10,2.851,289,206,2737.4,0.00031,25.057
8318.0,6,1,0.941,10,2.851,289,206,2737.4,0.00031,25.057
8319.0,6,1,0.941,10,2.851,289,206,2737.4,0.00031,25.057
8320.0,6,1,0.941,10,2.851,289,206,2737.4,0.00031,25.057
8321.0,6,1,0.941,10,2.851,289,206,2737.4,0.00031,25.057
8322.0,6,1,0.941,10,2.851,289,206,2737.4,0.00031,25.057
8323.0,6,1,0.941,10,2.851,289,206,2737.4,0.00031,25.057
8324.0,6,1,0.941,10,2.851,289,206,2737.4,0.00031,25.057
8325.0,6,1,0.941,10,2.851,289,206,2737.4,0.00031,25.057
8326.0,6,1,0.941,10,2.851,289,206,2737.4,0.00031,25.057
8327.0,6,1,0.941,10,2.851,289,206,2737.4,0.00031,25.057
8328.0,6,1,0.941,10,2.851,289,206,2737.4,0.00031,25.057
8329.0,6,1,0.941,10,2.851,289,206,2737.4,0.00031,25.057
8330.0,6,1,0.941,10,2.851,289,206,2737.4,0.00031,25.057
8331.0,6,1,0.941,10,2.851,289,206,2737.4,0.00031,25.057
8332.0,1,0,0.523,10,2.851,290,206,2751.7,0.00031,24.714
8333.0,1,0,0.523,10,2.851,290,206,2751.7,0.00031,24.714
8334.0,1,0,0.523,10,2.858,290,207,2751.7,-0.0,24.714
8335.0,1,0,0.523,10,2.858,290,207,2751.7,-0.0,24.694
8336.0,1,0,0.523,10,2.858,290,207,2751.7,-0.0,24.674
8337.0,1,0,0.523,10,2.858,290,207,2751.7,-0.0,24.654
8338.0,1,0,0.523,10,2.858,290,207,2751.7,-0.0,24.634
8339.0,1,0,0.523,10,2.858,290,207,2751.7,-0.0,24.614
8340.0,1,0,0.523,10,2.858,290,207,2751.7,-0.0,24.594
8341.0,1,0,0.523,10,2.858,290,207,2751.7,-0.0,24.574
8342.0,1,0,0.523,10,2.858,290,207,2751.7,-0.0,24.554
8343.0,1,0,0.523,10,2.858,290,207,2751.7,-0.0,24.547
8344.0,1,0,0.523,10,2.858,290,207,2751.7,-0.0,24.567
8345.0,1,0,0.523,10,2.858,290,207,2751.7,-0.0,24.587
8346.0,1,0,0.523,10,2.858,290,207,2751.7,-0.0,24.607
8347.0,1,0,0.523,10,2.858,290,207,2751.7,-0.0,24.627
8348.0,1,0,0.523,10,2.858,290,207,2751.7,-0.0,24.647
8349.0,1,0,0.523,10,2.858,290,207,2751.7,-0.0,24.667
8350.0,1,0,0.523,10,2.858,290,207,2751.7,-0.0,24.687
8351.0,1,0,0.523,10,2.858,290,207,2751.7,-0.0,24.693
8352.0,1,0,0.523,10,2.858,290,207,2751.7,-0.0,24.673
8353.0,1,0,0.523,10,2.858,290,207,2751.7,-0.0,24.673
8354.0,1,0,0.523,10,2.858,290,207,2751.7,-0.0,24.693
8355.0,1,0,0.523,10,2.858,290,207,2751.7,-0.0,24.713
8356.0,1,0,0.523,10,2.858,290,207,2751.7,-0.0,24.693
8357.0,1,0,0.523,10,2.858,290,207,2751.7,-0.0,24.713
8358.0,1,0,0.523,10,2.858,290,207,2751.7,-0.0,24.693
8359.0,1,0,0.523,10,2.858,290,207,2751.7,-0.0,24.693
8360.0,1,0,0.523,10,2.858,290,207,2751.7,-0.0,24.673
8361.0,1,0,0.523,10,2.858,290,207,2751.7,-0.0,24.673
8362.0,1,0,0.523,10,2.858,290,207,2751.7,-0.0,24.653
8363.0,1,0,0.523,10,2.858,290,207,2751.7,-0.0,24.652
8364.0,1,0,0.523,10,2.858,290,207,2751.7,-0.0,24.652
8365.0,1,0,0.523,10,2.858,290,207,2751.7,-0.0,24.632
8366.0,1,0,0.523,10,2.858,290,207,2751.7,-0.0,24.612
8367.0,1,0,0.523,10,2.858,290,207,2751.7,-0.0,24.631
8368.0,1,0,0.523,10,2.858,290,207,2751.7,-0.0,24.631
8369.0,1,0,0.523,10,2.858,290,207,2751.7,-0.0,24.631
8370.0,1,0,0.523,10,2.858,290,207,2751.7,-0.0,24.651
8371.0,1,0,0.523,10,2.858,290,207,2751.7,-0.0,24.671
8372.0,1,0,0.523,10,2.858,290,207,2751.7,-0.0,24.691
8373.0,1,0,0.523,10,2.858,290,207,2751.7,-0.0,24.711
8374.0,1,0,0.523,10,2.858,290,207,2751.7,-0.0,24.731
8375.0,1,0,0.523,10,2.858,290,207,2751.7,-0.0,24.741
8376.0,1,0,0.523,10,2.858,290,207,2751.7,-0.0,24.737
8377.0,1,0,0.523,10,2.858,290,207,2751.7,-0.0,24.733
8378.0,1,0,0.523,10,2.858,290,207,2751.7,-0.0,24.729
8379.0,1,0,0.523,10,2.858,290,207,2751.7,-0.0,24.726
8380.0,1,0,0.523,10,2.858,290,207,2751.7,-0.0,24.722
8381.0,1,0,0.523,10,2.858,290,207,2751.7,-0.0,24.722
8382.0,1,1,0.523,10,2.858,290,207,2751.7,-0.00013,24.722
8383.0,1,1,0.523,10,2.858,290,207,2751.7,-0.00013,24.722
8384.0,1,1,0.523,10,2.858,290,207,2751.7,-0.00013,24.722
8385.0,1,1,0.523,10,2.858,290,207,2751.7,-0.00013,24.722
8386.0,1,1,0.523,10,2.858,290,207,2751.7,-0.00013,24.722
8387.0,1,1,0.523,10,2.858,290,207,2751.7,-0.00013,24.722
8388.0,1,1,0.523,10,2.858,290,207,2751.7,-0.00013,24.722
8389.0,1,1,0.523,10,2.858,290,207,2751.7,-0.00013,24.722
8390.0,1,1,0.523,10,2.858,290,207,2751.7,-0.00013,24.722
8391.0,1,1,0.523,10,2.858,290,207,2751.7,-0.00013,24.722
8392.0,1,1,0.523,10,2.858,290,207,2751.7,-0.00013,24.722
8393.0,1,1,0.523,10,2.858,290,207,2751.7,-0.00013,24.722
8394.0,1,1,0.523,10,2.858,290,207,2751.7,-0.00013,24.722
8395.0,1,1,0.523,10,2.858,290,207,2751.7,-0.00013,24.722
8396.0,1,1,0.523,10,2.858,290,207,2751.7,-0.00013,24.722
8397.0,1,1,0.523,10,2.858,290,207,2751.7,-0.00013,24.722
8398.0,1,1,0.523,10,2.858,290,207,2751.7,-0.00013,24.722
8399.0,1,1,0.523,10,2.858,290,207,2751.7,-0.00013,24.722
8400.0,1,1,0.523,10,2.858,290,207,2751.7,-0.00013,24.722
8401.0,1,1,0.523,10,2.858,290,207,2751.7,-0.00013,24.722
8402.0,6,0,0.784,10,2.858,291,207,2765.9,-0.00013,24.028
8403.0,6,1,0.784,10,2.858,291,207,2765.9,-0.00013,24.028
8404.0,6,1,0.784,10,2.858,291,207,2765.9,-0.00013,24.028
8405.0,6,1,0.784,10,2.858,291,207,2765.9,-0.00013,24.028
8406.0,6,1,0.784,10,2.858,291,207,2765.9,-0.00013,24.028
8407.0,6,1,0.784,10,2.858,291,207,2765.9,-0.00013,24.028
8408.0,6,1,0.784,10,2.858,291,207,2765.9,-0.00013,24.028
8409.0,6,1,0.784,10,2.858,291,207,2765.9,-0.00013,24.028
8410.0,6,1,0.784,10,2.858,291,207,2765.9,-0.00013,24.028
8411.0,6,1,0.784,10,2.858,291,207,2765.9,-0.00013,24.028
8412.0,6,1,0.784,10,2.858,291,207,2765.9,-0.00013,24.028
8413.0,6,1,0.784,10,2.858,291,207,2765.9,-0.00013,24.028
8414.0,6,1,0.784,10,2.858,291,207,2765.9,-0.00013,24.028
8415.0,6,1,0.784,10,2.858,291,207,2765.9,-0.00013,24.028
8416.0,6,1,0.784,10,2.858,291,207,2765.9,-0.00013,24.028
8417.0,6,1,0.784,10,2.858,291,207,2765.9,-0.00013,24.028
8418.0,6,1,0.784,10,2.858,291,207,2765.9,-0.00013,24.028
8419.0,7,0,0.674,10,2.858,292,207,2768.8,-0.00013,24.457
8420.0,7,0,0.674,10,2.858,292,207,2768.8,-0.00013,24.477
8421.0,7,0,0.674,10,2.881,292,208,2768.8,-0.00077,24.37
8422.0,7,0,0.674,10,2.881,292,208,2768.8,-0.00077,24.349
8423.0,7,0,0.674,10,2.881,292,208,2768.8,-0.00077,24.349
8424.0,7,0,0.674,10,2.881,292,208,2768.8,-0.00077,24.349
8425.0,7,1,0.674,10,2.881,292,208,2768.8,-0.00077,24.349
8426.0,7,1,0.674,10,2.881,292,208,2768.8,-0.00077,24.349
8427.0,7,1,0.674,10,2.881,292,208,2768.8,-0.00077,24.349
8428.0,7,1,0.674,10,2.881,292,208,2768.8,-0.00077,24.349
8429.0,7,1,0.674,10,2.881,292,208,2768.8,-0.00077,24.349
8430.0,7,1,0.674,10,2.881,292,208,2768.8,-0.00077,24.349
8431.0,7,1,0.674,10,2.881,292,208,2768.8,-0.00077,24.349
8432.0,7,1,0.674,10,2.881,292,208,2768.8,-0.00077,24.349
8433.0,7,1,0.674,10,2.881,292,208,2768.8,-0.00077,24.349
8434.0,7,1,0.674,10,2.881,292,208,2768.8,-0.00077,24.349
8435.0,7,1,0.674,10,2.881,292,208,2768.8,-0.00077,24.349
8436.0,7,1,0.674,10,2.881,292,208,2768.8,-0.00077,24.349
8437.0,7,1,0.674,10,2.881,292,208,2768.8,-0.00077,24.349
8438.0,7,1,0.674,10,2.881,292,208,2768.8,-0.00077,24.349
8439.0,7,1,0.674,10,2.881,292,208,2768.8,-0.00077,24.349
8440.0,7,1,0.674,10,2.881,292,208,2768.8,-0.00077,24.349
8441.0,7,1,0.674,10,2.881,292,208,2768.8,-0.00077,24.349
8442.0,7,1,0.674,10,2.881,292,208,2768.8,-0.00077,24.349
8443.0,9,0,0.855,10,2.881,293,208,2774.6,-0.00077,24.458
8444.0,9,0,0.855,10,2.881,293,208,2774.6,-0.00077,24.458
8445.0,9,1,0.855,10,2.881,293,208,2774.6,-0.00077,24.458
8446.0,9,1,0.855,10,2.881,293,208,2774.6,-0.00077,24.458
8447.0,9,1,0.855,10,2.881,293,208,2774.6,-0.00077,24.458
8448.0,9,1,0.855,10,2.881,293,208,2774.6,-0.00077,24.458
8449.0,9,1,0.855,10,2.881,293,208,2774.6,-0.00077,24.458
8450.0,9,1,0.855,10,2.881,293,208,2774.6,-0.00077,24.458
8451.0,9,1,0.855,10,2.881,293,208,2774.6,-0.00077,24.458
8452.0,9,1,0.855,10,2.881,293,208,2774.6,-0.00077,24.458
8453.0,9,1,0.855,10,2.881,293,208,2774.6,-0.00077,24.458
8454.0,9,1,0.855,10,2.881,293,208,2774.6,-0.00077,24.458
8455.0,9,1,0.855,10,2.881,293,208,2774.6,-0.00077,24.458
8456.0,9,1,0.855,10,2.881,293,208,2774.6,-0.00077,24.458
8457.0,9,1,0.855,10,2.881,293,208,2774.6,-0.00077,24.458
8458.0,9,1,0.855,10,2.881,293,208,2774.6,-0.00077,24.458
8459.0,7,0,0.736,10,2.881,294,208,2780.3,-0.00077,24.496
8460.0,7,0,0.736,10,2.881,294,208,2780.3,-0.00077,24.475
8461.0,7,0,0.736,10,2.872,294,209,2780.3,-0.00077,24.463
8462.0,7,0,0.736,10,2.872,294,209,2780.3,-0.00077,24.442
8463.0,7,1,0.736,10,2.872,294,209,2780.3,-0.00077,24.442
8464.0,7,1,0.736,10,2.872,294,209,2780.3,-0.00077,24.442
8465.0,7,1,0.736,10,2.872,294,209,2780.3,-0.00077,24.442
8466.0,7,1,0.736,10,2.872,294,209,2780.3,-0.00077,24.442
8467.0,7,1,0.736,10,2.872,294,209,2780.3,-0.00077,24.442
8468.0,7,1,0.736,10,2.872,294,209,2780.3,-0.00077,24.442
8469.0,7,1,0.736,10,2.872,294,209,2780.3,-0.00077,24.442
8470.0,7,1,0.736,10,2.872,294,209,2780.3,-0.00077,24.442
8471.0,7,1,0.736,10,2.872,294,209,2780.3,-0.00077,24.442
8472.0,7,1,0.736,10,2.872,294,209,2780.3,-0.00077,24.442
8473.0,6,0,0.697,10,2.872,295,209,2783.2,-0.00077,25.01
8474.0,6,0,0.697,10,2.872,295,209,2783.2,-0.00077,24.989
8475.0,6,1,0.697,10,2.872,295,209,2783.2,-0.00077,24.989
8476.0,6,1,0.697,10,2.872,295,209,2783.2,-0.00077,24.989
8477.0,6,1,0.697,10,2.872,295,209,2783.2,-0.00077,24.989
8478.0,6,0,1.0,10,2.872,295,209,2783.2,-0.00077,24.78
8479.0,6,0,1.0,10,2.872,295,209,2783.2,-0.00077,24.759
8480.0,6,1,1.0,10,2.872,295,209,2783.2,-0.00077,24.759
8481.0,6,1,1.0,10,2.872,295,209,2783.2,-0.00077,24.759
8482.0,6,1,1.0,10,2.872,295,209,2783.2,-0.00077,24.759
8483.0,6,1,1.0,10,2.872,295,209,2783.2,-0.00077,24.759
8484.0,6,1,1.0,10,2.872,295,209,2783.2,-0.00077,24.759
8485.0,6,1,1.0,10,2.872,295,209,2783.2,-0.00077,24.759
8486.0,6,1,1.0,10,2.872,295,209,2783.2,-0.00077,24.759
8487.0,6,1,1.0,10,2.872,295,209,2783.2,-0.00077,24.759
8488.0,6,1,1.0,10,2.872,295,209,2783.2,-0.00077,24.759
8489.0,6,1,1.0,10,2.872,295,209,2783.2,-0.00077,24.759
8490.0,6,1,1.0,10,2.872,295,209,2783.2,-0.00077,24.759
8491.0,6,1,1.0,10,2.872,295,209,2783.2,-0.00077,24.759
8492.0,6,1,1.0,10,2.872,295,209,2783.2,-0.00077,24.759
8493.0,6,1,1.0,10,2.872,295,209,2783.2,-0.00077,24.759
8494.0,6,1,1.0,10,2.872,295,209,2783.2,-0.00077,24.759
8495.0,4,0,0.993,10,2.872,296,209,2788.9,-0.00077,24.929
8496.0,4,0,0.993,10,2.872,296,209,2788.9,-0.00077,24.908
8497.0,4,0,0.993,10,2.872,296,210,2788.9,-0.00077,24.842
8498.0,4,0,0.993,10,2.872,296,210,2788.9,-0.00077,24.821
8499.0,4,1,0.993,10,2.872,296,210,2788.9,-0.00077,24.821
8500.0,4,1,0.993,10,2.872,296,210,2788.9,-0.00077,24.821
8501.0,4,1,0.993,10,2.872,296,210,2788.9,-0.00077,24.821
8502.0,4,1,0.993,10,2.872,296,210,2788.9,-0.00077,24.821
8503.0,4,1,0.993,10,2.872,296,210,2788.9,-0.00077,24.821
8504.0,4,1,0.993,10,2.872,296,210,2788.9,-0.00077,24.821
8505.0,4,1,0.993,10,2.872,296,210,2788.9,-0.00077,24.821
8506.0,4,1,0.993,10,2.872,296,210,2788.9,-0.00077,24.821
8507.0,4,1,0.993,10,2.872,296,210,2788.9,-0.00077,24.821
8508.0,4,1,0.993,10,2.872,296,210,2788.9,-0.00077,24.821
8509.0,4,1,0.993,10,2.872,296,210,2788.9,-0.00077,24.821
8510.0,4,1,0.993,10,2.872,296,210,2788.9,-0.00077,24.821
8511.0,4,1,0.993,10,2.872,296,210,2788.9,-0.00077,24.821
8512.0,4,1,0.993,10,2.872,296,210,2788.9,-0.00077,24.821
8513.0,4,1,0.993,10,2.872,296,210,2788.9,-0.00077,24.821
8514.0,4,1,0.993,10,2.872,296,210,2788.9,-0.00077,24.821
8515.0,4,1,0.993,10,2.872,296,210,2788.9,-0.00077,24.821
8516.0,4,1,0.993,10,2.872,296,210,2788.9,-0.00077,24.821
8517.0,4,1,0.993,10,2.872,296,210,2788.9,-0.00077,24.821
8518.0,1,0,0.659,10,2.872,297,210,2797.6,-0.00077,24.485
8519.0,1,0,0.659,10,2.872,297,210,2797.6,-0.00077,24.464
8520.0,1,0,0.659,10,2.88,297,211,2797.6,-0.00077,24.464
8521.0,1,0,0.659,10,2.88,297,211,2797.6,-0.00077,24.464
8522.0,1,0,0.659,10,2.88,297,211,2797.6,-0.00077,24.464
8523.0,1,0,0.659,10,2.88,297,211,2797.6,-0.00077,24.443
8524.0,1,0,0.659,10,2.88,297,211,2797.6,-0.00077,24.443
8525.0,1,0,0.659,10,2.88,297,211,2797.6,-0.00077,24.443
8526.0,1,0,0.659,10,2.88,297,211,2797.6,-0.00077,24.443
8527.0,1,1,0.659,10,2.88,297,211,2797.6,-0.00077,24.443
8528.0,1,1,0.659,10,2.88,297,211,2797.6,-0.00077,24.443
8529.0,1,1,0.659,10,2.88,297,211,2797.6,-0.00077,24.443
8530.0,1,1,0.659,10,2.88,297,211,2797.6,-0.00077,24.443
8531.0,1,1,0.659,10,2.88,297,211,2797.6,-0.00077,24.443
8532.0,1,1,0.659,10,2.88,297,211,2797.6,-0.00077,24.443
8533.0,1,1,0.659,10,2.88,297,211,2797.6,-0.00077,24.443
8534.0,1,1,0.659,10,2.88,297,211,2797.6,-0.00077,24.443
8535.0,1,1,0.659,10,2.88,297,211,2797.6,-0.00077,24.443
8536.0,1,1,0.659,10,2.88,297,211,2797.6,-0.00077,24.443
8537.0,1,1,0.659,10,2.88,297,211,2797.6,-0.00077,24.443
8538.0,1,1,0.659,10,2.88,297,211,2797.6,-0.00077,24.443
8539.0,1,1,0.659,10,2.88,297,211,2797.6,-0.00077,24.443
8540.0,1,1,0.659,10,2.88,297,211,2797.6,-0.00077,24.443
8541.0,1,1,0.659,10,2.88,297,211,2797.6,-0.00077,24.443
8542.0,1,1,0.659,10,2.88,297,211,2797.6,-0.00077,24.443
8543.0,1,1,0.659,10,2.88,297,211,2797.6,-0.00077,24.443
8544.0,1,1,0.659,10,2.88,297,211,2797.6,-0.00077,24.443
8545.0,1,1,0.659,10,2.88,297,211,2797.6,-0.00077,24.443
8546.0,1,1,0.659,10,2.88,297,211,2797.6,-0.00077,24.443
8547.0,1,1,0.659,10,2.88,297,211,2797.6,-0.00077,24.443
8548.0,6,0,0.682,10,2.88,298,211,2812.0,-0.00077,24.532
8549.0,6,1,0.682,10,2.88,298,211,2812.0,-0.00077,24.532
8550.0,6,1,0.682,10,2.88,298,211,2812.0,-0.00077,24.532
8551.0,6,1,0.682,10,2.88,298,211,2812.0,-0.00077,24.532
8552.0,6,1,0.682,10,2.88,298,211,2812.0,-0.00077,24.532
8553.0,6,1,0.682,10,2.88,298,211,2812.0,-0.00077,24.532
8554.0,6,1,0.682,10,2.88,298,211,2812.0,-0.00077,24.532
8555.0,6,1,0.682,10,2.88,298,211,2812.0,-0.00077,24.532
8556.0,6,1,0.682,10,2.88,298,211,2812.0,-0.00077,24.532
8557.0,6,1,0.682,10,2.88,298,211,2812.0,-0.00077,24.532
8558.0,6,1,0.682,10,2.88,298,211,2812.0,-0.00077,24.532
8559.0,6,1,0.682,10,2.88,298,211,2812.0,-0.00077,24.532
8560.0,6,1,0.682,10,2.88,298,211,2812.0,-0.00077,24.532
8561.0,6,1,0.682,10,2.88,298,211,2812.0,-0.00077,24.532
8562.0,6,1,0.682,10,2.88,298,211,2812.0,-0.00077,24.532
8563.0,6,1,0.682,10,2.88,298,211,2812.0,-0.00077,24.532
8564.0,6,1,0.682,10,2.88,298,211,2812.0,-0.00077,24.532
8565.0,6,1,0.682,10,2.88,298,211,2812.0,-0.00077,24.532
8566.0,6,1,0.682,10,2.88,298,211,2812.0,-0.00077,24.532
8567.0,6,1,0.682,10,2.88,298,211,2812.0,-0.00077,24.532
8568.0,6,1,0.682,10,2.88,298,211,2812.0,-0.00077,24.532
8569.0,9,0,0.966,10,2.88,299,211,2820.6,-0.00077,24.775
8570.0,9,0,0.966,10,2.88,299,211,2820.6,-0.00077,24.794
8571.0,9,0,0.966,10,2.881,299,212,2820.6,0.0,24.75
8572.0,9,1,0.966,10,2.881,299,212,2820.6,0.0,24.75
8573.0,9,1,0.966,10,2.881,299,212,2820.6,0.0,24.75
8574.0,9,1,0.966,10,2.881,299,212,2820.6,0.0,24.75
8575.0,9,1,0.966,10,2.881,299,212,2820.6,0.0,24.75
8576.0,9,1,0.966,10,2.881,299,212,2820.6,0.0,24.75
8577.0,9,1,0.966,10,2.881,299,212,2820.6,0.0,24.75
8578.0,9,1,0.966,10,2.881,299,212,2820.6,0.0,24.75
8579.0,9,1,0.966,10,2.881,299,212,2820.6,0.0,24.75
8580.0,9,1,0.966,10,2.881,299,212,2820.6,0.0,24.75
8581.0,9,1,0.966,10,2.881,299,212,2820.6,0.0,24.75
8582.0,9,1,0.966,10,2.881,299,212,2820.6,0.0,24.75
8583.0,9,1,0.966,10,2.881,299,212,2820.6,0.0,24.75
8584.0,9,1,0.966,10,2.881,299,212,2820.6,0.0,24.75
8585.0,9,1,0.966,10,2.881,299,212,2820.6,0.0,24.75
8586.0,9,1,0.966,10,2.881,299,212,2820.6,0.0,24.75
8587.0,9,1,0.966,10,2.881,299,212,2820.6,0.0,24.75
8588.0,9,1,0.966,10,2.881,299,212,2820.6,0.0,24.75
8589.0,9,1,0.966,10,2.881,299,212,2820.6,0.0,24.75
8590.0,9,1,0.966,10,2.881,299,212,2820.6,0.0,24.75
8591.0,9,1,0.966,10,2.881,299,212,2820.6,0.0,24.75
8592.0,9,1,0.966,10,2.881,299,212,2820.6,0.0,24.75
8593.0,9,1,0.966,10,2.881,299,212,2820.6,0.0,24.75
8594.0,9,1,0.966,10,2.881,299,212,2820.6,0.0,24.75
8595.0,9,1,0.966,10,2.881,299,212,2820.6,0.0,24.75
8596.0,9,1,0.966,10,2.881,299,212,2820.6,0.0,24.75
8597.0,9,1,0.966,10,2.881,299,212,2820.6,0.0,24.75
8598.0,9,1,0.966,10,2.881,299,212,2820.6,0.0,24.75
8599.0,1,0,0.951,10,2.881,300,212,2843.7,0.0,24.881
8600.0,1,0,0.951,10,2.881,300,212,2843.7,0.0,24.881
8601.0,1,0,0.951,10,2.882,300,213,2843.7,0.0,24.901
8602.0,1,0,0.951,10,2.882,300,213,2843.7,0.0,24.921
8603.0,1,1,0.951,10,2.882,300,213,2843.7,0.0,24.921
8604.0,1,1,0.951,10,2.882,300,213,2843.7,0.0,24.921
8605.0,1,1,0.951,10,2.882,300,213,2843.7,0.0,24.921
8606.0,1,1,0.951,10,2.882,300,213,2843.7,0.0,24.921
8607.0,1,1,0.951,10,2.882,300,213,2843.7,0.0,24.921
8608.0,1,1,0.951,10,2.882,300,213,2843.7,0.0,24.921
8609.0,1,1,0.951,10,2.882,300,213,2843.7,0.0,24.921
8610.0,1,1,0.951,10,2.882,300,213,2843.7,0.0,24.921
8611.0,1,1,0.951,10,2.882,300,213,2843.7,0.0,24.921
8612.0,1,1,0.951,10,2.882,300,213,2843.7,0.0,24.921
8613.0,1,1,0.951,10,2.882,300,213,2843.7,0.0,24.921
8614.0,1,1,0.951,10,2.882,300,213,2843.7,0.0,24.921
8615.0,1,1,0.951,10,2.882,300,213,2843.7,0.0,24.921
8616.0,1,1,0.951,10,2.882,300,213,2843.7,0.0,24.921
8617.0,1,1,0.951,10,2.882,300,213,2843.7,0.0,24.921
8618.0,1,1,0.951,10,2.882,300,213,2843.7,0.0,24.921
8619.0,1,1,0.951,10,2.882,300,213,2843.7,0.0,24.921
8620.0,1,1,0.951,10,2.882,300,213,2843.7,0.0,24.921
8621.0,1,1,0.951,10,2.882,300,213,2843.7,0.0,24.921
8622.0,1,1,0.951,10,2.882,300,213,2843.7,0.0,24.921
8623.0,1,1,0.951,10,2.882,300,213,2843.7,0.0,24.921
8624.0,1,1,0.951,10,2.882,300,213,2843.7,0.0,24.921
8625.0,1,1,0.951,10,2.882,300,213,2843.7,0.0,24.921
8626.0,1,1,0.951,10,2.882,300,213,2843.7,0.0,24.921
8627.0,8,0,0.765,10,2.882,301,213,2863.8,0.0,24.971
8628.0,8,0,0.765,10,2.882,301,213,2863.8,0.0,24.991
8629.0,8,0,0.765,10,2.884,301,214,2863.8,0.0,24.998
8630.0,8,0,0.765,10,2.884,301,214,2863.8,0.0,25.018
8631.0,8,0,0.765,10,2.884,301,214,2863.8,0.0,25.038
8632.0,8,0,0.765,10,2.884,301,214,2863.8,0.0,25.058
8633.0,8,0,0.765,10,2.884,301,214,2863.8,0.0,25.078
8634.0,8,0,0.765,10,2.884,301,214,2863.8,0.0,25.098
8635.0,8,0,0.765,10,2.884,301,214,2863.8,0.0,25.118
8636.0,8,0,0.765,10,2.884,301,214,2863.8,0.0,25.138
8637.0,8,0,0.765,10,2.884,301,214,2863.8,0.0,25.158
8638.0,8,1,0.765,10,2.884,301,214,2863.8,0.0,25.158
8639.0,8,1,0.765,10,2.884,301,214,2863.8,0.0,25.158
8640.0,8,1,0.765,10,2.884,301,214,2863.8,0.0,25.158
8641.0,8,1,0.765,10,2.884,301,214,2863.8,0.0,25.158
8642.0,8,1,0.765,10,2.884,301,214,2863.8,0.0,25.158
8643.0,8,1,0.765,10,2.884,301,214,2863.8,0.0,25.158
8644.0,8,1,0.765,10,2.884,301,214,2863.8,0.0,25.158
8645.0,8,1,0.765,10,2.884,301,214,2863.8,0.0,25.158
8646.0,8,1,0.765,10,2.884,301,214,2863.8,0.0,25.158
8647.0,8,1,0.765,10,2.884,301,214,2863.8,0.0,25.158
8648.0,8,1,0.765,10,2.884,301,214,2863.8,0.0,25.158
8649.0,8,1,0.765,10,2.884,301,214,2863.8,0.0,25.158
8650.0,8,1,0.765,10,2.884,301,214,2863.8,0.0,25.158
8651.0,8,1,0.765,10,2.884,301,214,2863.8,0.0,25.158
8652.0,8,1,0.765,10,2.884,301,214,2863.8,0.0,25.158
8653.0,8,1,0.765,10,2.884,301,214,2863.8,0.0,25.158
8654.0,8,1,0.765,10,2.884,301,214,2863.8,0.0,25.158
8655.0,8,1,0.765,10,2.884,301,214,2863.8,0.0,25.158
8656.0,8,1,0.765,10,2.884,301,214,2863.8,0.0,25.158
8657.0,8,1,0.765,10,2.884,301,214,2863.8,0.0,25.158
8658.0,8,1,0.765,10,2.884,301,214,2863.8,0.0,25.158
8659.0,8,1,0.765,10,2.884,301,214,2863.8,0.0,25.158
8660.0,8,1,0.765,10,2.884,301,214,2863.8,0.0,25.158
8661.0,8,1,0.765,10,2.884,301,214,2863.8,0.0,25.158
8662.0,1,0,0.943,10,2.884,302,214,2884.0,0.0,25.361
8663.0,1,0,0.943,10,2.884,302,214,2884.0,0.0,25.361
8664.0,1,0,0.943,10,2.885,302,215,2884.0,0.00174,25.343
8665.0,1,1,0.943,10,2.885,302,215,2884.0,0.00174,25.343
8666.0,1,1,0.943,10,2.885,302,215,2884.0,0.00174,25.343
8667.0,1,1,0.943,10,2.885,302,215,2884.0,0.00174,25.343
8668.0,1,1,0.943,10,2.885,302,215,2884.0,0.00174,25.343
8669.0,1,1,0.943,10,2.885,302,215,2884.0,0.00174,25.343
8670.0,1,1,0.943,10,2.885,302,215,2884.0,0.00174,25.343
8671.0,1,1,0.943,10,2.885,302,215,2884.0,0.00174,25.343
8672.0,1,1,0.943,10,2.885,302,215,2884.0,0.00174,25.343
8673.0,1,1,0.943,10,2.885,302,215,2884.0,0.00174,25.343
8674.0,1,1,0.943,10,2.885,302,215,2884.0,0.00174,25.343
8675.0,1,1,0.943,10,2.885,302,215,2884.0,0.00174,25.343
8676.0,1,1,0.943,10,2.885,302,215,2884.0,0.00174,25.343
8677.0,1,1,0.943,10,2.885,302,215,2884.0,0.00174,25.343
8678.0,1,1,0.943,10,2.885,302,215,2884.0,0.00174,25.343
8679.0,1,1,0.943,10,2.885,302,215,2884.0,0.00174,25.343
8680.0,1,1,0.943,10,2.885,302,215,2884.0,0.00174,25.343
8681.0,1,1,0.943,10,2.885,302,215,2884.0,0.00174,25.343
8682.0,1,1,0.943,10,2.885,302,215,2884.0,0.00174,25.343
8683.0,1,1,0.943,10,2.885,302,215,2884.0,0.00174,25.343
8684.0,1,1,0.943,10,2.885,302,215,2884.0,0.00174,25.343
8685.0,6,0,0.818,10,2.885,303,215,2898.4,0.00174,24.867
8686.0,6,0,0.818,10,2.885,303,215,2898.4,0.00174,24.867
8687.0,6,0,0.818,10,2.882,303,216,2898.4,0.00174,25.015
8688.0,6,1,0.818,10,2.882,303,216,2898.4,0.00174,25.015
8689.0,6,1,0.818,10,2.882,303,216,2898.4,0.00174,25.015
8690.0,6,1,0.818,10,2.882,303,216,2898.4,0.00174,25.015
8691.0,6,1,0.818,10,2.882,303,216,2898.4,0.00174,25.015
8692.0,6,1,0.818,10,2.882,303,216,2898.4,0.00174,25.015
8693.0,6,1,0.818,10,2.882,303,216,2898.4,0.00174,25.015
8694.0,6,1,0.818,10,2.882,303,216,2898.4,0.00174,25.015
8695.0,6,1,0.818,10,2.882,303,216,2898.4,0.00174,25.015
8696.0,6,1,0.818,10,2.882,303,216,2898.4,0.00174,25.015
8697.0,6,1,0.818,10,2.882,303,216,2898.4,0.00174,25.015
8698.0,6,1,0.818,10,2.882,303,216,2898.4,0.00174,25.015
8699.0,6,1,0.818,10,2.882,303,216,2898.4,0.00174,25.015
8700.0,6,1,0.818,10,2.882,303,216,2898.4,0.00174,25.015
8701.0,6,1,0.818,10,2.882,303,216,2898.4,0.00174,25.015
8702.0,6,1,0.818,10,2.882,303,216,2898.4,0.00174,25.015
8703.0,7,0,0.843,10,2.882,304,216,2901.3,0.00174,25.009
8704.0,7,0,0.843,10,2.882,304,216,2901.3,0.00174,25.03
8705.0,7,0,0.843,10,2.893,304,217,2901.3,0.00081,25.059
8706.0,7,1,0.843,10,2.893,304,217,2901.3,0.00081,25.059
8707.0,7,1,0.843,10,2.893,304,217,2901.3,0.00081,25.059
8708.0,7,1,0.843,10,2.893,304,217,2901.3,0.00081,25.059
8709.0,7,1,0.843,10,2.893,304,217,2901.3,0.00081,25.059
8710.0,7,1,0.843,10,2.893,304,217,2901.3,0.00081,25.059
8711.0,7,1,0.843,10,2.893,304,217,2901.3,0.00081,25.059
8712.0,7,1,0.843,10,2.893,304,217,2901.3,0.00081,25.059
8713.0,7,1,0.843,10,2.893,304,217,2901.3,0.00081,25.059
8714.0,7,1,0.843,10,2.893,304,217,2901.3,0.00081,25.059
8715.0,7,1,0.843,10,2.893,304,217,2901.3,0.00081,25.059
8716.0,7,1,0.843,10,2.893,304,217,2901.3,0.00081,25.059
8717.0,7,1,0.843,10,2.893,304,217,2901.3,0.00081,25.059
8718.0,7,1,0.843,10,2.893,304,217,2901.3,0.00081,25.059
8719.0,7,1,0.843,10,2.893,304,217,2901.3,0.00081,25.059
8720.0,7,1,0.843,10,2.893,304,217,2901.3,0.00081,25.059
8721.0,7,1,0.843,10,2.893,304,217,2901.3,0.00081,25.059
8722.0,9,0,0.922,10,2.893,305,217,2907.1,0.00081,25.254
8723.0,9,0,0.922,10,2.893,305,217,2907.1,0.00081,25.275
8724.0,9,0,0.922,10,2.89,305,218,2907.1,0.00216,25.25
8725.0,9,0,0.922,10,2.89,305,218,2907.1,0.00216,25.233
8726.0,9,0,0.922,10,2.89,305,218,2907.1,0.00216,25.215
8727.0,9,1,0.922,10,2.89,305,218,2907.1,0.00216,25.215
8728.0,9,1,0.922,10,2.89,305,218,2907.1,0.00216,25.215
8729.0,9,1,0.922,10,2.89,305,218,2907.1,0.00216,25.215
8730.0,9,1,0.922,10,2.89,305,218,2907.1,0.00216,25.215
8731.0,9,1,0.922,10,2.89,305,218,2907.1,0.00216,25.215
8732.0,9,1,0.922,10,2.89,305,218,2907.1,0.00216,25.215
8733.0,9,1,0.922,10,2.89,305,218,2907.1,0.00216,25.215
8734.0,9,1,0.922,10,2.89,305,218,2907.1,0.00216,25.215
8735.0,9,1,0.922,10,2.89,305,218,2907.1,0.00216,25.215
8736.0,9,1,0.922,10,2.89,305,218,2907.1,0.00216,25.215
8737.0,9,1,0.922,10,2.89,305,218,2907.1,0.00216,25.215
8738.0,9,1,0.922,10,2.89,305,218,2907.1,0.00216,25.215
8739.0,9,1,0.922,10,2.89,305,218,2907.1,0.00216,25.215
8740.0,9,1,0.922,10,2.89,305,218,2907.1,0.00216,25.215
8741.0,9,1,0.922,10,2.89,305,218,2907.1,0.00216,25.215
8742.0,9,1,0.922,10,2.89,305,218,2907.1,0.00216,25.215
8743.0,9,1,0.922,10,2.89,305,218,2907.1,0.00216,25.215
8744.0,6,0,0.815,10,2.89,306,218,2915.8,0.00216,25.517
8745.0,6,0,0.815,10,2.89,306,218,2915.8,0.00216,25.499
8746.0,6,0,0.815,10,2.886,306,219,2915.8,0.00153,25.43
8747.0,6,0,0.815,10,2.886,306,219,2915.8,0.00153,25.43
8748.0,6,1,0.815,10,2.886,306,219,2915.8,0.00153,25.43
8749.0,6,1,0.815,10,2.886,306,219,2915.8,0.00153,25.43
8750.0,6,1,0.815,10,2.886,306,219,2915.8,0.00153,25.43
8751.0,6,1,0.815,10,2.886,306,219,2915.8,0.00153,25.43
8752.0,6,1,0.815,10,2.886,306,219,2915.8,0.00153,25.43
8753.0,6,1,0.815,10,2.886,306,219,2915.8,0.00153,25.43
8754.0,6,1,0.815,10,2.886,306,219,2915.8,0.00153,25.43
8755.0,6,1,0.815,10,2.886,306,219,2915.8,0.00153,25.43
8756.0,6,1,0.815,10,2.886,306,219,2915.8,0.00153,25.43
8757.0,6,1,0.815,10,2.886,306,219,2915.8,0.00153,25.43
8758.0,6,1,0.815,10,2.886,306,219,2915.8,0.00153,25.43
8759.0,6,1,0.815,10,2.886,306,219,2915.8,0.00153,25.43
8760.0,6,1,0.815,10,2.886,306,219,2915.8,0.00153,25.43
8761.0,6,1,0.815,10,2.886,306,219,2915.8,0.00153,25.43
8762.0,6,1,0.815,10,2.886,306,219,2915.8,0.00153,25.43
8763.0,6,1,0.815,10,2.886,306,219,2915.8,0.00153,25.43
8764.0,4,0,0.843,10,2.886,307,219,2921.5,0.00153,25.283
8765.0,4,0,0.843,10,2.886,307,219,2921.5,0.00153,25.265
8766.0,4,0,0.843,10,2.892,307,220,2921.5,0.00216,25.305
8767.0,4,0,0.843,10,2.892,307,220,2921.5,0.00216,25.305
8768.0,4,1,0.843,10,2.892,307,220,2921.5,0.00216,25.305
8769.0,4,1,0.843,10,2.892,307,220,2921.5,0.00216,25.305
8770.0,4,1,0.843,10,2.892,307,220,2921.5,0.00216,25.305
8771.0,4,1,0.843,10,2.892,307,220,2921.5,0.00216,25.305
8772.0,4,1,0.843,10,2.892,307,220,2921.5,0.00216,25.305
8773.0,4,1,0.843,10,2.892,307,220,2921.5,0.00216,25.305
8774.0,4,1,0.843,10,2.892,307,220,2921.5,0.00216,25.305
8775.0,4,1,0.843,10,2.892,307,220,2921.5,0.00216,25.305
8776.0,4,1,0.843,10,2.892,307,220,2921.5,0.00216,25.305
8777.0,4,1,0.843,10,2.892,307,220,2921.5,0.00216,25.305
8778.0,4,1,0.843,10,2.892,307,220,2921.5,0.00216,25.305
8779.0,4,1,0.843,10,2.892,307,220,2921.5,0.00216,25.305
8780.0,4,1,0.843,10,2.892,307,220,2921.5,0.00216,25.305
8781.0,4,1,0.843,10,2.892,307,220,2921.5,0.00216,25.305
8782.0,4,1,0.843,10,2.892,307,220,2921.5,0.00216,25.305
8783.0,4,1,0.843,10,2.892,307,220,2921.5,0.00216,25.305
8784.0,4,1,0.843,10,2.892,307,220,2921.5,0.00216,25.305
8785.0,4,1,0.843,10,2.892,307,220,2921.5,0.00216,25.305
8786.0,4,1,0.843,10,2.892,307,220,2921.5,0.00216,25.305
8787.0,1,0,0.778,10,2.892,308,220,2930.2,0.00216,25.09
8788.0,1,0,0.778,10,2.892,308,220,2930.2,0.00216,25.072
8789.0,1,0,0.778,10,2.897,308,221,2930.2,0.00216,25.069
8790.0,1,1,0.778,10,2.897,308,221,2930.2,0.00216,25.069
8791.0,1,1,0.778,10,2.897,308,221,2930.2,0.00216,25.069
8792.0,1,1,0.778,10,2.897,308,221,2930.2,0.00216,25.069
8793.0,1,1,0.778,10,2.897,308,221,2930.2,0.00216,25.069
8794.0,1,1,0.778,10,2.897,308,221,2930.2,0.00216,25.069
8795.0,1,1,0.778,10,2.897,308,221,2930.2,0.00216,25.069
8796.0,1,1,0.778,10,2.897,308,221,2930.2,0.00216,25.069
8797.0,1,1,0.778,10,2.897,308,221,2930.2,0.00216,25.069
8798.0,1,1,0.778,10,2.897,308,221,2930.2,0.00216,25.069
8799.0,1,1,0.778,10,2.897,308,221,2930.2,0.00216,25.069
8800.0,2,0,0.959,10,2.897,309,221,2933.1,0.00216,24.802
8801.0,2,1,0.959,10,2.897,309,221,2933.1,0.00216,24.802
8802.0,2,0,1.0,10,2.897,309,221,2933.1,0.00216,24.823
8803.0,2,0,1.0,10,2.897,309,221,2933.1,0.00216,24.845
8804.0,2,0,1.0,10,2.897,309,221,2933.1,0.00216,24.868
8805.0,2,0,1.0,10,2.897,309,221,2933.1,0.00216,24.89
8806.0,2,0,1.0,10,2.897,309,221,2933.1,0.00216,24.912
8807.0,2,0,1.0,10,2.897,309,221,2933.1,0.00216,24.934
8808.0,2,0,1.0,10,2.897,309,221,2933.1,0.00216,24.956
8809.0,2,0,1.0,10,2.897,309,221,2933.1,0.00216,24.978
8810.0,2,1,1.0,10,2.897,309,221,2933.1,0.00216,24.978
8811.0,2,1,1.0,10,2.897,309,221,2933.1,0.00216,24.978
8812.0,2,1,1.0,10,2.897,309,221,2933.1,0.00216,24.978
8813.0,2,1,1.0,10,2.897,309,221,2933.1,0.00216,24.978
8814.0,2,1,1.0,10,2.897,309,221,2933.1,0.00216,24.978
8815.0,2,1,1.0,10,2.897,309,221,2933.1,0.00216,24.978
8816.0,2,1,1.0,10,2.897,309,221,2933.1,0.00216,24.978
8817.0,2,1,1.0,10,2.897,309,221,2933.1,0.00216,24.978
8818.0,2,1,1.0,10,2.897,309,221,2933.1,0.00216,24.978
8819.0,2,1,1.0,10,2.897,309,221,2933.1,0.00216,24.978
8820.0,2,1,1.0,10,2.897,309,221,2933.1,0.00216,24.978
8821.0,2,1,1.0,10,2.897,309,221,2933.1,0.00216,24.978
8822.0,2,1,1.0,10,2.897,309,221,2933.1,0.00216,24.978
8823.0,2,1,1.0,10,2.897,309,221,2933.1,0.00216,24.978
8824.0,4,0,0.648,10,2.897,310,221,2938.9,0.00216,24.615
8825.0,4,0,0.648,10,2.897,310,221,2938.9,0.00216,24.637
8826.0,4,0,0.648,10,2.884,310,222,2938.9,0.00042,24.756
8827.0,4,1,0.648,10,2.884,310,222,2938.9,0.00042,24.756
8828.0,4,1,0.648,10,2.884,310,222,2938.9,0.00042,24.756
8829.0,4,1,0.648,10,2.884,310,222,2938.9,0.00042,24.756
8830.0,4,1,0.648,10,2.884,310,222,2938.9,0.00042,24.756
8831.0,4,1,0.648,10,2.884,310,222,2938.9,0.00042,24.756
8832.0,4,1,0.648,10,2.884,310,222,2938.9,0.00042,24.756
8833.0,4,1,0.648,10,2.884,310,222,2938.9,0.00042,24.756
8834.0,4,1,0.648,10,2.884,310,222,2938.9,0.00042,24.756
8835.0,4,1,0.648,10,2.884,310,222,2938.9,0.00042,24.756
8836.0,4,1,0.648,10,2.884,310,222,2938.9,0.00042,24.756
8837.0,4,1,0.648,10,2.884,310,222,2938.9,0.00042,24.756
8838.0,4,1,0.648,10,2.884,310,222,2938.9,0.00042,24.756
8839.0,4,1,0.648,10,2.884,310,222,2938.9,0.00042,24.756
8840.0,4,1,0.648,10,2.884,310,222,2938.9,0.00042,24.756
8841.0,4,1,0.648,10,2.884,310,222,2938.9,0.00042,24.756
8842.0,4,1,0.648,10,2.884,310,222,2938.9,0.00042,24.756
8843.0,4,1,0.648,10,2.884,310,222,2938.9,0.00042,24.756
8844.0,6,0,0.834,10,2.884,311,222,2944.7,0.00042,24.801
8845.0,6,0,0.834,10,2.884,311,222,2944.7,0.00042,24.822
8846.0,6,0,0.834,10,2.89,311,223,2944.7,0.00021,24.832
8847.0,6,0,0.834,10,2.89,311,223,2944.7,0.00021,24.833
8848.0,6,0,0.834,10,2.89,311,223,2944.7,0.00021,24.833
8849.0,6,0,0.834,10,2.89,311,223,2944.7,0.00021,24.833
8850.0,6,0,0.834,10,2.89,311,223,2944.7,0.00021,24.833
8851.0,6,0,0.834,10,2.89,311,223,2944.7,0.00021,24.833
8852.0,6,0,0.834,10,2.89,311,223,2944.7,0.00021,24.854
8853.0,6,0,0.834,10,2.89,311,223,2944.7,0.00021,24.874
8854.0,6,0,0.834,10,2.89,311,223,2944.7,0.00021,24.894
8855.0,6,0,0.834,10,2.89,311,223,2944.7,0.00021,24.896
8856.0,6,0,0.834,10,2.89,311,223,2944.7,0.00021,24.896
8857.0,6,0,0.834,10,2.89,311,223,2944.7,0.00021,24.876
8858.0,6,0,0.834,10,2.89,311,223,2944.7,0.00021,24.875
8859.0,6,0,0.834,10,2.89,311,223,2944.7,0.00021,24.855
8860.0,6,0,0.834,10,2.89,311,223,2944.7,0.00021,24.836
8861.0,6,0,0.834,10,2.89,311,223,2944.7,0.00021,24.816
8862.0,6,0,0.834,10,2.89,311,223,2944.7,0.00021,24.796
8863.0,6,1,0.834,10,2.89,311,223,2944.7,0.00021,24.796
8864.0,6,1,0.834,10,2.89,311,223,2944.7,0.00021,24.796
8865.0,6,1,0.834,10,2.89,311,223,2944.7,0.00021,24.796
8866.0,6,1,0.834,10,2.89,311,223,2944.7,0.00021,24.796
8867.0,6,1,0.834,10,2.89,311,223,2944.7,0.00021,24.796
8868.0,6,1,0.834,10,2.89,311,223,2944.7,0.00021,24.796
8869.0,6,1,0.834,10,2.89,311,223,2944.7,0.00021,24.796
8870.0,6,1,0.834,10,2.89,311,223,2944.7,0.00021,24.796
8871.0,6,1,0.834,10,2.89,311,223,2944.7,0.00021,24.796
8872.0,6,1,0.834,10,2.89,311,223,2944.7,0.00021,24.796
8873.0,6,1,0.834,10,2.89,311,223,2944.7,0.00021,24.796
8874.0,6,1,0.834,10,2.89,311,223,2944.7,0.00021,24.796
8875.0,6,1,0.834,10,2.89,311,223,2944.7,0.00021,24.796
8876.0,6,1,0.834,10,2.89,311,223,2944.7,0.00021,24.796
8877.0,6,1,0.834,10,2.89,311,223,2944.7,0.00021,24.796
8878.0,6,1,0.834,10,2.89,311,223,2944.7,0.00021,24.796
8879.0,6,1,0.834,10,2.89,311,223,2944.7,0.00021,24.796
8880.0,6,1,0.834,10,2.89,311,223,2944.7,0.00021,24.796
8881.0,6,1,0.834,10,2.89,311,223,2944.7,0.00021,24.796
8882.0,6,1,0.834,10,2.89,311,223,2944.7,0.00021,24.796
8883.0,6,1,0.834,10,2.89,311,223,2944.7,0.00021,24.796
8884.0,6,1,0.834,10,2.89,311,223,2944.7,0.00021,24.796
8885.0,6,1,0.834,10,2.89,311,223,2944.7,0.00021,24.796
8886.0,6,1,0.834,10,2.89,311,223,2944.7,0.00021,24.796
8887.0,1,0,0.794,10,2.89,312,223,2959.1,0.00021,24.735
8888.0,1,0,0.794,10,2.89,312,223,2959.1,0.00021,24.735
8889.0,1,0,0.794,10,2.893,312,224,2959.1,-0.00056,24.735
8890.0,1,0,0.794,10,2.893,312,224,2959.1,-0.00056,24.735
8891.0,1,0,0.794,10,2.893,312,224,2959.1,-0.00056,24.735
8892.0,1,0,0.794,10,2.893,312,224,2959.1,-0.00056,24.735
8893.0,1,0,0.794,10,2.893,312,224,2959.1,-0.00056,24.755
8894.0,1,0,0.794,10,2.893,312,224,2959.1,-0.00056,24.774
8895.0,1,0,0.794,10,2.893,312,224,2959.1,-0.00056,24.793
8896.0,1,0,0.794,10,2.893,312,224,2959.1,-0.00056,24.813
8897.0,1,0,0.794,10,2.893,312,224,2959.1,-0.00056,24.832
8898.0,1,0,0.794,10,2.893,312,224,2959.1,-0.00056,24.852
8899.0,1,0,0.794,10,2.893,312,224,2959.1,-0.00056,24.871
8900.0,1,0,0.794,10,2.893,312,224,2959.1,-0.00056,24.891
8901.0,1,0,0.794,10,2.893,312,224,2959.1,-0.00056,24.902
8902.0,1,0,0.794,10,2.893,312,224,2959.1,-0.00056,24.902
8903.0,1,0,0.794,10,2.893,312,224,2959.1,-0.00056,24.902
8904.0,1,0,0.794,10,2.893,312,224,2959.1,-0.00056,24.902
8905.0,1,0,0.794,10,2.893,312,224,2959.1,-0.00056,24.882
8906.0,1,0,0.794,10,2.893,312,224,2959.1,-0.00056,24.861
8907.0,1,0,0.794,10,2.893,312,224,2959.1,-0.00056,24.84
8908.0,1,0,0.794,10,2.893,312,224,2959.1,-0.00056,24.82
8909.0,1,0,0.794,10,2.893,312,224,2959.1,-0.00056,24.799
8910.0,1,0,0.794,10,2.893,312,224,2959.1,-0.00056,24.779
8911.0,1,0,0.794,10,2.893,312,224,2959.1,-0.00056,24.758
8912.0,1,0,0.794,10,2.893,312,224,2959.1,-0.00056,24.738
8913.0,1,0,0.794,10,2.893,312,224,2959.1,-0.00056,24.717
8914.0,1,0,0.794,10,2.893,312,224,2959.1,-0.00056,24.696
8915.0,1,0,0.794,10,2.893,312,224,2959.1,-0.00056,24.693
8916.0,1,0,0.794,10,2.893,312,224,2959.1,-0.00056,24.713
8917.0,1,0,0.794,10,2.893,312,224,2959.1,-0.00056,24.714
8918.0,1,0,0.794,10,2.893,312,224,2959.1,-0.00056,24.734
8919.0,1,0,0.794,10,2.893,312,224,2959.1,-0.00056,24.735
8920.0,1,0,0.794,10,2.893,312,224,2959.1,-0.00056,24.735
8921.0,1,0,0.794,10,2.893,312,224,2959.1,-0.00056,24.735
8922.0,1,0,0.794,10,2.893,312,224,2959.1,-0.00056,24.735
8923.0,1,0,0.794,10,2.893,312,224,2959.1,-0.00056,24.735
8924.0,1,0,0.794,10,2.893,312,224,2959.1,-0.00056,24.735
8925.0,1,0,0.794,10,2.893,312,224,2959.1,-0.00056,24.715
8926.0,1,0,0.794,10,2.893,312,224,2959.1,-0.00056,24.694
8927.0,1,0,0.794,10,2.893,312,224,2959.1,-0.00056,24.673
8928.0,1,0,0.794,10,2.893,312,224,2959.1,-0.00056,24.653
8929.0,1,0,0.794,10,2.893,312,224,2959.1,-0.00056,24.632
8930.0,1,0,0.794,10,2.893,312,224,2959.1,-0.00056,24.612
8931.0,1,0,0.794,10,2.893,312,224,2959.1,-0.00056,24.591
8932.0,1,0,0.794,10,2.893,312,224,2959.1,-0.00056,24.571
8933.0,1,0,0.794,10,2.893,312,224,2959.1,-0.00056,24.55
8934.0,1,0,0.794,10,2.893,312,224,2959.1,-0.00056,24.53
8935.0,1,0,0.794,10,2.893,312,224,2959.1,-0.00056,24.509
8936.0,1,0,0.794,10,2.893,312,224,2959.1,-0.00056,24.506
8937.0,1,0,0.794,10,2.893,312,224,2959.1,-0.00056,24.525
8938.0,1,0,0.794,10,2.893,312,224,2959.1,-0.00056,24.545
8939.0,1,0,0.794,10,2.893,312,224,2959.1,-0.00056,24.547
8940.0,1,0,0.794,10,2.893,312,224,2959.1,-0.00056,24.567
8941.0,1,0,0.794,10,2.893,312,224,2959.1,-0.00056,24.586
8942.0,1,0,0.794,10,2.893,312,224,2959.1,-0.00056,24.606
8943.0,1,0,0.794,10,2.893,312,224,2959.1,-0.00056,24.616
8944.0,1,0,0.794,10,2.893,312,224,2959.1,-0.00056,24.608
8945.0,1,0,0.794,10,2.893,312,224,2959.1,-0.00056,24.6
8946.0,1,0,0.794,10,2.893,312,224,2959.1,-0.00056,24.593
8947.0,1,0,0.794,10,2.893,312,224,2959.1,-0.00056,24.585
8948.0,1,0,0.794,10,2.893,312,224,2959.1,-0.00056,24.578
8949.0,1,0,0.794,10,2.893,312,224,2959.1,-0.00056,24.57
8950.0,1,0,0.794,10,2.893,312,224,2959.1,-0.00056,24.563
8951.0,1,0,0.794,10,2.893,312,224,2959.1,-0.00056,24.555
8952.0,1,0,0.794,10,2.893,312,224,2959.1,-0.00056,24.547
8953.0,1,0,0.794,10,2.893,312,224,2959.1,-0.00056,24.547
8954.0,1,0,0.794,10,2.893,312,224,2959.1,-0.00056,24.527
8955.0,1,0,0.794,10,2.893,312,224,2959.1,-0.00056,24.506
8956.0,1,0,0.794,10,2.893,312,224,2959.1,-0.00056,24.506
8957.0,1,0,0.794,10,2.893,312,224,2959.1,-0.00056,24.525
8958.0,1,0,0.794,10,2.893,312,224,2959.1,-0.00056,24.545
8959.0,1,0,0.794,10,2.893,312,224,2959.1,-0.00056,24.564
8960.0,1,0,0.794,10,2.893,312,224,2959.1,-0.00056,24.583
8961.0,1,0,0.794,10,2.893,312,224,2959.1,-0.00056,24.603
8962.0,1,0,0.794,10,2.893,312,224,2959.1,-0.00056,24.622
8963.0,1,0,0.794,10,2.893,312,224,2959.1,-0.00056,24.642
8964.0,1,0,0.794,10,2.893,312,224,2959.1,-0.00056,24.621
8965.0,1,0,0.794,10,2.893,312,224,2959.1,-0.00056,24.601
8966.0,1,0,0.794,10,2.893,312,224,2959.1,-0.00056,24.58
8967.0,1,0,0.794,10,2.893,312,224,2959.1,-0.00056,24.568
8968.0,1,0,0.794,10,2.893,312,224,2959.1,-0.00056,24.568
8969.0,1,0,0.794,10,2.893,312,224,2959.1,-0.00056,24.568
8970.0,1,0,0.794,10,2.893,312,224,2959.1,-0.00056,24.588
8971.0,1,0,0.794,10,2.893,312,224,2959.1,-0.00056,24.607
8972.0,1,0,0.794,10,2.893,312,224,2959.1,-0.00056,24.627
8973.0,1,0,0.794,10,2.893,312,224,2959.1,-0.00056,24.646
8974.0,1,0,0.794,10,2.893,312,224,2959.1,-0.00056,24.652
8975.0,1,0,0.794,10,2.893,312,224,2959.1,-0.00056,24.652
8976.0,1,0,0.794,10,2.893,312,224,2959.1,-0.00056,24.652
8977.0,1,0,0.794,10,2.893,312,224,2959.1,-0.00056,24.631
8978.0,1,0,0.794,10,2.893,312,224,2959.1,-0.00056,24.611
8979.0,1,0,0.794,10,2.893,312,224,2959.1,-0.00056,24.61
8980.0,1,0,0.794,10,2.893,312,224,2959.1,-0.00056,24.629
8981.0,1,0,0.794,10,2.893,312,224,2959.1,-0.00056,24.649
8982.0,1,0,0.794,10,2.893,312,224,2959.1,-0.00056,24.668
8983.0,1,0,0.794,10,2.893,312,224,2959.1,-0.00056,24.688
8984.0,1,1,0.794,10,2.893,312,224,2959.1,-0.00217,24.688
8985.0,1,1,0.794,10,2.893,312,224,2959.1,-0.00217,24.688
8986.0,1,1,0.794,10,2.893,312,224,2959.1,-0.00217,24.688
8987.0,1,1,0.794,10,2.893,312,224,2959.1,-0.00217,24.688
8988.0,1,1,0.794,10,2.893,312,224,2959.1,-0.00217,24.688
8989.0,1,1,0.794,10,2.893,312,224,2959.1,-0.00217,24.688
8990.0,1,1,0.794,10,2.893,312,224,2959.1,-0.00217,24.688
8991.0,1,1,0.794,10,2.893,312,224,2959.1,-0.00217,24.688
8992.0,1,1,0.794,10,2.893,312,224,2959.1,-0.00217,24.688
8993.0,1,1,0.794,10,2.893,312,224,2959.1,-0.00217,24.688
8994.0,1,1,0.794,10,2.893,312,224,2959.1,-0.00217,24.688
8995.0,1,1,0.794,10,2.893,312,224,2959.1,-0.00217,24.688
8996.0,1,1,0.794,10,2.893,312,224,2959.1,-0.00217,24.688
8997.0,1,1,0.794,10,2.893,312,224,2959.1,-0.00217,24.688
8998.0,1,1,0.794,10,2.893,312,224,2959.1,-0.00217,24.688
8999.0,1,1,0.794,10,2.893,312,224,2959.1,-0.00217,24.688
9000.0,1,1,0.794,10,2.893,312,224,2959.1,-0.00217,24.688
9001.0,1,1,0.794,10,2.893,312,224,2959.1,-0.00217,24.688
9002.0,1,1,0.794,10,2.893,312,224,2959.1,-0.00217,24.688
9003.0,1,1,0.794,10,2.893,312,224,2959.1,-0.00217,24.688
9004.0,1,1,0.794,10,2.893,312,224,2959.1,-0.00217,24.688
9005.0,1,1,0.794,10,2.893,312,224,2959.1,-0.00217,24.688
9006.0,1,1,0.794,10,2.893,312,224,2959.1,-0.00217,24.688
9007.0,1,1,0.794,10,2.893,312,224,2959.1,-0.00217,24.688
9008.0,1,1,0.794,10,2.893,312,224,2959.1,-0.00217,24.688
9009.0,1,1,0.794,10,2.893,312,224,2959.1,-0.00217,24.688
9010.0,1,1,0.794,10,2.893,312,224,2959.1,-0.00217,24.688
9011.0,1,1,0.794,10,2.893,312,224,2959.1,-0.00217,24.688
9012.0,1,1,0.794,10,2.893,312,224,2959.1,-0.00217,24.688
9013.0,10,0,0.881,10,2.893,313,224,2985.2,-0.00217,24.261
9014.0,10,0,0.881,10,2.893,313,224,2985.2,-0.00217,24.279
9015.0,10,0,0.881,10,2.892,313,225,2985.2,-0.00217,24.388
9016.0,10,1,0.881,10,2.892,313,225,2985.2,-0.00217,24.388
9017.0,10,1,0.881,10,2.892,313,225,2985.2,-0.00217,24.388
9018.0,10,1,0.881,10,2.892,313,225,2985.2,-0.00217,24.388
9019.0,10,1,0.881,10,2.892,313,225,2985.2,-0.00217,24.388
9020.0,10,1,0.881,10,2.892,313,225,2985.2,-0.00217,24.388
9021.0,10,1,0.881,10,2.892,313,225,2985.2,-0.00217,24.388
9022.0,10,1,0.881,10,2.892,313,225,2985.2,-0.00217,24.388
9023.0,10,1,0.881,10,2.892,313,225,2985.2,-0.00217,24.388
9024.0,10,1,0.881,10,2.892,313,225,2985.2,-0.00217,24.388
9025.0,10,1,0.881,10,2.892,313,225,2985.2,-0.00217,24.388
9026.0,10,1,0.881,10,2.892,313,225,2985.2,-0.00217,24.388
9027.0,10,1,0.881,10,2.892,313,225,2985.2,-0.00217,24.388
9028.0,10,1,0.881,10,2.892,313,225,2985.2,-0.00217,24.388
9029.0,10,1,0.881,10,2.892,313,225,2985.2,-0.00217,24.388
9030.0,10,1,0.881,10,2.892,313,225,2985.2,-0.00217,24.388
9031.0,10,1,0.881,10,2.892,313,225,2985.2,-0.00217,24.388
9032.0,10,1,0.881,10,2.892,313,225,2985.2,-0.00217,24.388
9033.0,10,1,0.881,10,2.892,313,225,2985.2,-0.00217,24.388
9034.0,10,1,0.881,10,2.892,313,225,2985.2,-0.00217,24.388
9035.0,10,1,0.881,10,2.892,313,225,2985.2,-0.00217,24.388
9036.0,10,1,0.881,10,2.892,313,225,2985.2,-0.00217,24.388
9037.0,10,1,0.881,10,2.892,313,225,2985.2,-0.00217,24.388
9038.0,10,1,0.881,10,2.892,313,225,2985.2,-0.00217,24.388
9039.0,10,1,0.881,10,2.892,313,225,2985.2,-0.00217,24.388
9040.0,10,1,0.881,10,2.892,313,225,2985.2,-0.00217,24.388
9041.0,10,1,0.881,10,2.892,313,225,2985.2,-0.00217,24.388
9042.0,10,1,0.881,10,2.892,313,225,2985.2,-0.00217,24.388
9043.0,2,0,0.515,10,2.892,314,225,3008.3,-0.00217,24.89
9044.0,2,0,0.515,10,2.892,314,225,3008.3,-0.00217,24.89
9045.0,2,1,0.515,10,2.892,314,225,3008.3,-0.00217,24.89
9046.0,2,1,0.515,10,2.892,314,225,3008.3,-0.00217,24.89
9047.0,2,1,0.515,10,2.892,314,225,3008.3,-0.00217,24.89
9048.0,2,1,0.515,10,2.892,314,225,3008.3,-0.00217,24.89
9049.0,2,1,0.515,10,2.892,314,225,3008.3,-0.00217,24.89
9050.0,2,1,0.515,10,2.892,314,225,3008.3,-0.00217,24.89
9051.0,2,1,0.515,10,2.892,314,225,3008.3,-0.00217,24.89
9052.0,2,1,0.515,10,2.892,314,225,3008.3,-0.00217,24.89
9053.0,2,1,0.515,10,2.892,314,225,3008.3,-0.00217,24.89
9054.0,2,1,0.515,10,2.892,314,225,3008.3,-0.00217,24.89
9055.0,2,1,0.515,10,2.892,314,225,3008.3,-0.00217,24.89
9056.0,2,1,0.515,10,2.892,314,225,3008.3,-0.00217,24.89
9057.0,2,1,0.515,10,2.892,314,225,3008.3,-0.00217,24.89
9058.0,4,0,0.643,10,2.892,315,225,3014.1,-0.00217,24.551
9059.0,4,0,0.643,10,2.892,315,225,3014.1,-0.00217,24.568
9060.0,4,0,0.643,10,2.879,315,226,3014.1,-0.00144,24.665
9061.0,4,1,0.643,10,2.879,315,226,3014.1,-0.00144,24.665
9062.0,4,1,0.643,10,2.879,315,226,3014.1,-0.00144,24.665
9063.0,4,0,1.0,10,2.879,315,226,3014.1,-0.00144,24.837
9064.0,4,0,1.0,10,2.879,315,226,3014.1,-0.00144,24.837
9065.0,4,0,1.0,10,2.879,315,226,3014.1,-0.00144,24.856
9066.0,4,0,1.0,10,2.879,315,226,3014.1,-0.00144,24.858
9067.0,4,0,1.0,10,2.879,315,226,3014.1,-0.00144,24.877
9068.0,4,0,1.0,10,2.879,315,226,3014.1,-0.00144,24.895
9069.0,4,0,1.0,10,2.879,315,226,3014.1,-0.00144,24.914
9070.0,4,0,1.0,10,2.879,315,226,3014.1,-0.00144,24.932
9071.0,4,0,1.0,10,2.879,315,226,3014.1,-0.00144,24.951
9072.0,4,0,1.0,10,2.879,315,226,3014.1,-0.00144,24.969
9073.0,4,0,1.0,10,2.879,315,226,3014.1,-0.00144,24.988
9074.0,4,0,1.0,10,2.879,315,226,3014.1,-0.00144,25.007
9075.0,4,0,1.0,10,2.879,315,226,3014.1,-0.00144,25.025
9076.0,4,0,1.0,10,2.879,315,226,3014.1,-0.00144,25.044
9077.0,4,0,1.0,10,2.879,315,226,3014.1,-0.00144,25.062
9078.0,4,0,1.0,10,2.879,315,226,3014.1,-0.00144,25.081
9079.0,4,0,1.0,10,2.879,315,226,3014.1,-0.00144,25.099
9080.0,4,0,1.0,10,2.879,315,226,3014.1,-0.00144,25.118
9081.0,4,0,1.0,10,2.879,315,226,3014.1,-0.00144,25.136
9082.0,4,0,1.0,10,2.879,315,226,3014.1,-0.00144,25.155
9083.0,4,0,1.0,10,2.879,315,226,3014.1,-0.00144,25.174
9084.0,4,0,1.0,10,2.879,315,226,3014.1,-0.00144,25.192
9085.0,4,0,1.0,10,2.879,315,226,3014.1,-0.00144,25.211
9086.0,4,0,1.0,10,2.879,315,226,3014.1,-0.00144,25.229
9087.0,4,1,1.0,10,2.879,315,226,3014.1,-0.00144,25.229
9088.0,4,1,1.0,10,2.879,315,226,3014.1,-0.00144,25.229
9089.0,4,1,1.0,10,2.879,315,226,3014.1,-0.00144,25.229
9090.0,4,1,1.0,10,2.879,315,226,3014.1,-0.00144,25.229
9091.0,4,1,1.0,10,2.879,315,226,3014.1,-0.00144,25.229
9092.0,4,1,1.0,10,2.879,315,226,3014.1,-0.00144,25.229
9093.0,4,1,1.0,10,2.879,315,226,3014.1,-0.00144,25.229
9094.0,4,1,1.0,10,2.879,315,226,3014.1,-0.00144,25.229
9095.0,4,1,1.0,10,2.879,315,226,3014.1,-0.00144,25.229
9096.0,4,1,1.0,10,2.879,315,226,3014.1,-0.00144,25.229
9097.0,5,0,0.739,10,2.879,316,226,3017.0,-0.00144,24.447
9098.0,5,0,0.739,10,2.879,316,226,3017.0,-0.00144,24.465
9099.0,5,0,0.739,10,2.861,316,227,3017.0,-0.00144,24.66
9100.0,5,0,0.739,10,2.861,316,227,3017.0,-0.00144,24.678
9101.0,5,0,0.739,10,2.861,316,227,3017.0,-0.00144,24.697
9102.0,5,0,0.739,10,2.861,316,227,3017.0,-0.00144,24.715
9103.0,5,0,0.739,10,2.861,316,227,3017.0,-0.00144,24.722
9104.0,5,0,0.739,10,2.861,316,227,3017.0,-0.00144,24.722
9105.0,5,1,0.739,10,2.861,316,227,3017.0,-0.00144,24.722
9106.0,5,1,0.739,10,2.861,316,227,3017.0,-0.00144,24.722
9107.0,5,1,0.739,10,2.861,316,227,3017.0,-0.00144,24.722
9108.0,5,1,0.739,10,2.861,316,227,3017.0,-0.00144,24.722
9109.0,5,1,0.739,10,2.861,316,227,3017.0,-0.00144,24.722
9110.0,5,1,0.739,10,2.861,316,227,3017.0,-0.00144,24.722
9111.0,5,1,0.739,10,2.861,316,227,3017.0,-0.00144,24.722
9112.0,5,1,0.739,10,2.861,316,227,3017.0,-0.00144,24.722
9113.0,5,1,0.739,10,2.861,316,227,3017.0,-0.00144,24.722
9114.0,5,1,0.739,10,2.861,316,227,3017.0,-0.00144,24.722
9115.0,5,1,0.739,10,2.861,316,227,3017.0,-0.00144,24.722
9116.0,5,1,0.739,10,2.861,316,227,3017.0,-0.00144,24.722
9117.0,5,1,0.739,10,2.861,316,227,3017.0,-0.00144,24.722
9118.0,5,1,0.739,10,2.861,316,227,3017.0,-0.00144,24.722
9119.0,5,1,0.739,10,2.861,316,227,3017.0,-0.00144,24.722
9120.0,5,1,0.739,10,2.861,316,227,3017.0,-0.00144,24.722
9121.0,5,1,0.739,10,2.861,316,227,3017.0,-0.00144,24.722
9122.0,5,1,0.739,10,2.861,316,227,3017.0,-0.00144,24.722
9123.0,1,0,0.834,10,2.861,317,227,3028.4,-0.00144,25.215
9124.0,1,1,0.834,10,2.861,317,227,3028.4,-0.00144,25.215
9125.0,1,1,0.834,10,2.861,317,227,3028.4,-0.00144,25.215
9126.0,1,0,1.0,10,2.861,317,227,3028.4,-0.00144,25.111
9127.0,1,1,1.0,10,2.861,317,227,3028.4,-0.00144,25.111
9128.0,1,1,1.0,10,2.861,317,227,3028.4,-0.00144,25.111
9129.0,1,1,1.0,10,2.861,317,227,3028.4,-0.00144,25.111
9130.0,1,1,1.0,10,2.861,317,227,3028.4,-0.00144,25.111
9131.0,1,1,1.0,10,2.861,317,227,3028.4,-0.00144,25.111
9132.0,1,1,1.0,10,2.861,317,227,3028.4,-0.00144,25.111
9133.0,1,1,1.0,10,2.861,317,227,3028.4,-0.00144,25.111
9134.0,1,1,1.0,10,2.861,317,227,3028.4,-0.00144,25.111
9135.0,1,1,1.0,10,2.861,317,227,3028.4,-0.00144,25.111
9136.0,1,1,1.0,10,2.861,317,227,3028.4,-0.00144,25.111
9137.0,1,1,1.0,10,2.861,317,227,3028.4,-0.00144,25.111
9138.0,1,1,1.0,10,2.861,317,227,3028.4,-0.00144,25.111
9139.0,1,1,1.0,10,2.861,317,227,3028.4,-0.00144,25.111
9140.0,1,1,1.0,10,2.861,317,227,3028.4,-0.00144,25.111
9141.0,1,1,1.0,10,2.861,317,227,3028.4,-0.00144,25.111
9142.0,1,1,1.0,10,2.861,317,227,3028.4,-0.00144,25.111
9143.0,1,1,1.0,10,2.861,317,227,3028.4,-0.00144,25.111
9144.0,1,1,1.0,10,2.861,317,227,3028.4,-0.00144,25.111
9145.0,1,1,1.0,10,2.861,317,227,3028.4,-0.00144,25.111
9146.0,1,1,1.0,10,2.861,317,227,3028.4,-0.00144,25.111
9147.0,1,1,1.0,10,2.861,317,227,3028.4,-0.00144,25.111
9148.0,1,1,1.0,10,2.861,317,227,3028.4,-0.00144,25.111
9149.0,1,1,1.0,10,2.861,317,227,3028.4,-0.00144,25.111
9150.0,1,1,1.0,10,2.861,317,227,3028.4,-0.00144,25.111
9151.0,1,1,1.0,10,2.861,317,227,3028.4,-0.00144,25.111
9152.0,1,1,1.0,10,2.861,317,227,3028.4,-0.00144,25.111
9153.0,1,1,1.0,10,2.861,317,227,3028.4,-0.00144,25.111
9154.0,1,1,1.0,10,2.861,317,227,3028.4,-0.00144,25.111
9155.0,1,1,1.0,10,2.861,317,227,3028.4,-0.00144,25.111
9156.0,1,1,1.0,10,2.861,317,227,3028.4,-0.00144,25.111
9157.0,1,1,1.0,10,2.861,317,227,3028.4,-0.00144,25.111
9158.0,1,1,1.0,10,2.861,317,227,3028.4,-0.00144,25.111
9159.0,1,1,1.0,10,2.861,317,227,3028.4,-0.00144,25.111
9160.0,1,1,1.0,10,2.861,317,227,3028.4,-0.00144,25.111
9161.0,1,1,1.0,10,2.861,317,227,3028.4,-0.00144,25.111
9162.0,1,1,1.0,10,2.861,317,227,3028.4,-0.00144,25.111
9163.0,6,0,0.643,10,2.861,318,227,3042.7,-0.00144,25.172
9164.0,6,0,0.643,10,2.861,318,227,3042.7,-0.00144,25.191
9165.0,6,0,0.643,10,2.866,318,228,3042.7,-0.00144,25.181
9166.0,6,0,0.643,10,2.866,318,228,3042.7,-0.00144,25.2
9167.0,6,0,0.643,10,2.866,318,228,3042.7,-0.00144,25.218
9168.0,6,1,0.643,10,2.866,318,228,3042.7,-0.00144,25.218
9169.0,6,1,0.643,10,2.866,318,228,3042.7,-0.00144,25.218
9170.0,6,1,0.643,10,2.866,318,228,3042.7,-0.00144,25.218
9171.0,6,1,0.643,10,2.866,318,228,3042.7,-0.00144,25.218
9172.0,6,1,0.643,10,2.866,318,228,3042.7,-0.00144,25.218
9173.0,6,1,0.643,10,2.866,318,228,3042.7,-0.00144,25.218
9174.0,6,1,0.643,10,2.866,318,228,3042.7,-0.00144,25.218
9175.0,6,1,0.643,10,2.866,318,228,3042.7,-0.00144,25.218
9176.0,6,1,0.643,10,2.866,318,228,3042.7,-0.00144,25.218
9177.0,6,1,0.643,10,2.866,318,228,3042.7,-0.00144,25.218
9178.0,6,1,0.643,10,2.866,318,228,3042.7,-0.00144,25.218
9179.0,6,1,0.643,10,2.866,318,228,3042.7,-0.00144,25.218
9180.0,6,1,0.643,10,2.866,318,228,3042.7,-0.00144,25.218
9181.0,6,1,0.643,10,2.866,318,228,3042.7,-0.00144,25.218
9182.0,6,1,0.643,10,2.866,318,228,3042.7,-0.00144,25.218
9183.0,6,1,0.643,10,2.866,318,228,3042.7,-0.00144,25.218
9184.0,6,1,0.643,10,2.866,318,228,3042.7,-0.00144,25.218
9185.0,6,1,0.643,10,2.866,318,228,3042.7,-0.00144,25.218
9186.0,6,1,0.643,10,2.866,318,228,3042.7,-0.00144,25.218
9187.0,6,1,0.643,10,2.866,318,228,3042.7,-0.00144,25.218
9188.0,6,1,0.643,10,2.866,318,228,3042.7,-0.00144,25.218
9189.0,6,1,0.643,10,2.866,318,228,3042.7,-0.00144,25.218
9190.0,2,0,0.925,10,2.866,319,228,3054.2,-0.00144,25.203
9191.0,2,0,0.925,10,2.866,319,228,3054.2,-0.00144,25.203
9192.0,2,0,0.925,10,2.867,319,229,3054.2,-0.00144,25.199
9193.0,2,0,0.925,10,2.867,319,229,3054.2,-0.00144,25.199
9194.0,2,0,0.925,10,2.867,319,229,3054.2,-0.00144,25.178
9195.0,2,0,0.925,10,2.867,319,229,3054.2,-0.00144,25.156
9196.0,2,0,0.925,10,2.867,319,229,3054.2,-0.00144,25.135
9197.0,2,0,0.925,10,2.867,319,229,3054.2,-0.00144,25.113
9198.0,2,1,0.925,10,2.867,319,229,3054.2,-0.00144,25.113
9199.0,2,1,0.925,10,2.867,319,229,3054.2,-0.00144,25.113
9200.0,2,1,0.925,10,2.867,319,229,3054.2,-0.00144,25.113
9201.0,2,1,0.925,10,2.867,319,229,3054.2,-0.00144,25.113
9202.0,2,1,0.925,10,2.867,319,229,3054.2,-0.00144,25.113
9203.0,2,1,0.925,10,2.867,319,229,3054.2,-0.00144,25.113
9204.0,2,1,0.925,10,2.867,319,229,3054.2,-0.00144,25.113
9205.0,2,1,0.925,10,2.867,319,229,3054.2,-0.00144,25.113
9206.0,2,1,0.925,10,2.867,319,229,3054.2,-0.00144,25.113
9207.0,2,1,0.925,10,2.867,319,229,3054.2,-0.00144,25.113
9208.0,2,1,0.925,10,2.867,319,229,3054.2,-0.00144,25.113
9209.0,2,1,0.925,10,2.867,319,229,3054.2,-0.00144,25.113
9210.0,2,1,0.925,10,2.867,319,229,3054.2,-0.00144,25.113
9211.0,2,1,0.925,10,2.867,319,229,3054.2,-0.00144,25.113
9212.0,2,1,0.925,10,2.867,319,229,3054.2,-0.00144,25.113
9213.0,2,1,0.925,10,2.867,319,229,3054.2,-0.00144,25.113
9214.0,2,1,0.925,10,2.867,319,229,3054.2,-0.00144,25.113
9215.0,2,1,0.925,10,2.867,319,229,3054.2,-0.00144,25.113
9216.0,2,1,0.925,10,2.867,319,229,3054.2,-0.00144,25.113
9217.0,2,1,0.925,10,2.867,319,229,3054.2,-0.00144,25.113
9218.0,2,1,0.925,10,2.867,319,229,3054.2,-0.00144,25.113
9219.0,2,1,0.925,10,2.867,319,229,3054.2,-0.00144,25.113
9220.0,2,1,0.925,10,2.867,319,229,3054.2,-0.00144,25.113
9221.0,2,1,0.925,10,2.867,319,229,3054.2,-0.00144,25.113
9222.0,2,1,0.925,10,2.867,319,229,3054.2,-0.00144,25.113
9223.0,2,1,0.925,10,2.867,319,229,3054.2,-0.00144,25.113
9224.0,2,1,0.925,10,2.867,319,229,3054.2,-0.00144,25.113
9225.0,2,1,0.925,10,2.867,319,229,3054.2,-0.00144,25.113
9226.0,2,1,0.925,10,2.867,319,229,3054.2,-0.00144,25.113
9227.0,2,1,0.925,10,2.867,319,229,3054.2,-0.00144,25.113
9228.0,2,1,0.925,10,2.867,319,229,3054.2,-0.00144,25.113
9229.0,2,1,0.925,10,2.867,319,229,3054.2,-0.00144,25.113
9230.0,2,1,0.925,10,2.867,319,229,3054.2,-0.00144,25.113
9231.0,2,1,0.925,10,2.867,319,229,3054.2,-0.00144,25.113
9232.0,2,1,0.925,10,2.867,319,229,3054.2,-0.00144,25.113
9233.0,2,1,0.925,10,2.867,319,229,3054.2,-0.00144,25.113
9234.0,2,1,0.925,10,2.867,319,229,3054.2,-0.00144,25.113
9235.0,2,1,0.925,10,2.867,319,229,3054.2,-0.00144,25.113
9236.0,2,1,0.925,10,2.867,319,229,3054.2,-0.00144,25.113
9237.0,2,1,0.925,10,2.867,319,229,3054.2,-0.00144,25.113
9238.0,2,1,0.925,10,2.867,319,229,3054.2,-0.00144,25.113
9239.0,2,1,0.925,10,2.867,319,229,3054.2,-0.00144,25.113
9240.0,2,1,0.925,10,2.867,319,229,3054.2,-0.00144,25.113
9241.0,2,1,0.925,10,2.867,319,229,3054.2,-0.00144,25.113
9242.0,2,1,0.925,10,2.867,319,229,3054.2,-0.00144,25.113
9243.0,2,1,0.925,10,2.867,319,229,3054.2,-0.00144,25.113
9244.0,2,1,0.925,10,2.867,319,229,3054.2,-0.00144,25.113
9245.0,2,1,0.925,10,2.867,319,229,3054.2,-0.00144,25.113
9246.0,1,0,0.997,10,2.867,320,229,3057.0,-0.00144,25.319
9247.0,1,0,0.997,10,2.867,320,229,3057.0,-0.00144,25.298
9248.0,1,0,0.997,10,2.867,320,230,3057.0,-6e-05,25.278
9249.0,1,0,0.997,10,2.867,320,230,3057.0,-6e-05,25.258
9250.0,1,0,0.997,10,2.867,320,230,3057.0,-6e-05,25.238
9251.0,1,0,0.997,10,2.867,320,230,3057.0,-6e-05,25.218
9252.0,1,0,0.997,10,2.867,320,230,3057.0,-6e-05,25.198
9253.0,1,0,0.997,10,2.867,320,230,3057.0,-6e-05,25.178
9254.0,1,0,0.997,10,2.867,320,230,3057.0,-6e-05,25.173
9255.0,1,0,0.997,10,2.867,320,230,3057.0,-6e-05,25.153
9256.0,1,0,0.997,10,2.867,320,230,3057.0,-6e-05,25.152
9257.0,1,0,0.997,10,2.867,320,230,3057.0,-6e-05,25.132
9258.0,1,0,0.997,10,2.867,320,230,3057.0,-6e-05,25.152
9259.0,1,0,0.997,10,2.867,320,230,3057.0,-6e-05,25.152
9260.0,1,1,0.997,10,2.867,320,230,3057.0,-6e-05,25.152
9261.0,1,1,0.997,10,2.867,320,230,3057.0,-6e-05,25.152
9262.0,1,1,0.997,10,2.867,320,230,3057.0,-6e-05,25.152
9263.0,1,1,0.997,10,2.867,320,230,3057.0,-6e-05,25.152
9264.0,1,1,0.997,10,2.867,320,230,3057.0,-6e-05,25.152
9265.0,1,1,0.997,10,2.867,320,230,3057.0,-6e-05,25.152
9266.0,1,1,0.997,10,2.867,320,230,3057.0,-6e-05,25.152
9267.0,1,1,0.997,10,2.867,320,230,3057.0,-6e-05,25.152
9268.0,1,1,0.997,10,2.867,320,230,3057.0,-6e-05,25.152
9269.0,1,1,0.997,10,2.867,320,230,3057.0,-6e-05,25.152
9270.0,1,1,0.997,10,2.867,320,230,3057.0,-6e-05,25.152
9271.0,1,1,0.997,10,2.867,320,230,3057.0,-6e-05,25.152
9272.0,1,1,0.997,10,2.867,320,230,3057.0,-6e-05,25.152
9273.0,1,1,0.997,10,2.867,320,230,3057.0,-6e-05,25.152
9274.0,2,0,0.772,10,2.867,321,230,3059.9,-6e-05,25.268
9275.0,2,0,0.772,10,2.867,321,230,3059.9,-6e-05,25.288
9276.0,2,0,0.772,10,2.884,321,231,3059.9,-6e-05,25.279
9277.0,2,0,0.772,10,2.884,321,231,3059.9,-6e-05,25.281
9278.0,2,1,0.772,10,2.884,321,231,3059.9,-6e-05,25.281
9279.0,2,1,0.772,10,2.884,321,231,3059.9,-6e-05,25.281
9280.0,2,1,0.772,10,2.884,321,231,3059.9,-6e-05,25.281
9281.0,2,1,0.772,10,2.884,321,231,3059.9,-6e-05,25.281
9282.0,2,1,0.772,10,2.884,321,231,3059.9,-6e-05,25.281
9283.0,2,1,0.772,10,2.884,321,231,3059.9,-6e-05,25.281
9284.0,2,1,0.772,10,2.884,321,231,3059.9,-6e-05,25.281
9285.0,2,1,0.772,10,2.884,321,231,3059.9,-6e-05,25.281
9286.0,2,1,0.772,10,2.884,321,231,3059.9,-6e-05,25.281
9287.0,2,1,0.772,10,2.884,321,231,3059.9,-6e-05,25.281
9288.0,2,1,0.772,10,2.884,321,231,3059.9,-6e-05,25.281
9289.0,2,1,0.772,10,2.884,321,231,3059.9,-6e-05,25.281
9290.0,2,1,0.772,10,2.884,321,231,3059.9,-6e-05,25.281
9291.0,2,1,0.772,10,2.884,321,231,3059.9,-6e-05,25.281
9292.0,2,1,0.772,10,2.884,321,231,3059.9,-6e-05,25.281
9293.0,2,1,0.772,10,2.884,321,231,3059.9,-6e-05,25.281
9294.0,2,1,0.772,10,2.884,321,231,3059.9,-6e-05,25.281
9295.0,2,1,0.772,10,2.884,321,231,3059.9,-6e-05,25.281
9296.0,2,1,0.772,10,2.884,321,231,3059.9,-6e-05,25.281
9297.0,2,1,0.772,10,2.884,321,231,3059.9,-6e-05,25.281
9298.0,2,1,0.772,10,2.884,321,231,3059.9,-6e-05,25.281
9299.0,2,1,0.772,10,2.884,321,231,3059.9,-6e-05,25.281
9300.0,2,1,0.772,10,2.884,321,231,3059.9,-6e-05,25.281
9301.0,2,1,0.772,10,2.884,321,231,3059.9,-6e-05,25.281
9302.0,2,1,0.772,10,2.884,321,231,3059.9,-6e-05,25.281
9303.0,10,0,0.601,10,2.884,322,231,3083.0,-6e-05,24.808
9304.0,10,0,0.601,10,2.884,322,231,3083.0,-6e-05,24.813
9305.0,10,0,0.601,10,2.88,322,232,3083.0,0.0,24.936
9306.0,10,0,0.601,10,2.88,322,232,3083.0,0.0,24.941
9307.0,10,0,0.601,10,2.88,322,232,3083.0,0.0,24.946
9308.0,10,0,0.601,10,2.88,322,232,3083.0,0.0,24.951
9309.0,10,0,0.601,10,2.88,322,232,3083.0,0.0,24.956
9310.0,10,0,0.601,10,2.88,322,232,3083.0,0.0,24.961
9311.0,10,0,0.601,10,2.88,322,232,3083.0,0.0,24.966
9312.0,10,0,0.601,10,2.88,322,232,3083.0,0.0,24.971
9313.0,10,0,0.601,10,2.88,322,232,3083.0,0.0,24.976
9314.0,10,0,0.601,10,2.88,322,232,3083.0,0.0,24.982
9315.0,10,0,0.601,10,2.88,322,232,3083.0,0.0,24.987
9316.0,10,0,0.601,10,2.88,322,232,3083.0,0.0,24.992
9317.0,10,0,0.601,10,2.88,322,232,3083.0,0.0,24.997
9318.0,10,0,0.601,10,2.88,322,232,3083.0,0.0,25.002
9319.0,10,0,0.601,10,2.88,322,232,3083.0,0.0,25.007
9320.0,10,0,0.601,10,2.88,322,232,3083.0,0.0,25.012
9321.0,10,0,0.601,10,2.88,322,232,3083.0,0.0,25.017
9322.0,10,0,0.601,10,2.88,322,232,3083.0,0.0,25.022
9323.0,10,0,0.601,10,2.88,322,232,3083.0,0.0,25.027
9324.0,10,0,0.601,10,2.88,322,232,3083.0,0.0,25.033
9325.0,10,0,0.601,10,2.88,322,232,3083.0,0.0,25.038
9326.0,10,0,0.601,10,2.88,322,232,3083.0,0.0,25.043
9327.0,10,0,0.601,10,2.88,322,232,3083.0,0.0,25.048
9328.0,10,0,0.601,10,2.88,322,232,3083.0,0.0,25.053
9329.0,10,0,0.601,10,2.88,322,232,3083.0,0.0,25.058
9330.0,10,0,0.601,10,2.88,322,232,3083.0,0.0,25.063
9331.0,10,0,0.601,10,2.88,322,232,3083.0,0.0,25.068
9332.0,10,0,0.601,10,2.88,322,232,3083.0,0.0,25.073
9333.0,10,0,0.601,10,2.88,322,232,3083.0,0.0,25.078
9334.0,10,0,0.601,10,2.88,322,232,3083.0,0.0,25.084
9335.0,10,0,0.601,10,2.88,322,232,3083.0,0.0,25.089
9336.0,10,0,0.601,10,2.88,322,232,3083.0,0.0,25.094
9337.0,10,0,0.601,10,2.88,322,232,3083.0,0.0,25.099
9338.0,10,0,0.601,10,2.88,322,232,3083.0,0.0,25.104
9339.0,10,0,0.601,10,2.88,322,232,3083.0,0.0,25.109
9340.0,10,0,0.601,10,2.88,322,232,3083.0,0.0,25.114
9341.0,10,0,0.601,10,2.88,322,232,3083.0,0.0,25.119
9342.0,10,0,0.601,10,2.88,322,232,3083.0,0.0,25.124
9343.0,10,0,0.601,10,2.88,322,232,3083.0,0.0,25.124
9344.0,10,0,0.601,10,2.88,322,232,3083.0,0.0,25.124
9345.0,10,0,0.601,10,2.88,322,232,3083.0,0.0,25.104
9346.0,10,0,0.601,10,2.88,322,232,3083.0,0.0,25.103
9347.0,10,0,0.601,10,2.88,322,232,3083.0,0.0,25.103
9348.0,10,1,0.601,10,2.88,322,232,3083.0,0.00124,25.103
9349.0,10,1,0.601,10,2.88,322,232,3083.0,0.00124,25.103
9350.0,10,1,0.601,10,2.88,322,232,3083.0,0.00124,25.103
9351.0,10,1,0.601,10,2.88,322,232,3083.0,0.00124,25.103
9352.0,10,1,0.601,10,2.88,322,232,3083.0,0.00124,25.103
9353.0,10,1,0.601,10,2.88,322,232,3083.0,0.00124,25.103
9354.0,10,1,0.601,10,2.88,322,232,3083.0,0.00124,25.103
9355.0,10,1,0.601,10,2.88,322,232,3083.0,0.00124,25.103
9356.0,10,1,0.601,10,2.88,322,232,3083.0,0.00124,25.103
9357.0,10,1,0.601,10,2.88,322,232,3083.0,0.00124,25.103
9358.0,10,1,0.601,10,2.88,322,232,3083.0,0.00124,25.103
9359.0,10,1,0.601,10,2.88,322,232,3083.0,0.00124,25.103
9360.0,10,1,0.601,10,2.88,322,232,3083.0,0.00124,25.103
9361.0,10,1,0.601,10,2.88,322,232,3083.0,0.00124,25.103
9362.0,10,1,0.601,10,2.88,322,232,3083.0,0.00124,25.103
9363.0,10,1,0.601,10,2.88,322,232,3083.0,0.00124,25.103
9364.0,10,1,0.601,10,2.88,322,232,3083.0,0.00124,25.103
9365.0,10,1,0.601,10,2.88,322,232,3083.0,0.00124,25.103
9366.0,6,0,0.695,10,2.88,323,232,3094.5,0.00124,25.338
9367.0,6,0,0.695,10,2.88,323,232,3094.5,0.00124,25.338
9368.0,6,1,0.695,10,2.88,323,232,3094.5,0.00124,25.338
9369.0,6,1,0.695,10,2.88,323,232,3094.5,0.00124,25.338
9370.0,6,1,0.695,10,2.88,323,232,3094.5,0.00124,25.338
9371.0,6,1,0.695,10,2.88,323,232,3094.5,0.00124,25.338
9372.0,6,1,0.695,10,2.88,323,232,3094.5,0.00124,25.338
9373.0,6,1,0.695,10,2.88,323,232,3094.5,0.00124,25.338
9374.0,6,1,0.695,10,2.88,323,232,3094.5,0.00124,25.338
9375.0,6,1,0.695,10,2.88,323,232,3094.5,0.00124,25.338
9376.0,6,1,0.695,10,2.88,323,232,3094.5,0.00124,25.338
9377.0,6,1,0.695,10,2.88,323,232,3094.5,0.00124,25.338
9378.0,6,1,0.695,10,2.88,323,232,3094.5,0.00124,25.338
9379.0,6,1,0.695,10,2.88,323,232,3094.5,0.00124,25.338
9380.0,6,1,0.695,10,2.88,323,232,3094.5,0.00124,25.338
9381.0,5,0,0.842,10,2.88,324,232,3097.4,0.00124,25.251
9382.0,5,0,0.842,10,2.88,324,232,3097.4,0.00124,25.251
9383.0,5,0,0.842,10,2.891,324,233,3097.4,0.00112,25.258
9384.0,5,0,0.842,10,2.891,324,233,3097.4,0.00112,25.239
9385.0,5,0,0.842,10,2.891,324,233,3097.4,0.00112,25.22
9386.0,5,0,0.842,10,2.891,324,233,3097.4,0.00112,25.201
9387.0,5,0,0.842,10,2.891,324,233,3097.4,0.00112,25.182
9388.0,5,0,0.842,10,2.891,324,233,3097.4,0.00112,25.163
9389.0,5,0,0.842,10,2.891,324,233,3097.4,0.00112,25.144
9390.0,5,1,0.842,10,2.891,324,233,3097.4,0.00112,25.144
9391.0,5,1,0.842,10,2.891,324,233,3097.4,0.00112,25.144
9392.0,5,1,0.842,10,2.891,324,233,3097.4,0.00112,25.144
9393.0,5,1,0.842,10,2.891,324,233,3097.4,0.00112,25.144
9394.0,5,1,0.842,10,2.891,324,233,3097.4,0.00112,25.144
9395.0,5,1,0.842,10,2.891,324,233,3097.4,0.00112,25.144
9396.0,5,1,0.842,10,2.891,324,233,3097.4,0.00112,25.144
9397.0,5,1,0.842,10,2.891,324,233,3097.4,0.00112,25.144
9398.0,5,1,0.842,10,2.891,324,233,3097.4,0.00112,25.144
9399.0,5,1,0.842,10,2.891,324,233,3097.4,0.00112,25.144
9400.0,5,1,0.842,10,2.891,324,233,3097.4,0.00112,25.144
9401.0,5,1,0.842,10,2.891,324,233,3097.4,0.00112,25.144
9402.0,5,1,0.842,10,2.891,324,233,3097.4,0.00112,25.144
9403.0,5,1,0.842,10,2.891,324,233,3097.4,0.00112,25.144
9404.0,5,1,0.842,10,2.891,324,233,3097.4,0.00112,25.144
9405.0,5,1,0.842,10,2.891,324,233,3097.4,0.00112,25.144
9406.0,5,1,0.842,10,2.891,324,233,3097.4,0.00112,25.144
9407.0,5,1,0.842,10,2.891,324,233,3097.4,0.00112,25.144
9408.0,5,1,0.842,10,2.891,324,233,3097.4,0.00112,25.144
9409.0,5,1,0.842,10,2.891,324,233,3097.4,0.00112,25.144
9410.0,5,1,0.842,10,2.891,324,233,3097.4,0.00112,25.144
9411.0,5,1,0.842,10,2.891,324,233,3097.4,0.00112,25.144
9412.0,5,1,0.842,10,2.891,324,233,3097.4,0.00112,25.144
9413.0,5,1,0.842,10,2.891,324,233,3097.4,0.00112,25.144
9414.0,5,1,0.842,10,2.891,324,233,3097.4,0.00112,25.144
9415.0,5,1,0.842,10,2.891,324,233,3097.4,0.00112,25.144
9416.0,5,1,0.842,10,2.891,324,233,3097.4,0.00112,25.144
9417.0,5,1,0.842,10,2.891,324,233,3097.4,0.00112,25.144
9418.0,5,1,0.842,10,2.891,324,233,3097.4,0.00112,25.144
9419.0,5,1,0.842,10,2.891,324,233,3097.4,0.00112,25.144
9420.0,5,1,0.842,10,2.891,324,233,3097.4,0.00112,25.144
9421.0,5,1,0.842,10,2.891,324,233,3097.4,0.00112,25.144
9422.0,5,1,0.842,10,2.891,324,233,3097.4,0.00112,25.144
9423.0,5,1,0.842,10,2.891,324,233,3097.4,0.00112,25.144
9424.0,5,1,0.842,10,2.891,324,233,3097.4,0.00112,25.144
9425.0,5,1,0.842,10,2.891,324,233,3097.4,0.00112,25.144
9426.0,5,1,0.842,10,2.891,324,233,3097.4,0.00112,25.144
9427.0,5,1,0.842,10,2.891,324,233,3097.4,0.00112,25.144
9428.0,5,1,0.842,10,2.891,324,233,3097.4,0.00112,25.144
9429.0,5,1,0.842,10,2.891,324,233,3097.4,0.00112,25.144
9430.0,5,1,0.842,10,2.891,324,233,3097.4,0.00112,25.144
9431.0,5,1,0.842,10,2.891,324,233,3097.4,0.00112,25.144
9432.0,5,1,0.842,10,2.891,324,233,3097.4,0.00112,25.144
9433.0,5,1,0.842,10,2.891,324,233,3097.4,0.00112,25.144
9434.0,5,1,0.842,10,2.891,324,233,3097.4,0.00112,25.144
9435.0,5,1,0.842,10,2.891,324,233,3097.4,0.00112,25.144
9436.0,5,1,0.842,10,2.891,324,233,3097.4,0.00112,25.144
9437.0,5,1,0.842,10,2.891,324,233,3097.4,0.00112,25.144
9438.0,5,1,0.842,10,2.891,324,233,3097.4,0.00112,25.144
9439.0,5,1,0.842,10,2.891,324,233,3097.4,0.00112,25.144
9440.0,5,1,0.842,10,2.891,324,233,3097.4,0.00112,25.144
9441.0,5,1,0.842,10,2.891,324,233,3097.4,0.00112,25.144
9442.0,5,1,0.842,10,2.891,324,233,3097.4,0.00112,25.144
9443.0,5,1,0.842,10,2.891,324,233,3097.4,0.00112,25.144
9444.0,5,1,0.842,10,2.891,324,233,3097.4,0.00112,25.144
9445.0,5,1,0.842,10,2.891,324,233,3097.4,0.00112,25.144
9446.0,5,1,0.842,10,2.891,324,233,3097.4,0.00112,25.144
9447.0,5,1,0.842,10,2.891,324,233,3097.4,0.00112,25.144
9448.0,5,1,0.842,10,2.891,324,233,3097.4,0.00112,25.144
9449.0,5,1,0.842,10,2.891,324,233,3097.4,0.00112,25.144
9450.0,5,1,0.842,10,2.891,324,233,3097.4,0.00112,25.144
9451.0,5,1,0.842,10,2.891,324,233,3097.4,0.00112,25.144
9452.0,5,1,0.842,10,2.891,324,233,3097.4,0.00112,25.144
9453.0,5,1,0.842,10,2.891,324,233,3097.4,0.00112,25.144
9454.0,5,1,0.842,10,2.891,324,233,3097.4,0.00112,25.144
9455.0,10,0,0.8,10,2.891,325,233,3111.8,0.00112,25.062
9456.0,10,0,0.8,10,2.891,325,233,3111.8,0.00112,25.083
9457.0,10,0,0.8,10,2.888,325,234,3111.8,0.0012,25.121
9458.0,10,0,0.8,10,2.888,325,234,3111.8,0.0012,25.121
9459.0,10,0,0.8,10,2.888,325,234,3111.8,0.0012,25.121
9460.0,10,1,0.8,10,2.888,325,234,3111.8,0.0012,25.121
9461.0,10,1,0.8,10,2.888,325,234,3111.8,0.0012,25.121
9462.0,10,1,0.8,10,2.888,325,234,3111.8,0.0012,25.121
9463.0,10,1,0.8,10,2.888,325,234,3111.8,0.0012,25.121
9464.0,10,1,0.8,10,2.888,325,234,3111.8,0.0012,25.121
9465.0,10,1,0.8,10,2.888,325,234,3111.8,0.0012,25.121
9466.0,10,1,0.8,10,2.888,325,234,3111.8,0.0012,25.121
9467.0,10,1,0.8,10,2.888,325,234,3111.8,0.0012,25.121
9468.0,10,1,0.8,10,2.888,325,234,3111.8,0.0012,25.121
9469.0,10,1,0.8,10,2.888,325,234,3111.8,0.0012,25.121
9470.0,10,1,0.8,10,2.888,325,234,3111.8,0.0012,25.121
9471.0,10,1,0.8,10,2.888,325,234,3111.8,0.0012,25.121
9472.0,10,1,0.8,10,2.888,325,234,3111.8,0.0012,25.121
9473.0,10,1,0.8,10,2.888,325,234,3111.8,0.0012,25.121
9474.0,10,1,0.8,10,2.888,325,234,3111.8,0.0012,25.121
9475.0,10,1,0.8,10,2.888,325,234,3111.8,0.0012,25.121
9476.0,10,1,0.8,10,2.888,325,234,3111.8,0.0012,25.121
9477.0,10,1,0.8,10,2.888,325,234,3111.8,0.0012,25.121
9478.0,10,1,0.8,10,2.888,325,234,3111.8,0.0012,25.121
9479.0,10,1,0.8,10,2.888,325,234,3111.8,0.0012,25.121
9480.0,10,1,0.8,10,2.888,325,234,3111.8,0.0012,25.121
9481.0,10,1,0.8,10,2.888,325,234,3111.8,0.0012,25.121
9482.0,10,1,0.8,10,2.888,325,234,3111.8,0.0012,25.121
9483.0,10,1,0.8,10,2.888,325,234,3111.8,0.0012,25.121
9484.0,10,1,0.8,10,2.888,325,234,3111.8,0.0012,25.121
9485.0,10,1,0.8,10,2.888,325,234,3111.8,0.0012,25.121
9486.0,10,1,0.8,10,2.888,325,234,3111.8,0.0012,25.121
9487.0,2,0,0.748,10,2.888,326,234,3134.9,0.0012,25.218
9488.0,2,0,0.748,10,2.888,326,234,3134.9,0.0012,25.218
9489.0,2,0,0.748,10,2.886,326,235,3134.9,0.00112,25.202
9490.0,2,0,0.748,10,2.886,326,235,3134.9,0.00112,25.202
9491.0,2,0,0.748,10,2.886,326,235,3134.9,0.00112,25.223
9492.0,2,0,0.748,10,2.886,326,235,3134.9,0.00112,25.223
9493.0,2,0,0.748,10,2.886,326,235,3134.9,0.00112,25.223
9494.0,2,0,0.748,10,2.886,326,235,3134.9,0.00112,25.223
9495.0,2,1,0.748,10,2.886,326,235,3134.9,0.00112,25.223
9496.0,2,1,0.748,10,2.886,326,235,3134.9,0.00112,25.223
9497.0,2,1,0.748,10,2.886,326,235,3134.9,0.00112,25.223
9498.0,2,1,0.748,10,2.886,326,235,3134.9,0.00112,25.223
9499.0,2,1,0.748,10,2.886,326,235,3134.9,0.00112,25.223
9500.0,2,1,0.748,10,2.886,326,235,3134.9,0.00112,25.223
9501.0,2,1,0.748,10,2.886,326,235,3134.9,0.00112,25.223
9502.0,2,1,0.748,10,2.886,326,235,3134.9,0.00112,25.223
9503.0,2,1,0.748,10,2.886,326,235,3134.9,0.00112,25.223
9504.0,2,1,0.748,10,2.886,326,235,3134.9,0.00112,25.223
9505.0,2,1,0.748,10,2.886,326,235,3134.9,0.00112,25.223
9506.0,2,1,0.748,10,2.886,326,235,3134.9,0.00112,25.223
9507.0,1,0,0.966,10,2.886,327,235,3137.8,0.00112,25.424
9508.0,1,0,0.966,10,2.886,327,235,3137.8,0.00112,25.405
9509.0,1,0,0.966,10,2.889,327,236,3137.8,0.00045,25.385
9510.0,1,0,0.966,10,2.889,327,236,3137.8,0.00045,25.366
9511.0,1,0,0.966,10,2.889,327,236,3137.8,0.00045,25.346
9512.0,1,0,0.966,10,2.889,327,236,3137.8,0.00045,25.327
9513.0,1,1,0.966,10,2.889,327,236,3137.8,0.00045,25.327
9514.0,1,1,0.966,10,2.889,327,236,3137.8,0.00045,25.327
9515.0,1,1,0.966,10,2.889,327,236,3137.8,0.00045,25.327
9516.0,1,1,0.966,10,2.889,327,236,3137.8,0.00045,25.327
9517.0,1,1,0.966,10,2.889,327,236,3137.8,0.00045,25.327
9518.0,1,1,0.966,10,2.889,327,236,3137.8,0.00045,25.327
9519.0,1,1,0.966,10,2.889,327,236,3137.8,0.00045,25.327
9520.0,1,1,0.966,10,2.889,327,236,3137.8,0.00045,25.327
9521.0,1,1,0.966,10,2.889,327,236,3137.8,0.00045,25.327
9522.0,1,1,0.966,10,2.889,327,236,3137.8,0.00045,25.327
9523.0,1,1,0.966,10,2.889,327,236,3137.8,0.00045,25.327
9524.0,1,1,0.966,10,2.889,327,236,3137.8,0.00045,25.327
9525.0,1,1,0.966,10,2.889,327,236,3137.8,0.00045,25.327
9526.0,1,1,0.966,10,2.889,327,236,3137.8,0.00045,25.327
9527.0,1,1,0.966,10,2.889,327,236,3137.8,0.00045,25.327
9528.0,1,1,0.966,10,2.889,327,236,3137.8,0.00045,25.327
9529.0,1,1,0.966,10,2.889,327,236,3137.8,0.00045,25.327
9530.0,4,0,0.756,10,2.889,328,236,3146.5,0.00045,25.12
9531.0,4,1,0.756,10,2.889,328,236,3146.5,0.00045,25.12
9532.0,4,1,0.756,10,2.889,328,236,3146.5,0.00045,25.12
9533.0,4,0,1.0,10,2.889,328,236,3146.5,0.00045,25.329
9534.0,4,0,1.0,10,2.889,328,236,3146.5,0.00045,25.349
9535.0,4,0,1.0,10,2.889,328,236,3146.5,0.00045,25.37
9536.0,4,0,1.0,10,2.889,328,236,3146.5,0.00045,25.39
9537.0,4,0,1.0,10,2.889,328,236,3146.5,0.00045,25.41
9538.0,4,0,1.0,10,2.889,328,236,3146.5,0.00045,25.431
9539.0,4,0,1.0,10,2.889,328,236,3146.5,0.00045,25.451
9540.0,4,0,1.0,10,2.889,328,236,3146.5,0.00045,25.454
9541.0,4,0,1.0,10,2.889,328,236,3146.5,0.00045,25.474
9542.0,4,0,1.0,10,2.889,328,236,3146.5,0.00045,25.495
9543.0,4,0,1.0,10,2.889,328,236,3146.5,0.00045,25.515
9544.0,4,0,1.0,10,2.889,328,236,3146.5,0.00045,25.536
9545.0,4,0,1.0,10,2.889,328,236,3146.5,0.00045,25.556
9546.0,4,0,1.0,10,2.889,328,236,3146.5,0.00045,25.558
9547.0,4,0,1.0,10,2.889,328,236,3146.5,0.00045,25.558
9548.0,4,0,1.0,10,2.889,328,236,3146.5,0.00045,25.558
9549.0,4,0,1.0,10,2.889,328,236,3146.5,0.00045,25.579
9550.0,4,0,1.0,10,2.889,328,236,3146.5,0.00045,25.579
9551.0,4,0,1.0,10,2.889,328,236,3146.5,0.00045,25.579
9552.0,4,0,1.0,10,2.889,328,236,3146.5,0.00045,25.579
9553.0,4,0,1.0,10,2.889,328,236,3146.5,0.00045,25.56
9554.0,4,0,1.0,10,2.889,328,236,3146.5,0.00045,25.54
9555.0,4,0,1.0,10,2.889,328,236,3146.5,0.00045,25.521
9556.0,4,0,1.0,10,2.889,328,236,3146.5,0.00045,25.517
9557.0,4,0,1.0,10,2.889,328,236,3146.5,0.00045,25.517
9558.0,4,0,1.0,10,2.889,328,236,3146.5,0.00045,25.517
9559.0,4,0,1.0,10,2.889,328,236,3146.5,0.00045,25.517
9560.0,4,0,1.0,10,2.889,328,236,3146.5,0.00045,25.537
9561.0,4,0,1.0,10,2.889,328,236,3146.5,0.00045,25.537
9562.0,4,0,1.0,10,2.889,328,236,3146.5,0.00045,25.558
9563.0,4,0,1.0,10,2.889,328,236,3146.5,0.00045,25.578
9564.0,4,0,1.0,10,2.889,328,236,3146.5,0.00045,25.599
9565.0,4,0,1.0,10,2.889,328,236,3146.5,0.00045,25.6
9566.0,4,0,1.0,10,2.889,328,236,3146.5,0.00045,25.581
9567.0,4,0,1.0,10,2.889,328,236,3146.5,0.00045,25.579
9568.0,4,0,1.0,10,2.889,328,236,3146.5,0.00045,25.579
9569.0,4,0,1.0,10,2.889,328,236,3146.5,0.00045,25.579
9570.0,4,0,1.0,10,2.889,328,236,3146.5,0.00045,25.579
9571.0,4,0,1.0,10,2.889,328,236,3146.5,0.00045,25.6
9572.0,4,0,1.0,10,2.889,328,236,3146.5,0.00045,25.62
9573.0,4,0,1.0,10,2.889,328,236,3146.5,0.00045,25.641
9574.0,4,0,1.0,10,2.889,328,236,3146.5,0.00045,25.661
9575.0,4,0,1.0,10,2.889,328,236,3146.5,0.00045,25.642
9576.0,4,0,1.0,10,2.889,328,236,3146.5,0.00045,25.622
9577.0,4,0,1.0,10,2.889,328,236,3146.5,0.00045,25.602
9578.0,4,0,1.0,10,2.889,328,236,3146.5,0.00045,25.583
9579.0,4,0,1.0,10,2.889,328,236,3146.5,0.00045,25.579
9580.0,4,0,1.0,10,2.889,328,236,3146.5,0.00045,25.56
9581.0,4,0,1.0,10,2.889,328,236,3146.5,0.00045,25.558
9582.0,4,0,1.0,10,2.889,328,236,3146.5,0.00045,25.539
9583.0,4,0,1.0,10,2.889,328,236,3146.5,0.00045,25.519
9584.0,4,0,1.0,10,2.889,328,236,3146.5,0.00045,25.537
9585.0,4,0,1.0,10,2.889,328,236,3146.5,0.00045,25.537
9586.0,4,0,1.0,10,2.889,328,236,3146.5,0.00045,25.518
9587.0,4,0,1.0,10,2.889,328,236,3146.5,0.00045,25.498
9588.0,4,0,1.0,10,2.889,328,236,3146.5,0.00045,25.479
9589.0,4,0,1.0,10,2.889,328,236,3146.5,0.00045,25.459
9590.0,4,0,1.0,10,2.889,328,236,3146.5,0.00045,25.44
9591.0,4,0,1.0,10,2.889,328,236,3146.5,0.00045,25.454
9592.0,4,0,1.0,10,2.889,328,236,3146.5,0.00045,25.454
9593.0,4,1,1.0,10,2.889,328,236,3146.5,0.0009,25.454
9594.0,4,0,1.0,10,2.889,328,236,3146.5,0.0009,25.579
9595.0,4,0,1.0,10,2.889,328,236,3146.5,0.0009,25.6
9596.0,4,0,1.0,10,2.889,328,236,3146.5,0.0009,25.6
9597.0,4,0,1.0,10,2.889,328,236,3146.5,0.0009,25.621
9598.0,4,0,1.0,10,2.889,328,236,3146.5,0.0009,25.642
9599.0,4,0,1.0,10,2.889,328,236,3146.5,0.0009,25.663
9600.0,4,0,1.0,10,2.889,328,236,3146.5,0.0009,25.663
9601.0,4,0,1.0,10,2.889,328,236,3146.5,0.0009,25.644
9602.0,4,0,1.0,10,2.889,328,236,3146.5,0.0009,25.642
9603.0,4,0,1.0,10,2.889,328,236,3146.5,0.0009,25.623
9604.0,4,0,1.0,10,2.889,328,236,3146.5,0.0009,25.604
9605.0,4,0,1.0,10,2.889,328,236,3146.5,0.0009,25.585
9606.0,4,0,1.0,10,2.889,328,236,3146.5,0.0009,25.565
9607.0,4,0,1.0,10,2.889,328,236,3146.5,0.0009,25.546
9608.0,4,0,1.0,10,2.889,328,236,3146.5,0.0009,25.527
9609.0,4,1,1.0,10,2.889,328,236,3146.5,0.0009,25.527
9610.0,4,1,1.0,10,2.889,328,236,3146.5,0.0009,25.527
9611.0,4,1,1.0,10,2.889,328,236,3146.5,0.0009,25.527
9612.0,4,1,1.0,10,2.889,328,236,3146.5,0.0009,25.527
9613.0,4,1,1.0,10,2.889,328,236,3146.5,0.0009,25.527
9614.0,4,1,1.0,10,2.889,328,236,3146.5,0.0009,25.527
9615.0,4,1,1.0,10,2.889,328,236,3146.5,0.0009,25.527
9616.0,4,1,1.0,10,2.889,328,236,3146.5,0.0009,25.527
9617.0,4,1,1.0,10,2.889,328,236,3146.5,0.0009,25.527
9618.0,4,1,1.0,10,2.889,328,236,3146.5,0.0009,25.527
9619.0,4,1,1.0,10,2.889,328,236,3146.5,0.0009,25.527
9620.0,4,1,1.0,10,2.889,328,236,3146.5,0.0009,25.527
9621.0,4,1,1.0,10,2.889,328,236,3146.5,0.0009,25.527
9622.0,4,1,1.0,10,2.889,328,236,3146.5,0.0009,25.527
9623.0,4,1,1.0,10,2.889,328,236,3146.5,0.0009,25.527
9624.0,4,1,1.0,10,2.889,328,236,3146.5,0.0009,25.527
9625.0,4,1,1.0,10,2.889,328,236,3146.5,0.0009,25.527
9626.0,4,1,1.0,10,2.889,328,236,3146.5,0.0009,25.527
9627.0,7,0,0.944,10,2.889,329,236,3155.2,0.0009,25.178
9628.0,7,0,0.944,10,2.889,329,236,3155.2,0.0009,25.199
9629.0,7,0,0.944,10,2.89,329,237,3155.2,0.0009,25.311
9630.0,7,1,0.944,10,2.89,329,237,3155.2,0.0009,25.311
9631.0,7,1,0.944,10,2.89,329,237,3155.2,0.0009,25.311
9632.0,7,1,0.944,10,2.89,329,237,3155.2,0.0009,25.311
9633.0,7,1,0.944,10,2.89,329,237,3155.2,0.0009,25.311
9634.0,7,1,0.944,10,2.89,329,237,3155.2,0.0009,25.311
9635.0,7,1,0.944,10,2.89,329,237,3155.2,0.0009,25.311
9636.0,7,1,0.944,10,2.89,329,237,3155.2,0.0009,25.311
9637.0,7,1,0.944,10,2.89,329,237,3155.2,0.0009,25.311
9638.0,7,1,0.944,10,2.89,329,237,3155.2,0.0009,25.311
9639.0,7,1,0.944,10,2.89,329,237,3155.2,0.0009,25.311
9640.0,7,1,0.944,10,2.89,329,237,3155.2,0.0009,25.311
9641.0,7,1,0.944,10,2.89,329,237,3155.2,0.0009,25.311
9642.0,7,1,0.944,10,2.89,329,237,3155.2,0.0009,25.311
9643.0,7,1,0.944,10,2.89,329,237,3155.2,0.0009,25.311
9644.0,7,1,0.944,10,2.89,329,237,3155.2,0.0009,25.311
9645.0,7,1,0.944,10,2.89,329,237,3155.2,0.0009,25.311
9646.0,7,1,0.944,10,2.89,329,237,3155.2,0.0009,25.311
9647.0,7,1,0.944,10,2.89,329,237,3155.2,0.0009,25.311
9648.0,7,1,0.944,10,2.89,329,237,3155.2,0.0009,25.311
9649.0,7,1,0.944,10,2.89,329,237,3155.2,0.0009,25.311
9650.0,7,1,0.944,10,2.89,329,237,3155.2,0.0009,25.311
9651.0,7,1,0.944,10,2.89,329,237,3155.2,0.0009,25.311
9652.0,7,1,0.944,10,2.89,329,237,3155.2,0.0009,25.311
9653.0,1,0,0.977,10,2.89,330,237,3172.5,0.0009,25.507
9654.0,1,0,0.977,10,2.89,330,237,3172.5,0.0009,25.488
9655.0,1,0,0.977,10,2.89,330,238,3172.5,0.00029,25.486
9656.0,1,0,0.977,10,2.89,330,238,3172.5,0.00029,25.467
9657.0,1,0,0.977,10,2.89,330,238,3172.5,0.00029,25.447
9658.0,1,0,0.977,10,2.89,330,238,3172.5,0.00029,25.427
9659.0,1,1,0.977,10,2.89,330,238,3172.5,0.00029,25.427
9660.0,1,0,1.0,10,2.89,330,238,3172.5,0.00029,25.278
9661.0,1,0,1.0,10,2.89,330,238,3172.5,0.00029,25.258
9662.0,1,0,1.0,10,2.89,330,238,3172.5,0.00029,25.257
9663.0,1,0,1.0,10,2.89,330,238,3172.5,0.00029,25.237
9664.0,1,0,1.0,10,2.89,330,238,3172.5,0.00029,25.236
9665.0,1,0,1.0,10,2.89,330,238,3172.5,0.00029,25.236
9666.0,1,0,1.0,10,2.89,330,238,3172.5,0.00029,25.236
9667.0,1,0,1.0,10,2.89,330,238,3172.5,0.00029,25.236
9668.0,1,0,1.0,10,2.89,330,238,3172.5,0.00029,25.256
9669.0,1,0,1.0,10,2.89,330,238,3172.5,0.00029,25.276
9670.0,1,0,1.0,10,2.89,330,238,3172.5,0.00029,25.297
9671.0,1,0,1.0,10,2.89,330,238,3172.5,0.00029,25.317
9672.0,1,0,1.0,10,2.89,330,238,3172.5,0.00029,25.337
9673.0,1,0,1.0,10,2.89,330,238,3172.5,0.00029,25.34
9674.0,1,0,1.0,10,2.89,330,238,3172.5,0.00029,25.36
9675.0,1,0,1.0,10,2.89,330,238,3172.5,0.00029,25.341
9676.0,1,0,1.0,10,2.89,330,238,3172.5,0.00029,25.34
9677.0,1,0,1.0,10,2.89,330,238,3172.5,0.00029,25.34
9678.0,1,0,1.0,10,2.89,330,238,3172.5,0.00029,25.32
9679.0,1,0,1.0,10,2.89,330,238,3172.5,0.00029,25.301
9680.0,1,0,1.0,10,2.89,330,238,3172.5,0.00029,25.298
9681.0,1,0,1.0,10,2.89,330,238,3172.5,0.00029,25.298
9682.0,1,0,1.0,10,2.89,330,238,3172.5,0.00029,25.319
9683.0,1,0,1.0,10,2.89,330,238,3172.5,0.00029,25.339
9684.0,1,0,1.0,10,2.89,330,238,3172.5,0.00029,25.359
9685.0,1,0,1.0,10,2.89,330,238,3172.5,0.00029,25.38
9686.0,1,0,1.0,10,2.89,330,238,3172.5,0.00029,25.382
9687.0,1,0,1.0,10,2.89,330,238,3172.5,0.00029,25.402
9688.0,1,0,1.0,10,2.89,330,238,3172.5,0.00029,25.403
9689.0,1,0,1.0,10,2.89,330,238,3172.5,0.00029,25.403
9690.0,1,0,1.0,10,2.89,330,238,3172.5,0.00029,25.403
9691.0,1,0,1.0,10,2.89,330,238,3172.5,0.00029,25.403
9692.0,1,0,1.0,10,2.89,330,238,3172.5,0.00029,25.403
9693.0,1,0,1.0,10,2.89,330,238,3172.5,0.00029,25.383
9694.0,1,0,1.0,10,2.89,330,238,3172.5,0.00029,25.382
9695.0,1,0,1.0,10,2.89,330,238,3172.5,0.00029,25.382
9696.0,1,0,1.0,10,2.89,330,238,3172.5,0.00029,25.362
9697.0,1,0,1.0,10,2.89,330,238,3172.5,0.00029,25.361
9698.0,1,0,1.0,10,2.89,330,238,3172.5,0.00029,25.361
9699.0,1,0,1.0,10,2.89,330,238,3172.5,0.00029,25.361
9700.0,1,0,1.0,10,2.89,330,238,3172.5,0.00029,25.361
9701.0,1,0,1.0,10,2.89,330,238,3172.5,0.00029,25.381
9702.0,1,0,1.0,10,2.89,330,238,3172.5,0.00029,25.382
9703.0,1,0,1.0,10,2.89,330,238,3172.5,0.00029,25.382
9704.0,1,0,1.0,10,2.89,330,238,3172.5,0.00029,25.382
9705.0,1,0,1.0,10,2.89,330,238,3172.5,0.00029,25.382
9706.0,1,0,1.0,10,2.89,330,238,3172.5,0.00029,25.382
9707.0,1,0,1.0,10,2.89,330,238,3172.5,0.00029,25.382
9708.0,1,1,1.0,10,2.89,330,238,3172.5,0.00057,25.382
9709.0,1,1,1.0,10,2.89,330,238,3172.5,0.00057,25.382
9710.0,1,1,1.0,10,2.89,330,238,3172.5,0.00057,25.382
9711.0,1,1,1.0,10,2.89,330,238,3172.5,0.00057,25.382
9712.0,1,1,1.0,10,2.89,330,238,3172.5,0.00057,25.382
9713.0,1,1,1.0,10,2.89,330,238,3172.5,0.00057,25.382
9714.0,1,1,1.0,10,2.89,330,238,3172.5,0.00057,25.382
9715.0,1,1,1.0,10,2.89,330,238,3172.5,0.00057,25.382
9716.0,1,1,1.0,10,2.89,330,238,3172.5,0.00057,25.382
9717.0,1,1,1.0,10,2.89,330,238,3172.5,0.00057,25.382
9718.0,1,1,1.0,10,2.89,330,238,3172.5,0.00057,25.382
9719.0,1,1,1.0,10,2.89,330,238,3172.5,0.00057,25.382
9720.0,1,1,1.0,10,2.89,330,238,3172.5,0.00057,25.382
9721.0,1,1,1.0,10,2.89,330,238,3172.5,0.00057,25.382
9722.0,1,1,1.0,10,2.89,330,238,3172.5,0.00057,25.382
9723.0,1,1,1.0,10,2.89,330,238,3172.5,0.00057,25.382
9724.0,1,1,1.0,10,2.89,330,238,3172.5,0.00057,25.382
9725.0,1,1,1.0,10,2.89,330,238,3172.5,0.00057,25.382
9726.0,1,1,1.0,10,2.89,330,238,3172.5,0.00057,25.382
9727.0,1,1,1.0,10,2.89,330,238,3172.5,0.00057,25.382
9728.0,1,1,1.0,10,2.89,330,238,3172.5,0.00057,25.382
9729.0,6,0,0.917,10,2.89,331,238,3187.0,0.00057,25.157
9730.0,6,0,0.917,10,2.89,331,238,3187.0,0.00057,25.178
9731.0,6,1,0.917,10,2.89,331,238,3187.0,0.00057,25.178
9732.0,6,1,0.917,10,2.89,331,238,3187.0,0.00057,25.178
9733.0,6,1,0.917,10,2.89,331,238,3187.0,0.00057,25.178
9734.0,6,1,0.917,10,2.89,331,238,3187.0,0.00057,25.178
9735.0,6,1,0.917,10,2.89,331,238,3187.0,0.00057,25.178
9736.0,6,1,0.917,10,2.89,331,238,3187.0,0.00057,25.178
9737.0,6,1,0.917,10,2.89,331,238,3187.0,0.00057,25.178
9738.0,6,1,0.917,10,2.89,331,238,3187.0,0.00057,25.178
9739.0,6,1,0.917,10,2.89,331,238,3187.0,0.00057,25.178
9740.0,6,1,0.917,10,2.89,331,238,3187.0,0.00057,25.178
9741.0,6,1,0.917,10,2.89,331,238,3187.0,0.00057,25.178
9742.0,6,1,0.917,10,2.89,331,238,3187.0,0.00057,25.178
9743.0,6,1,0.917,10,2.89,331,238,3187.0,0.00057,25.178
9744.0,6,1,0.917,10,2.89,331,238,3187.0,0.00057,25.178
9745.0,6,1,0.917,10,2.89,331,238,3187.0,0.00057,25.178
9746.0,6,1,0.917,10,2.89,331,238,3187.0,0.00057,25.178
9747.0,6,1,0.917,10,2.89,331,238,3187.0,0.00057,25.178
9748.0,4,0,0.866,10,2.89,332,238,3192.7,0.00057,25.686
9749.0,4,0,0.866,10,2.89,332,238,3192.7,0.00057,25.666
9750.0,4,0,0.866,10,2.885,332,239,3192.7,0.00029,25.522
9751.0,4,1,0.866,10,2.885,332,239,3192.7,0.00029,25.522
9752.0,4,1,0.866,10,2.885,332,239,3192.7,0.00029,25.522
9753.0,4,1,0.866,10,2.885,332,239,3192.7,0.00029,25.522
9754.0,4,1,0.866,10,2.885,332,239,3192.7,0.00029,25.522
9755.0,4,1,0.866,10,2.885,332,239,3192.7,0.00029,25.522
9756.0,4,1,0.866,10,2.885,332,239,3192.7,0.00029,25.522
9757.0,4,1,0.866,10,2.885,332,239,3192.7,0.00029,25.522
9758.0,4,1,0.866,10,2.885,332,239,3192.7,0.00029,25.522
9759.0,4,1,0.866,10,2.885,332,239,3192.7,0.00029,25.522
9760.0,4,1,0.866,10,2.885,332,239,3192.7,0.00029,25.522
9761.0,4,1,0.866,10,2.885,332,239,3192.7,0.00029,25.522
9762.0,4,1,0.866,10,2.885,332,239,3192.7,0.00029,25.522
9763.0,4,1,0.866,10,2.885,332,239,3192.7,0.00029,25.522
9764.0,4,1,0.866,10,2.885,332,239,3192.7,0.00029,25.522
9765.0,4,1,0.866,10,2.885,332,239,3192.7,0.00029,25.522
9766.0,4,1,0.866,10,2.885,332,239,3192.7,0.00029,25.522
9767.0,4,1,0.866,10,2.885,332,239,3192.7,0.00029,25.522
9768.0,4,1,0.866,10,2.885,332,239,3192.7,0.00029,25.522
9769.0,1,0,0.99,10,2.885,333,239,3201.4,0.00029,25.465
9770.0,1,0,0.99,10,2.885,333,239,3201.4,0.00029,25.465
9771.0,1,1,0.99,10,2.885,333,239,3201.4,0.00029,25.465
9772.0,1,1,0.99,10,2.885,333,239,3201.4,0.00029,25.465
9773.0,1,1,0.99,10,2.885,333,239,3201.4,0.00029,25.465
9774.0,1,1,0.99,10,2.885,333,239,3201.4,0.00029,25.465
9775.0,1,1,0.99,10,2.885,333,239,3201.4,0.00029,25.465
9776.0,1,1,0.99,10,2.885,333,239,3201.4,0.00029,25.465
9777.0,1,1,0.99,10,2.885,333,239,3201.4,0.00029,25.465
9778.0,1,1,0.99,10,2.885,333,239,3201.4,0.00029,25.465
9779.0,1,1,0.99,10,2.885,333,239,3201.4,0.00029,25.465
9780.0,1,1,0.99,10,2.885,333,239,3201.4,0.00029,25.465
9781.0,1,1,0.99,10,2.885,333,239,3201.4,0.00029,25.465
9782.0,1,1,0.99,10,2.885,333,239,3201.4,0.00029,25.465
9783.0,1,1,0.99,10,2.885,333,239,3201.4,0.00029,25.465
9784.0,2,0,0.849,10,2.885,334,239,3204.3,0.00029,25.105
9785.0,2,0,0.849,10,2.885,334,239,3204.3,0.00029,25.125
9786.0,2,0,0.849,10,2.874,334,240,3204.3,0.00016,25.196
9787.0,2,0,0.849,10,2.874,334,240,3204.3,0.00016,25.196
9788.0,2,0,0.849,10,2.874,334,240,3204.3,0.00016,25.176
9789.0,2,1,0.849,10,2.874,334,240,3204.3,0.00016,25.176
9790.0,2,1,0.849,10,2.874,334,240,3204.3,0.00016,25.176
9791.0,2,1,0.849,10,2.874,334,240,3204.3,0.00016,25.176
9792.0,2,1,0.849,10,2.874,334,240,3204.3,0.00016,25.176
9793.0,2,1,0.849,10,2.874,334,240,3204.3,0.00016,25.176
9794.0,2,1,0.849,10,2.874,334,240,3204.3,0.00016,25.176
9795.0,2,1,0.849,10,2.874,334,240,3204.3,0.00016,25.176
9796.0,2,1,0.849,10,2.874,334,240,3204.3,0.00016,25.176
9797.0,2,1,0.849,10,2.874,334,240,3204.3,0.00016,25.176
9798.0,2,1,0.849,10,2.874,334,240,3204.3,0.00016,25.176
9799.0,2,1,0.849,10,2.874,334,240,3204.3,0.00016,25.176
9800.0,2,1,0.849,10,2.874,334,240,3204.3,0.00016,25.176
9801.0,2,1,0.849,10,2.874,334,240,3204.3,0.00016,25.176
9802.0,2,1,0.849,10,2.874,334,240,3204.3,0.00016,25.176
9803.0,2,1,0.849,10,2.874,334,240,3204.3,0.00016,25.176
9804.0,2,1,0.849,10,2.874,334,240,3204.3,0.00016,25.176
9805.0,4,0,0.919,10,2.874,335,240,3210.0,0.00016,25.144
9806.0,4,0,0.919,10,2.874,335,240,3210.0,0.00016,25.144
9807.0,4,1,0.919,10,2.874,335,240,3210.0,0.00016,25.144
9808.0,4,1,0.919,10,2.874,335,240,3210.0,0.00016,25.144
9809.0,4,1,0.919,10,2.874,335,240,3210.0,0.00016,25.144
9810.0,4,1,0.919,10,2.874,335,240,3210.0,0.00016,25.144
9811.0,4,1,0.919,10,2.874,335,240,3210.0,0.00016,25.144
9812.0,4,1,0.919,10,2.874,335,240,3210.0,0.00016,25.144
9813.0,4,1,0.919,10,2.874,335,240,3210.0,0.00016,25.144
9814.0,4,1,0.919,10,2.874,335,240,3210.0,0.00016,25.144
9815.0,4,1,0.919,10,2.874,335,240,3210.0,0.00016,25.144
9816.0,4,1,0.919,10,2.874,335,240,3210.0,0.00016,25.144
9817.0,4,1,0.919,10,2.874,335,240,3210.0,0.00016,25.144
9818.0,4,1,0.919,10,2.874,335,240,3210.0,0.00016,25.144
9819.0,4,1,0.919,10,2.874,335,240,3210.0,0.00016,25.144
9820.0,4,1,0.919,10,2.874,335,240,3210.0,0.00016,25.144
9821.0,4,1,0.919,10,2.874,335,240,3210.0,0.00016,25.144
9822.0,4,1,0.919,10,2.874,335,240,3210.0,0.00016,25.144
9823.0,4,1,0.919,10,2.874,335,240,3210.0,0.00016,25.144
9824.0,4,1,0.919,10,2.874,335,240,3210.0,0.00016,25.144
9825.0,4,1,0.919,10,2.874,335,240,3210.0,0.00016,25.144
9826.0,4,1,0.919,10,2.874,335,240,3210.0,0.00016,25.144
9827.0,4,1,0.919,10,2.874,335,240,3210.0,0.00016,25.144
9828.0,4,1,0.919,10,2.874,335,240,3210.0,0.00016,25.144
9829.0,4,1,0.919,10,2.874,335,240,3210.0,0.00016,25.144
9830.0,4,1,0.919,10,2.874,335,240,3210.0,0.00016,25.144
9831.0,4,1,0.919,10,2.874,335,240,3210.0,0.00016,25.144
9832.0,4,1,0.919,10,2.874,335,240,3210.0,0.00016,25.144
9833.0,4,1,0.919,10,2.874,335,240,3210.0,0.00016,25.144
9834.0,4,1,0.919,10,2.874,335,240,3210.0,0.00016,25.144
9835.0,4,1,0.919,10,2.874,335,240,3210.0,0.00016,25.144
9836.0,4,1,0.919,10,2.874,335,240,3210.0,0.00016,25.144
9837.0,4,1,0.919,10,2.874,335,240,3210.0,0.00016,25.144
9838.0,4,1,0.919,10,2.874,335,240,3210.0,0.00016,25.144
9839.0,4,1,0.919,10,2.874,335,240,3210.0,0.00016,25.144
9840.0,4,1,0.919,10,2.874,335,240,3210.0,0.00016,25.144
9841.0,4,1,0.919,10,2.874,335,240,3210.0,0.00016,25.144
9842.0,4,1,0.919,10,2.874,335,240,3210.0,0.00016,25.144
9843.0,4,1,0.919,10,2.874,335,240,3210.0,0.00016,25.144
9844.0,4,1,0.919,10,2.874,335,240,3210.0,0.00016,25.144
9845.0,4,1,0.919,10,2.874,335,240,3210.0,0.00016,25.144
9846.0,4,1,0.919,10,2.874,335,240,3210.0,0.00016,25.144
9847.0,4,1,0.919,10,2.874,335,240,3210.0,0.00016,25.144
9848.0,4,1,0.919,10,2.874,335,240,3210.0,0.00016,25.144
9849.0,4,1,0.919,10,2.874,335,240,3210.0,0.00016,25.144
9850.0,4,1,0.919,10,2.874,335,240,3210.0,0.00016,25.144
9851.0,4,1,0.919,10,2.874,335,240,3210.0,0.00016,25.144
9852.0,4,1,0.919,10,2.874,335,240,3210.0,0.00016,25.144
9853.0,4,1,0.919,10,2.874,335,240,3210.0,0.00016,25.144
9854.0,4,1,0.919,10,2.874,335,240,3210.0,0.00016,25.144
9855.0,4,1,0.919,10,2.874,335,240,3210.0,0.00016,25.144
9856.0,4,1,0.919,10,2.874,335,240,3210.0,0.00016,25.144
9857.0,4,1,0.919,10,2.874,335,240,3210.0,0.00016,25.144
9858.0,4,1,0.919,10,2.874,335,240,3210.0,0.00016,25.144
9859.0,4,1,0.919,10,2.874,335,240,3210.0,0.00016,25.144
9860.0,4,1,0.919,10,2.874,335,240,3210.0,0.00016,25.144
9861.0,4,1,0.919,10,2.874,335,240,3210.0,0.00016,25.144
9862.0,4,1,0.919,10,2.874,335,240,3210.0,0.00016,25.144
9863.0,4,1,0.919,10,2.874,335,240,3210.0,0.00016,25.144
9864.0,4,1,0.919,10,2.874,335,240,3210.0,0.00016,25.144
9865.0,4,1,0.919,10,2.874,335,240,3210.0,0.00016,25.144
9866.0,4,1,0.919,10,2.874,335,240,3210.0,0.00016,25.144
9867.0,4,1,0.919,10,2.874,335,240,3210.0,0.00016,25.144
9868.0,4,1,0.919,10,2.874,335,240,3210.0,0.00016,25.144
9869.0,4,1,0.919,10,2.874,335,240,3210.0,0.00016,25.144
9870.0,4,1,0.919,10,2.874,335,240,3210.0,0.00016,25.144
9871.0,4,1,0.919,10,2.874,335,240,3210.0,0.00016,25.144
9872.0,4,1,0.919,10,2.874,335,240,3210.0,0.00016,25.144
9873.0,4,1,0.919,10,2.874,335,240,3210.0,0.00016,25.144
9874.0,4,1,0.919,10,2.874,335,240,3210.0,0.00016,25.144
9875.0,4,1,0.919,10,2.874,335,240,3210.0,0.00016,25.144
9876.0,4,1,0.919,10,2.874,335,240,3210.0,0.00016,25.144
9877.0,4,1,0.919,10,2.874,335,240,3210.0,0.00016,25.144
9878.0,4,1,0.919,10,2.874,335,240,3210.0,0.00016,25.144
9879.0,4,1,0.919,10,2.874,335,240,3210.0,0.00016,25.144
9880.0,4,1,0.919,10,2.874,335,240,3210.0,0.00016,25.144
9881.0,4,1,0.919,10,2.874,335,240,3210.0,0.00016,25.144
9882.0,4,1,0.919,10,2.874,335,240,3210.0,0.00016,25.144
9883.0,4,1,0.919,10,2.874,335,240,3210.0,0.00016,25.144
9884.0,4,1,0.919,10,2.874,335,240,3210.0,0.00016,25.144
9885.0,7,0,0.878,10,2.874,336,240,3218.6,0.00016,24.707
9886.0,7,0,0.878,10,2.874,336,240,3218.6,0.00016,24.707
9887.0,7,0,0.878,10,2.872,336,241,3218.6,7e-05,24.839
9888.0,7,1,0.878,10,2.872,336,241,3218.6,7e-05,24.839
9889.0,7,0,1.0,10,2.872,336,241,3218.6,7e-05,24.924
9890.0,7,1,1.0,10,2.872,336,241,3218.6,7e-05,24.924
9891.0,7,1,1.0,10,2.872,336,241,3218.6,7e-05,24.924
9892.0,7,1,1.0,10,2.872,336,241,3218.6,7e-05,24.924
9893.0,7,1,1.0,10,2.872,336,241,3218.6,7e-05,24.924
9894.0,7,1,1.0,10,2.872,336,241,3218.6,7e-05,24.924
9895.0,7,1,1.0,10,2.872,336,241,3218.6,7e-05,24.924
9896.0,7,1,1.0,10,2.872,336,241,3218.6,7e-05,24.924
9897.0,7,1,1.0,10,2.872,336,241,3218.6,7e-05,24.924
9898.0,7,1,1.0,10,2.872,336,241,3218.6,7e-05,24.924
9899.0,7,1,1.0,10,2.872,336,241,3218.6,7e-05,24.924
9900.0,7,1,1.0,10,2.872,336,241,3218.6,7e-05,24.924
9901.0,7,1,1.0,10,2.872,336,241,3218.6,7e-05,24.924
9902.0,7,1,1.0,10,2.872,336,241,3218.6,7e-05,24.924
9903.0,7,1,1.0,10,2.872,336,241,3218.6,7e-05,24.924
9904.0,7,1,1.0,10,2.872,336,241,3218.6,7e-05,24.924
9905.0,7,1,1.0,10,2.872,336,241,3218.6,7e-05,24.924
9906.0,5,0,0.755,10,2.872,337,241,3224.4,7e-05,25.388
9907.0,5,0,0.755,10,2.872,337,241,3224.4,7e-05,25.388
9908.0,5,1,0.755,10,2.872,337,241,3224.4,7e-05,25.388
9909.0,5,1,0.755,10,2.872,337,241,3224.4,7e-05,25.388
9910.0,5,1,0.755,10,2.872,337,241,3224.4,7e-05,25.388
9911.0,5,1,0.755,10,2.872,337,241,3224.4,7e-05,25.388
9912.0,5,1,0.755,10,2.872,337,241,3224.4,7e-05,25.388
9913.0,5,1,0.755,10,2.872,337,241,3224.4,7e-05,25.388
9914.0,5,1,0.755,10,2.872,337,241,3224.4,7e-05,25.388
9915.0,5,1,0.755,10,2.872,337,241,3224.4,7e-05,25.388
9916.0,5,1,0.755,10,2.872,337,241,3224.4,7e-05,25.388
9917.0,5,1,0.755,10,2.872,337,241,3224.4,7e-05,25.388
9918.0,5,1,0.755,10,2.872,337,241,3224.4,7e-05,25.388
9919.0,5,1,0.755,10,2.872,337,241,3224.4,7e-05,25.388
9920.0,5,1,0.755,10,2.872,337,241,3224.4,7e-05,25.388
9921.0,5,1,0.755,10,2.872,337,241,3224.4,7e-05,25.388
9922.0,5,1,0.755,10,2.872,337,241,3224.4,7e-05,25.388
9923.0,5,1,0.755,10,2.872,337,241,3224.4,7e-05,25.388
9924.0,3,0,0.927,10,2.872,338,241,3230.1,7e-05,25.47
9925.0,3,0,0.927,10,2.872,338,241,3230.1,7e-05,25.45
9926.0,3,0,0.927,10,2.874,338,242,3230.1,7e-05,25.41
9927.0,3,0,0.927,10,2.874,338,242,3230.1,7e-05,25.39
9928.0,3,1,0.927,10,2.874,338,242,3230.1,7e-05,25.39
9929.0,3,1,0.927,10,2.874,338,242,3230.1,7e-05,25.39
9930.0,3,1,0.927,10,2.874,338,242,3230.1,7e-05,25.39
9931.0,3,1,0.927,10,2.874,338,242,3230.1,7e-05,25.39
9932.0,3,1,0.927,10,2.874,338,242,3230.1,7e-05,25.39
9933.0,3,1,0.927,10,2.874,338,242,3230.1,7e-05,25.39
9934.0,3,1,0.927,10,2.874,338,242,3230.1,7e-05,25.39
9935.0,3,1,0.927,10,2.874,338,242,3230.1,7e-05,25.39
9936.0,3,1,0.927,10,2.874,338,242,3230.1,7e-05,25.39
9937.0,3,1,0.927,10,2.874,338,242,3230.1,7e-05,25.39
9938.0,3,1,0.927,10,2.874,338,242,3230.1,7e-05,25.39
9939.0,3,1,0.927,10,2.874,338,242,3230.1,7e-05,25.39
9940.0,3,1,0.927,10,2.874,338,242,3230.1,7e-05,25.39
9941.0,3,1,0.927,10,2.874,338,242,3230.1,7e-05,25.39
9942.0,3,1,0.927,10,2.874,338,242,3230.1,7e-05,25.39
9943.0,3,1,0.927,10,2.874,338,242,3230.1,7e-05,25.39
9944.0,1,0,0.851,10,2.874,339,242,3235.9,7e-05,25.486
9945.0,1,0,0.851,10,2.874,339,242,3235.9,7e-05,25.486
9946.0,1,1,0.851,10,2.874,339,242,3235.9,7e-05,25.486
9947.0,1,1,0.851,10,2.874,339,242,3235.9,7e-05,25.486
9948.0,1,1,0.851,10,2.874,339,242,3235.9,7e-05,25.486
9949.0,1,1,0.851,10,2.874,339,242,3235.9,7e-05,25.486
9950.0,1,1,0.851,10,2.874,339,242,3235.9,7e-05,25.486
9951.0,1,1,0.851,10,2.874,339,242,3235.9,7e-05,25.486
9952.0,1,1,0.851,10,2.874,339,242,3235.9,7e-05,25.486
9953.0,1,1,0.851,10,2.874,339,242,3235.9,7e-05,25.486
9954.0,1,1,0.851,10,2.874,339,242,3235.9,7e-05,25.486
9955.0,1,1,0.851,10,2.874,339,242,3235.9,7e-05,25.486
9956.0,1,1,0.851,10,2.874,339,242,3235.9,7e-05,25.486
9957.0,1,1,0.851,10,2.874,339,242,3235.9,7e-05,25.486
9958.0,1,1,0.851,10,2.874,339,242,3235.9,7e-05,25.486
9959.0,1,1,0.851,10,2.874,339,242,3235.9,7e-05,25.486
9960.0,1,1,0.851,10,2.874,339,242,3235.9,7e-05,25.486
9961.0,1,1,0.851,10,2.874,339,242,3235.9,7e-05,25.486
9962.0,1,1,0.851,10,2.874,339,242,3235.9,7e-05,25.486
9963.0,1,1,0.851,10,2.874,339,242,3235.9,7e-05,25.486
9964.0,1,1,0.851,10,2.874,339,242,3235.9,7e-05,25.486
9965.0,5,0,0.974,10,2.874,340,242,3247.4,7e-05,25.409
9966.0,5,0,0.974,10,2.874,340,242,3247.4,7e-05,25.429
9967.0,5,0,0.974,10,2.874,340,243,3247.4,0.0,25.469
9968.0,5,0,0.974,10,2.874,340,243,3247.4,0.0,25.489
9969.0,5,1,0.974,10,2.874,340,243,3247.4,0.0,25.489
9970.0,5,1,0.974,10,2.874,340,243,3247.4,0.0,25.489
9971.0,5,1,0.974,10,2.874,340,243,3247.4,0.0,25.489
9972.0,5,1,0.974,10,2.874,340,243,3247.4,0.0,25.489
9973.0,5,1,0.974,10,2.874,340,243,3247.4,0.0,25.489
9974.0,5,1,0.974,10,2.874,340,243,3247.4,0.0,25.489
9975.0,5,1,0.974,10,2.874,340,243,3247.4,0.0,25.489
9976.0,5,1,0.974,10,2.874,340,243,3247.4,0.0,25.489
9977.0,5,1,0.974,10,2.874,340,243,3247.4,0.0,25.489
9978.0,5,1,0.974,10,2.874,340,243,3247.4,0.0,25.489
9979.0,5,1,0.974,10,2.874,340,243,3247.4,0.0,25.489
9980.0,5,1,0.974,10,2.874,340,243,3247.4,0.0,25.489
9981.0,5,1,0.974,10,2.874,340,243,3247.4,0.0,25.489
9982.0,5,1,0.974,10,2.874,340,243,3247.4,0.0,25.489
9983.0,5,1,0.974,10,2.874,340,243,3247.4,0.0,25.489
9984.0,5,1,0.974,10,2.874,340,243,3247.4,0.0,25.489
9985.0,5,1,0.974,10,2.874,340,243,3247.4,0.0,25.489
9986.0,5,1,0.974,10,2.874,340,243,3247.4,0.0,25.489
9987.0,5,1,0.974,10,2.874,340,243,3247.4,0.0,25.489
9988.0,1,0,0.946,10,2.874,341,243,3258.9,0.0,25.591
9989.0,1,0,0.946,10,2.874,341,243,3258.9,0.0,25.571
9990.0,1,0,0.946,10,2.873,341,244,3258.9,2e-05,25.551
9991.0,1,0,0.946,10,2.873,341,244,3258.9,2e-05,25.531
9992.0,1,0,0.946,10,2.873,341,244,3258.9,2e-05,25.511
9993.0,1,0,0.946,10,2.873,341,244,3258.9,2e-05,25.491
9994.0,1,0,0.946,10,2.873,341,244,3258.9,2e-05,25.486
9995.0,1,0,0.946,10,2.873,341,244,3258.9,2e-05,25.506
9996.0,1,0,0.946,10,2.873,341,244,3258.9,2e-05,25.526
9997.0,1,0,0.946,10,2.873,341,244,3258.9,2e-05,25.546
9998.0,1,0,0.946,10,2.873,341,244,3258.9,2e-05,25.566
9999.0,1,0,0.946,10,2.873,341,244,3258.9,2e-05,25.586
10000.0,1,0,0.946,10,2.873,341,244,3258.9,2e-05,25.606
10001.0,1,0,0.946,10,2.873,341,244,3258.9,2e-05,25.626
10002.0,1,0,0.946,10,2.873,341,244,3258.9,2e-05,25.646
10003.0,1,0,0.946,10,2.873,341,244,3258.9,2e-05,25.666
10004.0,1,0,0.946,10,2.873,341,244,3258.9,2e-05,25.686
10005.0,1,0,0.946,10,2.873,341,244,3258.9,2e-05,25.695
10006.0,1,0,0.946,10,2.873,341,244,3258.9,2e-05,25.695
10007.0,1,0,0.946,10,2.873,341,244,3258.9,2e-05,25.715
10008.0,1,0,0.946,10,2.873,341,244,3258.9,2e-05,25.735
10009.0,1,0,0.946,10,2.873,341,244,3258.9,2e-05,25.755
10010.0,1,0,0.946,10,2.873,341,244,3258.9,2e-05,25.775
10011.0,1,0,0.946,10,2.873,341,244,3258.9,2e-05,25.795
10012.0,1,0,0.946,10,2.873,341,244,3258.9,2e-05,25.815
10013.0,1,0,0.946,10,2.873,341,244,3258.9,2e-05,25.835
10014.0,1,0,0.946,10,2.873,341,244,3258.9,2e-05,25.855
10015.0,1,0,0.946,10,2.873,341,244,3258.9,2e-05,25.875
10016.0,1,0,0.946,10,2.873,341,244,3258.9,2e-05,25.895
10017.0,1,0,0.946,10,2.873,341,244,3258.9,2e-05,25.915
10018.0,1,0,0.946,10,2.873,341,244,3258.9,2e-05,25.924
10019.0,1,0,0.946,10,2.873,341,244,3258.9,2e-05,25.944
10020.0,1,0,0.946,10,2.873,341,244,3258.9,2e-05,25.964
10021.0,1,1,0.946,10,2.873,341,244,3258.9,2e-05,25.964
10022.0,1,1,0.946,10,2.873,341,244,3258.9,2e-05,25.964
10023.0,1,0,1.0,10,2.873,341,244,3258.9,2e-05,26.091
10024.0,1,0,1.0,10,2.873,341,244,3258.9,2e-05,26.091
10025.0,1,0,1.0,10,2.873,341,244,3258.9,2e-05,26.091
10026.0,1,0,1.0,10,2.873,341,244,3258.9,2e-05,26.071
10027.0,1,0,1.0,10,2.873,341,244,3258.9,2e-05,26.051
10028.0,1,0,1.0,10,2.873,341,244,3258.9,2e-05,26.031
10029.0,1,0,1.0,10,2.873,341,244,3258.9,2e-05,26.011
10030.0,1,0,1.0,10,2.873,341,244,3258.9,2e-05,25.991
10031.0,1,0,1.0,10,2.873,341,244,3258.9,2e-05,25.971
10032.0,1,0,1.0,10,2.873,341,244,3258.9,2e-05,25.951
10033.0,1,0,1.0,10,2.873,341,244,3258.9,2e-05,25.931
10034.0,1,0,1.0,10,2.873,341,244,3258.9,2e-05,25.919
10035.0,1,0,1.0,10,2.873,341,244,3258.9,2e-05,25.938
10036.0,1,0,1.0,10,2.873,341,244,3258.9,2e-05,25.957
10037.0,1,0,1.0,10,2.873,341,244,3258.9,2e-05,25.976
10038.0,1,0,1.0,10,2.873,341,244,3258.9,2e-05,25.995
10039.0,1,0,1.0,10,2.873,341,244,3258.9,2e-05,26.014
10040.0,1,0,1.0,10,2.873,341,244,3258.9,2e-05,26.033
10041.0,1,0,1.0,10,2.873,341,244,3258.9,2e-05,26.05
10042.0,1,0,1.0,10,2.873,341,244,3258.9,2e-05,26.052
10043.0,1,0,1.0,10,2.873,341,244,3258.9,2e-05,26.07
10044.0,1,0,1.0,10,2.873,341,244,3258.9,2e-05,26.07
10045.0,1,0,1.0,10,2.873,341,244,3258.9,2e-05,26.091
10046.0,1,1,1.0,10,2.873,341,244,3258.9,2e-05,26.091
10047.0,1,1,1.0,10,2.873,341,244,3258.9,2e-05,26.091
10048.0,1,1,1.0,10,2.873,341,244,3258.9,2e-05,26.091
10049.0,1,1,1.0,10,2.873,341,244,3258.9,2e-05,26.091
10050.0,1,1,1.0,10,2.873,341,244,3258.9,2e-05,26.091
10051.0,1,1,1.0,10,2.873,341,244,3258.9,2e-05,26.091
10052.0,1,1,1.0,10,2.873,341,244,3258.9,2e-05,26.091
10053.0,1,1,1.0,10,2.873,341,244,3258.9,2e-05,26.091
10054.0,1,1,1.0,10,2.873,341,244,3258.9,2e-05,26.091
10055.0,1,1,1.0,10,2.873,341,244,3258.9,2e-05,26.091
10056.0,1,1,1.0,10,2.873,341,244,3258.9,2e-05,26.091
10057.0,1,1,1.0,10,2.873,341,244,3258.9,2e-05,26.091
10058.0,3,0,0.851,10,2.873,342,244,3264.6,2e-05,26.018
10059.0,3,0,0.851,10,2.873,342,244,3264.6,2e-05,26.018
10060.0,3,0,0.851,10,2.867,342,245,3264.6,1e-05,26.056
10061.0,3,1,0.851,10,2.867,342,245,3264.6,1e-05,26.056
10062.0,3,1,0.851,10,2.867,342,245,3264.6,1e-05,26.056
10063.0,3,1,0.851,10,2.867,342,245,3264.6,1e-05,26.056
10064.0,3,0,1.0,10,2.867,342,245,3264.6,1e-05,26.391
10065.0,3,0,1.0,10,2.867,342,245,3264.6,1e-05,26.391
10066.0,3,0,1.0,10,2.867,342,245,3264.6,1e-05,26.391
10067.0,3,0,1.0,10,2.867,342,245,3264.6,1e-05,26.371
10068.0,3,0,1.0,10,2.867,342,245,3264.6,1e-05,26.351
10069.0,3,0,1.0,10,2.867,342,245,3264.6,1e-05,26.331
10070.0,3,0,1.0,10,2.867,342,245,3264.6,1e-05,26.328
10071.0,3,1,1.0,10,2.867,342,245,3264.6,1e-05,26.328
10072.0,3,1,1.0,10,2.867,342,245,3264.6,1e-05,26.328
10073.0,3,1,1.0,10,2.867,342,245,3264.6,1e-05,26.328
10074.0,3,1,1.0,10,2.867,342,245,3264.6,1e-05,26.328
10075.0,3,1,1.0,10,2.867,342,245,3264.6,1e-05,26.328
10076.0,3,1,1.0,10,2.867,342,245,3264.6,1e-05,26.328
10077.0,3,1,1.0,10,2.867,342,245,3264.6,1e-05,26.328
10078.0,3,1,1.0,10,2.867,342,245,3264.6,1e-05,26.328
10079.0,3,1,1.0,10,2.867,342,245,3264.6,1e-05,26.328
10080.0,3,1,1.0,10,2.867,342,245,3264.6,1e-05,26.328
10081.0,3,1,1.0,10,2.867,342,245,3264.6,1e-05,26.328
10082.0,3,1,1.0,10,2.867,342,245,3264.6,1e-05,26.328
10083.0,3,1,1.0,10,2.867,342,245,3264.6,1e-05,26.328
10084.0,3,1,1.0,10,2.867,342,245,3264.6,1e-05,26.328
10085.0,3,1,1.0,10,2.867,342,245,3264.6,1e-05,26.328
10086.0,3,1,1.0,10,2.867,342,245,3264.6,1e-05,26.328
10087.0,3,1,1.0,10,2.867,342,245,3264.6,1e-05,26.328
10088.0,3,1,1.0,10,2.867,342,245,3264.6,1e-05,26.328
10089.0,3,1,1.0,10,2.867,342,245,3264.6,1e-05,26.328
10090.0,3,1,1.0,10,2.867,342,245,3264.6,1e-05,26.328
10091.0,3,1,1.0,10,2.867,342,245,3264.6,1e-05,26.328
10092.0,3,1,1.0,10,2.867,342,245,3264.6,1e-05,26.328
10093.0,3,1,1.0,10,2.867,342,245,3264.6,1e-05,26.328
10094.0,3,1,1.0,10,2.867,342,245,3264.6,1e-05,26.328
10095.0,3,1,1.0,10,2.867,342,245,3264.6,1e-05,26.328
10096.0,3,1,1.0,10,2.867,342,245,3264.6,1e-05,26.328
10097.0,3,1,1.0,10,2.867,342,245,3264.6,1e-05,26.328
10098.0,3,1,1.0,10,2.867,342,245,3264.6,1e-05,26.328
10099.0,3,1,1.0,10,2.867,342,245,3264.6,1e-05,26.328
10100.0,3,1,1.0,10,2.867,342,245,3264.6,1e-05,26.328
10101.0,3,1,1.0,10,2.867,342,245,3264.6,1e-05,26.328
10102.0,3,1,1.0,10,2.867,342,245,3264.6,1e-05,26.328
10103.0,3,1,1.0,10,2.867,342,245,3264.6,1e-05,26.328
10104.0,3,1,1.0,10,2.867,342,245,3264.6,1e-05,26.328
10105.0,3,1,1.0,10,2.867,342,245,3264.6,1e-05,26.328
10106.0,3,1,1.0,10,2.867,342,245,3264.6,1e-05,26.328
10107.0,3,1,1.0,10,2.867,342,245,3264.6,1e-05,26.328
10108.0,3,1,1.0,10,2.867,342,245,3264.6,1e-05,26.328
10109.0,3,1,1.0,10,2.867,342,245,3264.6,1e-05,26.328
10110.0,3,1,1.0,10,2.867,342,245,3264.6,1e-05,26.328
10111.0,3,1,1.0,10,2.867,342,245,3264.6,1e-05,26.328
10112.0,3,1,1.0,10,2.867,342,245,3264.6,1e-05,26.328
10113.0,3,1,1.0,10,2.867,342,245,3264.6,1e-05,26.328
10114.0,3,1,1.0,10,2.867,342,245,3264.6,1e-05,26.328
10115.0,3,1,1.0,10,2.867,342,245,3264.6,1e-05,26.328
10116.0,3,1,1.0,10,2.867,342,245,3264.6,1e-05,26.328
10117.0,3,1,1.0,10,2.867,342,245,3264.6,1e-05,26.328
10118.0,3,1,1.0,10,2.867,342,245,3264.6,1e-05,26.328
10119.0,1,0,0.698,10,2.867,343,245,3270.4,1e-05,26.613
10120.0,1,0,0.698,10,2.867,343,245,3270.4,1e-05,26.613
10121.0,1,1,0.698,10,2.867,343,245,3270.4,1e-05,26.613
10122.0,1,1,0.698,10,2.867,343,245,3270.4,1e-05,26.613
10123.0,1,1,0.698,10,2.867,343,245,3270.4,1e-05,26.613
10124.0,1,1,0.698,10,2.867,343,245,3270.4,1e-05,26.613
10125.0,1,1,0.698,10,2.867,343,245,3270.4,1e-05,26.613
10126.0,1,1,0.698,10,2.867,343,245,3270.4,1e-05,26.613
10127.0,1,1,0.698,10,2.867,343,245,3270.4,1e-05,26.613
10128.0,1,1,0.698,10,2.867,343,245,3270.4,1e-05,26.613
10129.0,1,1,0.698,10,2.867,343,245,3270.4,1e-05,26.613
10130.0,1,1,0.698,10,2.867,343,245,3270.4,1e-05,26.613
10131.0,1,1,0.698,10,2.867,343,245,3270.4,1e-05,26.613
10132.0,1,1,0.698,10,2.867,343,245,3270.4,1e-05,26.613
10133.0,1,1,0.698,10,2.867,343,245,3270.4,1e-05,26.613
10134.0,1,1,0.698,10,2.867,343,245,3270.4,1e-05,26.613
10135.0,1,1,0.698,10,2.867,343,245,3270.4,1e-05,26.613
10136.0,1,1,0.698,10,2.867,343,245,3270.4,1e-05,26.613
10137.0,1,1,0.698,10,2.867,343,245,3270.4,1e-05,26.613
10138.0,1,1,0.698,10,2.867,343,245,3270.4,1e-05,26.613
10139.0,1,1,0.698,10,2.867,343,245,3270.4,1e-05,26.613
10140.0,1,1,0.698,10,2.867,343,245,3270.4,1e-05,26.613
10141.0,1,1,0.698,10,2.867,343,245,3270.4,1e-05,26.613
10142.0,1,1,0.698,10,2.867,343,245,3270.4,1e-05,26.613
10143.0,1,1,0.698,10,2.867,343,245,3270.4,1e-05,26.613
10144.0,1,1,0.698,10,2.867,343,245,3270.4,1e-05,26.613
10145.0,1,1,0.698,10,2.867,343,245,3270.4,1e-05,26.613
10146.0,1,1,0.698,10,2.867,343,245,3270.4,1e-05,26.613
10147.0,1,1,0.698,10,2.867,343,245,3270.4,1e-05,26.613
10148.0,1,1,0.698,10,2.867,343,245,3270.4,1e-05,26.613
10149.0,1,1,0.698,10,2.867,343,245,3270.4,1e-05,26.613
10150.0,1,1,0.698,10,2.867,343,245,3270.4,1e-05,26.613
10151.0,1,1,0.698,10,2.867,343,245,3270.4,1e-05,26.613
10152.0,1,1,0.698,10,2.867,343,245,3270.4,1e-05,26.613
10153.0,1,1,0.698,10,2.867,343,245,3270.4,1e-05,26.613
10154.0,1,1,0.698,10,2.867,343,245,3270.4,1e-05,26.613
10155.0,1,1,0.698,10,2.867,343,245,3270.4,1e-05,26.613
10156.0,1,1,0.698,10,2.867,343,245,3270.4,1e-05,26.613
10157.0,1,1,0.698,10,2.867,343,245,3270.4,1e-05,26.613
10158.0,1,1,0.698,10,2.867,343,245,3270.4,1e-05,26.613
10159.0,1,1,0.698,10,2.867,343,245,3270.4,1e-05,26.613
10160.0,1,1,0.698,10,2.867,343,245,3270.4,1e-05,26.613
10161.0,1,1,0.698,10,2.867,343,245,3270.4,1e-05,26.613
10162.0,1,1,0.698,10,2.867,343,245,3270.4,1e-05,26.613
10163.0,1,1,0.698,10,2.867,343,245,3270.4,1e-05,26.613
10164.0,1,1,0.698,10,2.867,343,245,3270.4,1e-05,26.613
10165.0,1,1,0.698,10,2.867,343,245,3270.4,1e-05,26.613
10166.0,10,0,0.638,10,2.867,344,245,3296.2,1e-05,27.141
10167.0,10,0,0.638,10,2.867,344,245,3296.2,1e-05,27.161
10168.0,10,0,0.638,10,2.87,344,246,3296.2,1e-05,27.049
10169.0,10,0,0.638,10,2.87,344,246,3296.2,1e-05,27.069
10170.0,10,0,0.638,10,2.87,344,246,3296.2,1e-05,27.089
10171.0,10,0,0.638,10,2.87,344,246,3296.2,1e-05,27.109
10172.0,10,0,0.638,10,2.87,344,246,3296.2,1e-05,27.129
10173.0,10,0,0.638,10,2.87,344,246,3296.2,1e-05,27.135
10174.0,10,0,0.638,10,2.87,344,246,3296.2,1e-05,27.135
10175.0,10,0,0.638,10,2.87,344,246,3296.2,1e-05,27.135
10176.0,10,0,0.638,10,2.87,344,246,3296.2,1e-05,27.135
10177.0,10,0,0.638,10,2.87,344,246,3296.2,1e-05,27.135
10178.0,10,0,0.638,10,2.87,344,246,3296.2,1e-05,27.135
10179.0,10,0,0.638,10,2.87,344,246,3296.2,1e-05,27.115
10180.0,10,0,0.638,10,2.87,344,246,3296.2,1e-05,27.114
10181.0,10,0,0.638,10,2.87,344,246,3296.2,1e-05,27.114
10182.0,10,0,0.638,10,2.87,344,246,3296.2,1e-05,27.114
10183.0,10,0,0.638,10,2.87,344,246,3296.2,1e-05,27.114
10184.0,10,0,0.638,10,2.87,344,246,3296.2,1e-05,27.094
10185.0,10,1,0.638,10,2.87,344,246,3296.2,1e-05,27.094
10186.0,10,0,1.0,10,2.87,344,246,3296.2,1e-05,26.926
10187.0,10,0,1.0,10,2.87,344,246,3296.2,1e-05,26.906
10188.0,10,0,1.0,10,2.87,344,246,3296.2,1e-05,26.905
10189.0,10,0,1.0,10,2.87,344,246,3296.2,1e-05,26.885
10190.0,10,0,1.0,10,2.87,344,246,3296.2,1e-05,26.865
10191.0,10,0,1.0,10,2.87,344,246,3296.2,1e-05,26.845
10192.0,10,1,1.0,10,2.87,344,246,3296.2,1e-05,26.845
10193.0,10,0,1.0,10,2.87,344,246,3296.2,1e-05,26.947
10194.0,10,0,1.0,10,2.87,344,246,3296.2,1e-05,26.947
10195.0,10,0,1.0,10,2.87,344,246,3296.2,1e-05,26.947
10196.0,10,0,1.0,10,2.87,344,246,3296.2,1e-05,26.947
10197.0,10,0,1.0,10,2.87,344,246,3296.2,1e-05,26.947
10198.0,10,0,1.0,10,2.87,344,246,3296.2,1e-05,26.947
10199.0,10,0,1.0,10,2.87,344,246,3296.2,1e-05,26.947
10200.0,10,0,1.0,10,2.87,344,246,3296.2,1e-05,26.947
10201.0,10,0,1.0,10,2.87,344,246,3296.2,1e-05,26.947
10202.0,10,0,1.0,10,2.87,344,246,3296.2,1e-05,26.947
10203.0,10,0,1.0,10,2.87,344,246,3296.2,1e-05,26.927
10204.0,10,0,1.0,10,2.87,344,246,3296.2,1e-05,26.926
10205.0,10,0,1.0,10,2.87,344,246,3296.2,1e-05,26.926
10206.0,10,0,1.0,10,2.87,344,246,3296.2,1e-05,26.906
10207.0,10,0,1.0,10,2.87,344,246,3296.2,1e-05,26.886
10208.0,10,0,1.0,10,2.87,344,246,3296.2,1e-05,26.884
10209.0,10,0,1.0,10,2.87,344,246,3296.2,1e-05,26.864
10210.0,10,0,1.0,10,2.87,344,246,3296.2,1e-05,26.863
10211.0,10,0,1.0,10,2.87,344,246,3296.2,1e-05,26.863
10212.0,10,0,1.0,10,2.87,344,246,3296.2,1e-05,26.863
10213.0,10,0,1.0,10,2.87,344,246,3296.2,1e-05,26.883
10214.0,10,0,1.0,10,2.87,344,246,3296.2,1e-05,26.903
10215.0,10,0,1.0,10,2.87,344,246,3296.2,1e-05,26.923
10216.0,10,0,1.0,10,2.87,344,246,3296.2,1e-05,26.943
10217.0,10,0,1.0,10,2.87,344,246,3296.2,1e-05,26.963
10218.0,10,0,1.0,10,2.87,344,246,3296.2,1e-05,26.983
10219.0,10,0,1.0,10,2.87,344,246,3296.2,1e-05,26.967
10220.0,10,0,1.0,10,2.87,344,246,3296.2,1e-05,26.947
10221.0,10,0,1.0,10,2.87,344,246,3296.2,1e-05,26.927
10222.0,10,0,1.0,10,2.87,344,246,3296.2,1e-05,26.908
10223.0,10,0,1.0,10,2.87,344,246,3296.2,1e-05,26.888
10224.0,10,0,1.0,10,2.87,344,246,3296.2,1e-05,26.868
10225.0,10,0,1.0,10,2.87,344,246,3296.2,1e-05,26.848
10226.0,10,0,1.0,10,2.87,344,246,3296.2,1e-05,26.828
10227.0,10,0,1.0,10,2.87,344,246,3296.2,1e-05,26.842
10228.0,10,0,1.0,10,2.87,344,246,3296.2,1e-05,26.842
10229.0,10,0,1.0,10,2.87,344,246,3296.2,1e-05,26.842
10230.0,10,0,1.0,10,2.87,344,246,3296.2,1e-05,26.842
10231.0,10,0,1.0,10,2.87,344,246,3296.2,1e-05,26.862
10232.0,10,0,1.0,10,2.87,344,246,3296.2,1e-05,26.863
10233.0,10,0,1.0,10,2.87,344,246,3296.2,1e-05,26.863
10234.0,10,0,1.0,10,2.87,344,246,3296.2,1e-05,26.863
10235.0,10,0,1.0,10,2.87,344,246,3296.2,1e-05,26.863
10236.0,10,1,1.0,10,2.87,344,246,3296.2,7e-05,26.863
10237.0,10,1,1.0,10,2.87,344,246,3296.2,7e-05,26.863
10238.0,10,1,1.0,10,2.87,344,246,3296.2,7e-05,26.863
10239.0,10,1,1.0,10,2.87,344,246,3296.2,7e-05,26.863
10240.0,10,1,1.0,10,2.87,344,246,3296.2,7e-05,26.863
10241.0,10,1,1.0,10,2.87,344,246,3296.2,7e-05,26.863
10242.0,10,1,1.0,10,2.87,344,246,3296.2,7e-05,26.863
10243.0,10,1,1.0,10,2.87,344,246,3296.2,7e-05,26.863
10244.0,10,1,1.0,10,2.87,344,246,3296.2,7e-05,26.863
10245.0,10,1,1.0,10,2.87,344,246,3296.2,7e-05,26.863
10246.0,10,1,1.0,10,2.87,344,246,3296.2,7e-05,26.863
10247.0,10,1,1.0,10,2.87,344,246,3296.2,7e-05,26.863
10248.0,10,1,1.0,10,2.87,344,246,3296.2,7e-05,26.863
10249.0,10,1,1.0,10,2.87,344,246,3296.2,7e-05,26.863
10250.0,10,1,1.0,10,2.87,344,246,3296.2,7e-05,26.863
10251.0,10,1,1.0,10,2.87,344,246,3296.2,7e-05,26.863
10252.0,10,1,1.0,10,2.87,344,246,3296.2,7e-05,26.863
10253.0,10,1,1.0,10,2.87,344,246,3296.2,7e-05,26.863
10254.0,10,1,1.0,10,2.87,344,246,3296.2,7e-05,26.863
10255.0,10,1,1.0,10,2.87,344,246,3296.2,7e-05,26.863
10256.0,10,1,1.0,10,2.87,344,246,3296.2,7e-05,26.863
10257.0,10,1,1.0,10,2.87,344,246,3296.2,7e-05,26.863
10258.0,10,1,1.0,10,2.87,344,246,3296.2,7e-05,26.863
10259.0,10,1,1.0,10,2.87,344,246,3296.2,7e-05,26.863
10260.0,10,1,1.0,10,2.87,344,246,3296.2,7e-05,26.863
10261.0,10,1,1.0,10,2.87,344,246,3296.2,7e-05,26.863
10262.0,10,1,1.0,10,2.87,344,246,3296.2,7e-05,26.863
10263.0,10,1,1.0,10,2.87,344,246,3296.2,7e-05,26.863
10264.0,10,1,1.0,10,2.87,344,246,3296.2,7e-05,26.863
10265.0,10,1,1.0,10,2.87,344,246,3296.2,7e-05,26.863
10266.0,10,1,1.0,10,2.87,344,246,3296.2,7e-05,26.863
10267.0,10,1,1.0,10,2.87,344,246,3296.2,7e-05,26.863
10268.0,10,1,1.0,10,2.87,344,246,3296.2,7e-05,26.863
10269.0,10,1,1.0,10,2.87,344,246,3296.2,7e-05,26.863
10270.0,10,1,1.0,10,2.87,344,246,3296.2,7e-05,26.863
10271.0,10,1,1.0,10,2.87,344,246,3296.2,7e-05,26.863
10272.0,10,1,1.0,10,2.87,344,246,3296.2,7e-05,26.863
10273.0,10,1,1.0,10,2.87,344,246,3296.2,7e-05,26.863
10274.0,10,1,1.0,10,2.87,344,246,3296.2,7e-05,26.863
10275.0,7,0,0.864,10,2.87,345,246,3304.8,7e-05,26.621
10276.0,7,0,0.864,10,2.87,345,246,3304.8,7e-05,26.641
10277.0,7,0,0.864,10,2.874,345,247,3304.8,7e-05,26.703
10278.0,7,0,0.864,10,2.874,345,247,3304.8,7e-05,26.723
10279.0,7,1,0.864,10,2.874,345,247,3304.8,7e-05,26.723
10280.0,7,1,0.864,10,2.874,345,247,3304.8,7e-05,26.723
10281.0,7,1,0.864,10,2.874,345,247,3304.8,7e-05,26.723
10282.0,7,0,1.0,10,2.874,345,247,3304.8,7e-05,26.933
10283.0,7,0,1.0,10,2.874,345,247,3304.8,7e-05,26.953
10284.0,7,1,1.0,10,2.874,345,247,3304.8,7e-05,26.953
10285.0,7,1,1.0,10,2.874,345,247,3304.8,7e-05,26.953
10286.0,7,1,1.0,10,2.874,345,247,3304.8,7e-05,26.953
10287.0,7,1,1.0,10,2.874,345,247,3304.8,7e-05,26.953
10288.0,7,1,1.0,10,2.874,345,247,3304.8,7e-05,26.953
10289.0,7,1,1.0,10,2.874,345,247,3304.8,7e-05,26.953
10290.0,7,1,1.0,10,2.874,345,247,3304.8,7e-05,26.953
10291.0,7,1,1.0,10,2.874,345,247,3304.8,7e-05,26.953
10292.0,7,1,1.0,10,2.874,345,247,3304.8,7e-05,26.953
10293.0,7,1,1.0,10,2.874,345,247,3304.8,7e-05,26.953
10294.0,7,1,1.0,10,2.874,345,247,3304.8,7e-05,26.953
10295.0,7,1,1.0,10,2.874,345,247,3304.8,7e-05,26.953
10296.0,7,1,1.0,10,2.874,345,247,3304.8,7e-05,26.953
10297.0,7,1,1.0,10,2.874,345,247,3304.8,7e-05,26.953
10298.0,7,1,1.0,10,2.874,345,247,3304.8,7e-05,26.953
10299.0,7,1,1.0,10,2.874,345,247,3304.8,7e-05,26.953
10300.0,7,1,1.0,10,2.874,345,247,3304.8,7e-05,26.953
10301.0,4,0,0.747,10,2.874,346,247,3313.4,7e-05,26.693
10302.0,4,0,0.747,10,2.874,346,247,3313.4,7e-05,26.693
10303.0,4,0,0.747,10,2.88,346,248,3313.4,0.0,26.759
10304.0,4,0,0.747,10,2.88,346,248,3313.4,0.0,26.779
10305.0,4,0,0.747,10,2.88,346,248,3313.4,0.0,26.799
10306.0,4,0,0.747,10,2.88,346,248,3313.4,0.0,26.819
10307.0,4,0,0.747,10,2.88,346,248,3313.4,0.0,26.839
10308.0,4,1,0.747,10,2.88,346,248,3313.4,0.0,26.839
10309.0,4,1,0.747,10,2.88,346,248,3313.4,0.0,26.839
10310.0,4,1,0.747,10,2.88,346,248,3313.4,0.0,26.839
10311.0,4,1,0.747,10,2.88,346,248,3313.4,0.0,26.839
10312.0,4,1,0.747,10,2.88,346,248,3313.4,0.0,26.839
10313.0,4,1,0.747,10,2.88,346,248,3313.4,0.0,26.839
10314.0,4,1,0.747,10,2.88,346,248,3313.4,0.0,26.839
10315.0,4,1,0.747,10,2.88,346,248,3313.4,0.0,26.839
10316.0,4,1,0.747,10,2.88,346,248,3313.4,0.0,26.839
10317.0,4,1,0.747,10,2.88,346,248,3313.4,0.0,26.839
10318.0,4,1,0.747,10,2.88,346,248,3313.4,0.0,26.839
10319.0,4,1,0.747,10,2.88,346,248,3313.4,0.0,26.839
10320.0,4,1,0.747,10,2.88,346,248,3313.4,0.0,26.839
10321.0,4,1,0.747,10,2.88,346,248,3313.4,0.0,26.839
10322.0,4,1,0.747,10,2.88,346,248,3313.4,0.0,26.839
10323.0,4,1,0.747,10,2.88,346,248,3313.4,0.0,26.839
10324.0,4,1,0.747,10,2.88,346,248,3313.4,0.0,26.839
10325.0,4,1,0.747,10,2.88,346,248,3313.4,0.0,26.839
10326.0,4,1,0.747,10,2.88,346,248,3313.4,0.0,26.839
10327.0,1,0,0.811,10,2.88,347,248,3322.0,0.0,26.446
10328.0,1,0,0.811,10,2.88,347,248,3322.0,0.0,26.426
10329.0,1,0,0.811,10,2.884,347,249,3322.0,0.0,26.406
10330.0,1,0,0.811,10,2.884,347,249,3322.0,0.0,26.386
10331.0,1,0,0.811,10,2.884,347,249,3322.0,0.0,26.366
10332.0,1,0,0.811,10,2.884,347,249,3322.0,0.0,26.346
10333.0,1,0,0.811,10,2.884,347,249,3322.0,0.0,26.366
10334.0,1,0,0.811,10,2.884,347,249,3322.0,0.0,26.383
10335.0,1,0,0.811,10,2.884,347,249,3322.0,0.0,26.403
10336.0,1,0,0.811,10,2.884,347,249,3322.0,0.0,26.423
10337.0,1,0,0.811,10,2.884,347,249,3322.0,0.0,26.443
10338.0,1,0,0.811,10,2.884,347,249,3322.0,0.0,26.446
10339.0,1,0,0.811,10,2.884,347,249,3322.0,0.0,26.446
10340.0,1,0,0.811,10,2.884,347,249,3322.0,0.0,26.446
10341.0,1,0,0.811,10,2.884,347,249,3322.0,0.0,26.446
10342.0,1,0,0.811,10,2.884,347,249,3322.0,0.0,26.446
10343.0,1,0,0.811,10,2.884,347,249,3322.0,0.0,26.446
10344.0,1,0,0.811,10,2.884,347,249,3322.0,0.0,26.446
10345.0,1,0,0.811,10,2.884,347,249,3322.0,0.0,26.466
10346.0,1,0,0.811,10,2.884,347,249,3322.0,0.0,26.467
10347.0,1,0,0.811,10,2.884,347,249,3322.0,0.0,26.467
10348.0,1,0,0.811,10,2.884,347,249,3322.0,0.0,26.467
10349.0,1,0,0.811,10,2.884,347,249,3322.0,0.0,26.467
10350.0,1,0,0.811,10,2.884,347,249,3322.0,0.0,26.467
10351.0,1,0,0.811,10,2.884,347,249,3322.0,0.0,26.467
10352.0,1,0,0.811,10,2.884,347,249,3322.0,0.0,26.487
10353.0,1,0,0.811,10,2.884,347,249,3322.0,0.0,26.507
10354.0,1,0,0.811,10,2.884,347,249,3322.0,0.0,26.527
10355.0,1,0,0.811,10,2.884,347,249,3322.0,0.0,26.53
10356.0,1,0,0.811,10,2.884,347,249,3322.0,0.0,26.53
10357.0,1,0,0.811,10,2.884,347,249,3322.0,0.0,26.51
10358.0,1,0,0.811,10,2.884,347,249,3322.0,0.0,26.509
10359.0,1,0,0.811,10,2.884,347,249,3322.0,0.0,26.509
10360.0,1,0,0.811,10,2.884,347,249,3322.0,0.0,26.509
10361.0,1,0,0.811,10,2.884,347,249,3322.0,0.0,26.509
10362.0,1,0,0.811,10,2.884,347,249,3322.0,0.0,26.509
10363.0,1,0,0.811,10,2.884,347,249,3322.0,0.0,26.509
10364.0,1,0,0.811,10,2.884,347,249,3322.0,0.0,26.489
10365.0,1,0,0.811,10,2.884,347,249,3322.0,0.0,26.488
10366.0,1,0,0.811,10,2.884,347,249,3322.0,0.0,26.468
10367.0,1,0,0.811,10,2.884,347,249,3322.0,0.0,26.448
10368.0,1,0,0.811,10,2.884,347,249,3322.0,0.0,26.428
10369.0,1,0,0.811,10,2.884,347,249,3322.0,0.0,26.408
10370.0,1,0,0.811,10,2.884,347,249,3322.0,0.0,26.388
10371.0,1,0,0.811,10,2.884,347,249,3322.0,0.0,26.368
10372.0,1,0,0.811,10,2.884,347,249,3322.0,0.0,26.348
10373.0,1,0,0.811,10,2.884,347,249,3322.0,0.0,26.328
10374.0,1,0,0.811,10,2.884,347,249,3322.0,0.0,26.308
10375.0,1,0,0.811,10,2.884,347,249,3322.0,0.0,26.288
10376.0,1,0,0.811,10,2.884,347,249,3322.0,0.0,26.279
10377.0,1,0,0.811,10,2.884,347,249,3322.0,0.0,26.259
10378.0,1,0,0.811,10,2.884,347,249,3322.0,0.0,26.258
10379.0,1,0,0.811,10,2.884,347,249,3322.0,0.0,26.258
10380.0,1,0,0.811,10,2.884,347,249,3322.0,0.0,26.258
10381.0,1,0,0.811,10,2.884,347,249,3322.0,0.0,26.258
10382.0,1,0,0.811,10,2.884,347,249,3322.0,0.0,26.258
10383.0,1,0,0.811,10,2.884,347,249,3322.0,0.0,26.278
10384.0,1,0,0.811,10,2.884,347,249,3322.0,0.0,26.298
10385.0,1,0,0.811,10,2.884,347,249,3322.0,0.0,26.318
10386.0,1,0,0.811,10,2.884,347,249,3322.0,0.0,26.321
10387.0,1,0,0.811,10,2.884,347,249,3322.0,0.0,26.341
10388.0,1,0,0.811,10,2.884,347,249,3322.0,0.0,26.361
10389.0,1,0,0.811,10,2.884,347,249,3322.0,0.0,26.381
10390.0,1,0,0.811,10,2.884,347,249,3322.0,0.0,26.401
10391.0,1,0,0.811,10,2.884,347,249,3322.0,0.0,26.404
10392.0,1,0,0.811,10,2.884,347,249,3322.0,0.0,26.424
10393.0,1,1,0.811,10,2.884,347,249,3322.0,0.00073,26.424
10394.0,1,1,0.811,10,2.884,347,249,3322.0,0.00073,26.424
10395.0,1,1,0.811,10,2.884,347,249,3322.0,0.00073,26.424
10396.0,1,1,0.811,10,2.884,347,249,3322.0,0.00073,26.424
10397.0,1,1,0.811,10,2.884,347,249,3322.0,0.00073,26.424
10398.0,1,1,0.811,10,2.884,347,249,3322.0,0.00073,26.424
10399.0,1,1,0.811,10,2.884,347,249,3322.0,0.00073,26.424
10400.0,1,1,0.811,10,2.884,347,249,3322.0,0.00073,26.424
10401.0,1,1,0.811,10,2.884,347,249,3322.0,0.00073,26.424
10402.0,1,1,0.811,10,2.884,347,249,3322.0,0.00073,26.424
10403.0,1,1,0.811,10,2.884,347,249,3322.0,0.00073,26.424
10404.0,1,1,0.811,10,2.884,347,249,3322.0,0.00073,26.424
10405.0,1,1,0.811,10,2.884,347,249,3322.0,0.00073,26.424
10406.0,1,1,0.811,10,2.884,347,249,3322.0,0.00073,26.424
10407.0,1,1,0.811,10,2.884,347,249,3322.0,0.00073,26.424
10408.0,1,1,0.811,10,2.884,347,249,3322.0,0.00073,26.424
10409.0,1,1,0.811,10,2.884,347,249,3322.0,0.00073,26.424
10410.0,1,1,0.811,10,2.884,347,249,3322.0,0.00073,26.424
10411.0,1,1,0.811,10,2.884,347,249,3322.0,0.00073,26.424
10412.0,1,1,0.811,10,2.884,347,249,3322.0,0.00073,26.424
10413.0,1,1,0.811,10,2.884,347,249,3322.0,0.00073,26.424
10414.0,4,0,0.969,10,2.884,348,249,3330.7,0.00073,26.431
10415.0,4,0,0.969,10,2.884,348,249,3330.7,0.00073,26.431
10416.0,4,0,0.969,10,2.883,348,250,3330.7,0.0001,26.413
10417.0,4,0,0.969,10,2.883,348,250,3330.7,0.0001,26.393
10418.0,4,0,0.969,10,2.883,348,250,3330.7,0.0001,26.391
10419.0,4,0,0.969,10,2.883,348,250,3330.7,0.0001,26.371
10420.0,4,0,0.969,10,2.883,348,250,3330.7,0.0001,26.391
10421.0,4,1,0.969,10,2.883,348,250,3330.7,0.0001,26.391
10422.0,4,1,0.969,10,2.883,348,250,3330.7,0.0001,26.391
10423.0,4,1,0.969,10,2.883,348,250,3330.7,0.0001,26.391
10424.0,4,1,0.969,10,2.883,348,250,3330.7,0.0001,26.391
10425.0,4,1,0.969,10,2.883,348,250,3330.7,0.0001,26.391
10426.0,4,1,0.969,10,2.883,348,250,3330.7,0.0001,26.391
10427.0,4,1,0.969,10,2.883,348,250,3330.7,0.0001,26.391
10428.0,4,1,0.969,10,2.883,348,250,3330.7,0.0001,26.391
10429.0,4,1,0.969,10,2.883,348,250,3330.7,0.0001,26.391
10430.0,4,1,0.969,10,2.883,348,250,3330.7,0.0001,26.391
10431.0,4,1,0.969,10,2.883,348,250,3330.7,0.0001,26.391
10432.0,4,1,0.969,10,2.883,348,250,3330.7,0.0001,26.391
10433.0,4,1,0.969,10,2.883,348,250,3330.7,0.0001,26.391
10434.0,4,1,0.969,10,2.883,348,250,3330.7,0.0001,26.391
10435.0,4,1,0.969,10,2.883,348,250,3330.7,0.0001,26.391
10436.0,6,0,0.911,10,2.883,349,250,3336.4,0.0001,26.004
10437.0,6,0,0.911,10,2.883,349,250,3336.4,0.0001,26.024
10438.0,6,1,0.911,10,2.883,349,250,3336.4,0.0001,26.024
10439.0,6,1,0.911,10,2.883,349,250,3336.4,0.0001,26.024
10440.0,6,1,0.911,10,2.883,349,250,3336.4,0.0001,26.024
10441.0,6,0,1.0,10,2.883,349,250,3336.4,0.0001,26.255
10442.0,6,0,1.0,10,2.883,349,250,3336.4,0.0001,26.275
10443.0,6,0,1.0,10,2.883,349,250,3336.4,0.0001,26.295
10444.0,6,0,1.0,10,2.883,349,250,3336.4,0.0001,26.315
10445.0,6,0,1.0,10,2.883,349,250,3336.4,0.0001,26.335
10446.0,6,0,1.0,10,2.883,349,250,3336.4,0.0001,26.355
10447.0,6,0,1.0,10,2.883,349,250,3336.4,0.0001,26.338
10448.0,6,0,1.0,10,2.883,349,250,3336.4,0.0001,26.338
10449.0,6,0,1.0,10,2.883,349,250,3336.4,0.0001,26.338
10450.0,6,0,1.0,10,2.883,349,250,3336.4,0.0001,26.358
10451.0,6,0,1.0,10,2.883,349,250,3336.4,0.0001,26.359
10452.0,6,0,1.0,10,2.883,349,250,3336.4,0.0001,26.359
10453.0,6,0,1.0,10,2.883,349,250,3336.4,0.0001,26.359
10454.0,6,0,1.0,10,2.883,349,250,3336.4,0.0001,26.359
10455.0,6,0,1.0,10,2.883,349,250,3336.4,0.0001,26.339
10456.0,6,0,1.0,10,2.883,349,250,3336.4,0.0001,26.319
10457.0,6,0,1.0,10,2.883,349,250,3336.4,0.0001,26.299
10458.0,6,0,1.0,10,2.883,349,250,3336.4,0.0001,26.279
10459.0,6,0,1.0,10,2.883,349,250,3336.4,0.0001,26.275
10460.0,6,0,1.0,10,2.883,349,250,3336.4,0.0001,26.256
10461.0,6,0,1.0,10,2.883,349,250,3336.4,0.0001,26.255
10462.0,6,0,1.0,10,2.883,349,250,3336.4,0.0001,26.275
10463.0,6,0,1.0,10,2.883,349,250,3336.4,0.0001,26.255
10464.0,6,0,1.0,10,2.883,349,250,3336.4,0.0001,26.235
10465.0,6,0,1.0,10,2.883,349,250,3336.4,0.0001,26.234
10466.0,6,0,1.0,10,2.883,349,250,3336.4,0.0001,26.214
10467.0,6,0,1.0,10,2.883,349,250,3336.4,0.0001,26.213
10468.0,6,0,1.0,10,2.883,349,250,3336.4,0.0001,26.233
10469.0,6,0,1.0,10,2.883,349,250,3336.4,0.0001,26.234
10470.0,6,0,1.0,10,2.883,349,250,3336.4,0.0001,26.254
10471.0,6,0,1.0,10,2.883,349,250,3336.4,0.0001,26.255
10472.0,6,0,1.0,10,2.883,349,250,3336.4,0.0001,26.275
10473.0,6,0,1.0,10,2.883,349,250,3336.4,0.0001,26.295
10474.0,6,0,1.0,10,2.883,349,250,3336.4,0.0001,26.315
10475.0,6,0,1.0,10,2.883,349,250,3336.4,0.0001,26.335
10476.0,6,0,1.0,10,2.883,349,250,3336.4,0.0001,26.355
10477.0,6,0,1.0,10,2.883,349,250,3336.4,0.0001,26.375
10478.0,6,0,1.0,10,2.883,349,250,3336.4,0.0001,26.395
10479.0,6,0,1.0,10,2.883,349,250,3336.4,0.0001,26.401
10480.0,6,0,1.0,10,2.883,349,250,3336.4,0.0001,26.401
10481.0,6,0,1.0,10,2.883,349,250,3336.4,0.0001,26.401
10482.0,6,0,1.0,10,2.883,349,250,3336.4,0.0001,26.381
10483.0,6,0,1.0,10,2.883,349,250,3336.4,0.0001,26.401
10484.0,6,0,1.0,10,2.883,349,250,3336.4,0.0001,26.401
10485.0,6,0,1.0,10,2.883,349,250,3336.4,0.0001,26.421
10486.0,6,0,1.0,10,2.883,349,250,3336.4,0.0001,26.422
10487.0,6,0,1.0,10,2.883,349,250,3336.4,0.0001,26.422
10488.0,6,0,1.0,10,2.883,349,250,3336.4,0.0001,26.422
10489.0,6,0,1.0,10,2.883,349,250,3336.4,0.0001,26.402
10490.0,6,1,1.0,10,2.883,349,250,3336.4,0.00157,26.402
10491.0,6,1,1.0,10,2.883,349,250,3336.4,0.00157,26.402
10492.0,6,1,1.0,10,2.883,349,250,3336.4,0.00157,26.402
10493.0,6,1,1.0,10,2.883,349,250,3336.4,0.00157,26.402
10494.0,6,1,1.0,10,2.883,349,250,3336.4,0.00157,26.402
10495.0,6,1,1.0,10,2.883,349,250,3336.4,0.00157,26.402
10496.0,6,1,1.0,10,2.883,349,250,3336.4,0.00157,26.402
10497.0,6,1,1.0,10,2.883,349,250,3336.4,0.00157,26.402
10498.0,6,1,1.0,10,2.883,349,250,3336.4,0.00157,26.402
10499.0,6,1,1.0,10,2.883,349,250,3336.4,0.00157,26.402
10500.0,6,1,1.0,10,2.883,349,250,3336.4,0.00157,26.402
10501.0,6,1,1.0,10,2.883,349,250,3336.4,0.00157,26.402
10502.0,6,1,1.0,10,2.883,349,250,3336.4,0.00157,26.402
10503.0,6,1,1.0,10,2.883,349,250,3336.4,0.00157,26.402
10504.0,6,1,1.0,10,2.883,349,250,3336.4,0.00157,26.402
10505.0,6,1,1.0,10,2.883,349,250,3336.4,0.00157,26.402
10506.0,6,1,1.0,10,2.883,349,250,3336.4,0.00157,26.402
10507.0,6,1,1.0,10,2.883,349,250,3336.4,0.00157,26.402
10508.0,6,1,1.0,10,2.883,349,250,3336.4,0.00157,26.402
10509.0,6,1,1.0,10,2.883,349,250,3336.4,0.00157,26.402
10510.0,6,1,1.0,10,2.883,349,250,3336.4,0.00157,26.402
10511.0,6,1,1.0,10,2.883,349,250,3336.4,0.00157,26.402
10512.0,6,1,1.0,10,2.883,349,250,3336.4,0.00157,26.402
10513.0,6,1,1.0,10,2.883,349,250,3336.4,0.00157,26.402
10514.0,6,1,1.0,10,2.883,349,250,3336.4,0.00157,26.402
10515.0,6,1,1.0,10,2.883,349,250,3336.4,0.00157,26.402
10516.0,6,1,1.0,10,2.883,349,250,3336.4,0.00157,26.402
10517.0,6,1,1.0,10,2.883,349,250,3336.4,0.00157,26.402
10518.0,6,1,1.0,10,2.883,349,250,3336.4,0.00157,26.402
10519.0,6,1,1.0,10,2.883,349,250,3336.4,0.00157,26.402
10520.0,6,1,1.0,10,2.883,349,250,3336.4,0.00157,26.402
10521.0,6,1,1.0,10,2.883,349,250,3336.4,0.00157,26.402
10522.0,6,1,1.0,10,2.883,349,250,3336.4,0.00157,26.402
10523.0,6,1,1.0,10,2.883,349,250,3336.4,0.00157,26.402
10524.0,6,1,1.0,10,2.883,349,250,3336.4,0.00157,26.402
10525.0,6,1,1.0,10,2.883,349,250,3336.4,0.00157,26.402
10526.0,6,1,1.0,10,2.883,349,250,3336.4,0.00157,26.402
10527.0,6,1,1.0,10,2.883,349,250,3336.4,0.00157,26.402
10528.0,6,1,1.0,10,2.883,349,250,3336.4,0.00157,26.402
10529.0,6,1,1.0,10,2.883,349,250,3336.4,0.00157,26.402
10530.0,6,1,1.0,10,2.883,349,250,3336.4,0.00157,26.402
10531.0,6,1,1.0,10,2.883,349,250,3336.4,0.00157,26.402
10532.0,6,1,1.0,10,2.883,349,250,3336.4,0.00157,26.402
10533.0,6,1,1.0,10,2.883,349,250,3336.4,0.00157,26.402
10534.0,6,1,1.0,10,2.883,349,250,3336.4,0.00157,26.402
10535.0,6,1,1.0,10,2.883,349,250,3336.4,0.00157,26.402
10536.0,6,1,1.0,10,2.883,349,250,3336.4,0.00157,26.402
10537.0,6,1,1.0,10,2.883,349,250,3336.4,0.00157,26.402
10538.0,6,1,1.0,10,2.883,349,250,3336.4,0.00157,26.402
10539.0,6,1,1.0,10,2.883,349,250,3336.4,0.00157,26.402
10540.0,6,1,1.0,10,2.883,349,250,3336.4,0.00157,26.402
10541.0,6,1,1.0,10,2.883,349,250,3336.4,0.00157,26.402
10542.0,6,1,1.0,10,2.883,349,250,3336.4,0.00157,26.402
10543.0,6,1,1.0,10,2.883,349,250,3336.4,0.00157,26.402
10544.0,6,1,1.0,10,2.883,349,250,3336.4,0.00157,26.402
10545.0,6,1,1.0,10,2.883,349,250,3336.4,0.00157,26.402
10546.0,6,1,1.0,10,2.883,349,250,3336.4,0.00157,26.402
10547.0,6,1,1.0,10,2.883,349,250,3336.4,0.00157,26.402
10548.0,6,1,1.0,10,2.883,349,250,3336.4,0.00157,26.402
10549.0,6,1,1.0,10,2.883,349,250,3336.4,0.00157,26.402
10550.0,6,1,1.0,10,2.883,349,250,3336.4,0.00157,26.402
10551.0,6,1,1.0,10,2.883,349,250,3336.4,0.00157,26.402
10552.0,6,1,1.0,10,2.883,349,250,3336.4,0.00157,26.402
10553.0,6,1,1.0,10,2.883,349,250,3336.4,0.00157,26.402
10554.0,6,1,1.0,10,2.883,349,250,3336.4,0.00157,26.402
10555.0,6,1,1.0,10,2.883,349,250,3336.4,0.00157,26.402
10556.0,6,1,1.0,10,2.883,349,250,3336.4,0.00157,26.402
10557.0,6,1,1.0,10,2.883,349,250,3336.4,0.00157,26.402
10558.0,6,1,1.0,10,2.883,349,250,3336.4,0.00157,26.402
10559.0,6,1,1.0,10,2.883,349,250,3336.4,0.00157,26.402
10560.0,6,1,1.0,10,2.883,349,250,3336.4,0.00157,26.402
10561.0,6,1,1.0,10,2.883,349,250,3336.4,0.00157,26.402
10562.0,6,1,1.0,10,2.883,349,250,3336.4,0.00157,26.402
10563.0,6,1,1.0,10,2.883,349,250,3336.4,0.00157,26.402
10564.0,6,1,1.0,10,2.883,349,250,3336.4,0.00157,26.402
10565.0,6,1,1.0,10,2.883,349,250,3336.4,0.00157,26.402
10566.0,7,0,0.903,10,2.883,350,250,3339.3,0.00157,26.5
10567.0,7,0,0.903,10,2.883,350,250,3339.3,0.00157,26.482
10568.0,7,0,0.903,10,2.876,350,251,3339.3,0.00018,26.467
10569.0,7,0,0.903,10,2.876,350,251,3339.3,0.00018,26.448
10570.0,7,0,0.903,10,2.876,350,251,3339.3,0.00018,26.428
10571.0,7,0,0.903,10,2.876,350,251,3339.3,0.00018,26.408
10572.0,7,0,0.903,10,2.876,350,251,3339.3,0.00018,26.388
10573.0,7,0,0.903,10,2.876,350,251,3339.3,0.00018,26.368
10574.0,7,0,0.903,10,2.876,350,251,3339.3,0.00018,26.348
10575.0,7,0,0.903,10,2.876,350,251,3339.3,0.00018,26.329
10576.0,7,0,0.903,10,2.876,350,251,3339.3,0.00018,26.309
10577.0,7,1,0.903,10,2.876,350,251,3339.3,0.00018,26.309
10578.0,7,1,0.903,10,2.876,350,251,3339.3,0.00018,26.309
10579.0,7,0,1.0,10,2.876,350,251,3339.3,0.00018,26.067
10580.0,7,0,1.0,10,2.876,350,251,3339.3,0.00018,26.067
10581.0,7,0,1.0,10,2.876,350,251,3339.3,0.00018,26.067
10582.0,7,0,1.0,10,2.876,350,251,3339.3,0.00018,26.087
10583.0,7,0,1.0,10,2.876,350,251,3339.3,0.00018,26.107
10584.0,7,0,1.0,10,2.876,350,251,3339.3,0.00018,26.127
10585.0,7,1,1.0,10,2.876,350,251,3339.3,0.00018,26.127
10586.0,7,1,1.0,10,2.876,350,251,3339.3,0.00018,26.127
10587.0,7,1,1.0,10,2.876,350,251,3339.3,0.00018,26.127
10588.0,7,1,1.0,10,2.876,350,251,3339.3,0.00018,26.127
10589.0,7,1,1.0,10,2.876,350,251,3339.3,0.00018,26.127
10590.0,7,1,1.0,10,2.876,350,251,3339.3,0.00018,26.127
10591.0,7,1,1.0,10,2.876,350,251,3339.3,0.00018,26.127
10592.0,7,1,1.0,10,2.876,350,251,3339.3,0.00018,26.127
10593.0,7,1,1.0,10,2.876,350,251,3339.3,0.00018,26.127
10594.0,7,1,1.0,10,2.876,350,251,3339.3,0.00018,26.127
10595.0,7,1,1.0,10,2.876,350,251,3339.3,0.00018,26.127
10596.0,7,1,1.0,10,2.876,350,251,3339.3,0.00018,26.127
10597.0,7,1,1.0,10,2.876,350,251,3339.3,0.00018,26.127
10598.0,7,1,1.0,10,2.876,350,251,3339.3,0.00018,26.127
10599.0,7,1,1.0,10,2.876,350,251,3339.3,0.00018,26.127
10600.0,9,0,0.866,10,2.876,351,251,3345.1,0.00018,25.884
10601.0,9,0,0.866,10,2.876,351,251,3345.1,0.00018,25.904
10602.0,9,0,0.866,10,2.872,351,252,3345.1,0.00018,25.986
10603.0,9,0,0.866,10,2.872,351,252,3345.1,0.00018,26.006
10604.0,9,0,0.866,10,2.872,351,252,3345.1,0.00018,26.026
10605.0,9,0,0.866,10,2.872,351,252,3345.1,0.00018,26.046
10606.0,9,1,0.866,10,2.872,351,252,3345.1,0.00018,26.046
10607.0,9,1,0.866,10,2.872,351,252,3345.1,0.00018,26.046
10608.0,9,1,0.866,10,2.872,351,252,3345.1,0.00018,26.046
10609.0,9,1,0.866,10,2.872,351,252,3345.1,0.00018,26.046
10610.0,9,1,0.866,10,2.872,351,252,3345.1,0.00018,26.046
10611.0,9,1,0.866,10,2.872,351,252,3345.1,0.00018,26.046
10612.0,9,1,0.866,10,2.872,351,252,3345.1,0.00018,26.046
10613.0,9,1,0.866,10,2.872,351,252,3345.1,0.00018,26.046
10614.0,9,1,0.866,10,2.872,351,252,3345.1,0.00018,26.046
10615.0,9,1,0.866,10,2.872,351,252,3345.1,0.00018,26.046
10616.0,9,1,0.866,10,2.872,351,252,3345.1,0.00018,26.046
10617.0,9,1,0.866,10,2.872,351,252,3345.1,0.00018,26.046
10618.0,9,1,0.866,10,2.872,351,252,3345.1,0.00018,26.046
10619.0,9,1,0.866,10,2.872,351,252,3345.1,0.00018,26.046
10620.0,9,1,0.866,10,2.872,351,252,3345.1,0.00018,26.046
10621.0,9,1,0.866,10,2.872,351,252,3345.1,0.00018,26.046
10622.0,9,1,0.866,10,2.872,351,252,3345.1,0.00018,26.046
10623.0,9,1,0.866,10,2.872,351,252,3345.1,0.00018,26.046
10624.0,9,1,0.866,10,2.872,351,252,3345.1,0.00018,26.046
10625.0,9,1,0.866,10,2.872,351,252,3345.1,0.00018,26.046
10626.0,9,1,0.866,10,2.872,351,252,3345.1,0.00018,26.046
10627.0,9,1,0.866,10,2.872,351,252,3345.1,0.00018,26.046
10628.0,9,1,0.866,10,2.872,351,252,3345.1,0.00018,26.046
10629.0,9,1,0.866,10,2.872,351,252,3345.1,0.00018,26.046
10630.0,9,1,0.866,10,2.872,351,252,3345.1,0.00018,26.046
10631.0,9,1,0.866,10,2.872,351,252,3345.1,0.00018,26.046
10632.0,9,1,0.866,10,2.872,351,252,3345.1,0.00018,26.046
10633.0,9,1,0.866,10,2.872,351,252,3345.1,0.00018,26.046
10634.0,9,1,0.866,10,2.872,351,252,3345.1,0.00018,26.046
10635.0,9,1,0.866,10,2.872,351,252,3345.1,0.00018,26.046
10636.0,9,1,0.866,10,2.872,351,252,3345.1,0.00018,26.046
10637.0,9,1,0.866,10,2.872,351,252,3345.1,0.00018,26.046
10638.0,9,1,0.866,10,2.872,351,252,3345.1,0.00018,26.046
10639.0,9,1,0.866,10,2.872,351,252,3345.1,0.00018,26.046
10640.0,9,1,0.866,10,2.872,351,252,3345.1,0.00018,26.046
10641.0,9,1,0.866,10,2.872,351,252,3345.1,0.00018,26.046
10642.0,9,1,0.866,10,2.872,351,252,3345.1,0.00018,26.046
10643.0,9,1,0.866,10,2.872,351,252,3345.1,0.00018,26.046
10644.0,9,1,0.866,10,2.872,351,252,3345.1,0.00018,26.046
10645.0,9,1,0.866,10,2.872,351,252,3345.1,0.00018,26.046
10646.0,9,1,0.866,10,2.872,351,252,3345.1,0.00018,26.046
10647.0,9,1,0.866,10,2.872,351,252,3345.1,0.00018,26.046
10648.0,9,1,0.866,10,2.872,351,252,3345.1,0.00018,26.046
10649.0,9,1,0.866,10,2.872,351,252,3345.1,0.00018,26.046
10650.0,9,1,0.866,10,2.872,351,252,3345.1,0.00018,26.046
10651.0,9,1,0.866,10,2.872,351,252,3345.1,0.00018,26.046
10652.0,9,1,0.866,10,2.872,351,252,3345.1,0.00018,26.046
10653.0,9,1,0.866,10,2.872,351,252,3345.1,0.00018,26.046
10654.0,9,1,0.866,10,2.872,351,252,3345.1,0.00018,26.046
10655.0,9,1,0.866,10,2.872,351,252,3345.1,0.00018,26.046
10656.0,9,1,0.866,10,2.872,351,252,3345.1,0.00018,26.046
10657.0,9,1,0.866,10,2.872,351,252,3345.1,0.00018,26.046
10658.0,9,1,0.866,10,2.872,351,252,3345.1,0.00018,26.046
10659.0,9,1,0.866,10,2.872,351,252,3345.1,0.00018,26.046
10660.0,7,0,0.919,10,2.872,352,252,3350.8,0.00018,25.941
10661.0,7,0,0.919,10,2.872,352,252,3350.8,0.00018,25.941
10662.0,7,1,0.919,10,2.872,352,252,3350.8,0.00018,25.941
10663.0,7,1,0.919,10,2.872,352,252,3350.8,0.00018,25.941
10664.0,7,1,0.919,10,2.872,352,252,3350.8,0.00018,25.941
10665.0,7,1,0.919,10,2.872,352,252,3350.8,0.00018,25.941
10666.0,7,1,0.919,10,2.872,352,252,3350.8,0.00018,25.941
10667.0,7,1,0.919,10,2.872,352,252,3350.8,0.00018,25.941
10668.0,7,1,0.919,10,2.872,352,252,3350.8,0.00018,25.941
10669.0,7,1,0.919,10,2.872,352,252,3350.8,0.00018,25.941
10670.0,7,1,0.919,10,2.872,352,252,3350.8,0.00018,25.941
10671.0,7,1,0.919,10,2.872,352,252,3350.8,0.00018,25.941
10672.0,7,1,0.919,10,2.872,352,252,3350.8,0.00018,25.941
10673.0,7,1,0.919,10,2.872,352,252,3350.8,0.00018,25.941
10674.0,7,1,0.919,10,2.872,352,252,3350.8,0.00018,25.941
10675.0,7,1,0.919,10,2.872,352,252,3350.8,0.00018,25.941
10676.0,7,1,0.919,10,2.872,352,252,3350.8,0.00018,25.941
10677.0,7,1,0.919,10,2.872,352,252,3350.8,0.00018,25.941
10678.0,7,1,0.919,10,2.872,352,252,3350.8,0.00018,25.941
10679.0,4,0,0.756,10,2.872,353,252,3359.4,0.00018,25.765
10680.0,4,0,0.756,10,2.872,353,252,3359.4,0.00018,25.765
10681.0,4,1,0.756,10,2.872,353,252,3359.4,0.00018,25.765
10682.0,4,1,0.756,10,2.872,353,252,3359.4,0.00018,25.765
10683.0,4,1,0.756,10,2.872,353,252,3359.4,0.00018,25.765
10684.0,4,1,0.756,10,2.872,353,252,3359.4,0.00018,25.765
10685.0,4,1,0.756,10,2.872,353,252,3359.4,0.00018,25.765
10686.0,4,1,0.756,10,2.872,353,252,3359.4,0.00018,25.765
10687.0,4,1,0.756,10,2.872,353,252,3359.4,0.00018,25.765
10688.0,4,1,0.756,10,2.872,353,252,3359.4,0.00018,25.765
10689.0,4,1,0.756,10,2.872,353,252,3359.4,0.00018,25.765
10690.0,4,1,0.756,10,2.872,353,252,3359.4,0.00018,25.765
10691.0,4,1,0.756,10,2.872,353,252,3359.4,0.00018,25.765
10692.0,4,1,0.756,10,2.872,353,252,3359.4,0.00018,25.765
10693.0,4,1,0.756,10,2.872,353,252,3359.4,0.00018,25.765
10694.0,4,1,0.756,10,2.872,353,252,3359.4,0.00018,25.765
10695.0,4,1,0.756,10,2.872,353,252,3359.4,0.00018,25.765
10696.0,4,1,0.756,10,2.872,353,252,3359.4,0.00018,25.765
10697.0,4,1,0.756,10,2.872,353,252,3359.4,0.00018,25.765
10698.0,4,1,0.756,10,2.872,353,252,3359.4,0.00018,25.765
10699.0,4,1,0.756,10,2.872,353,252,3359.4,0.00018,25.765
10700.0,4,1,0.756,10,2.872,353,252,3359.4,0.00018,25.765
10701.0,4,1,0.756,10,2.872,353,252,3359.4,0.00018,25.765
10702.0,4,1,0.756,10,2.872,353,252,3359.4,0.00018,25.765
10703.0,4,1,0.756,10,2.872,353,252,3359.4,0.00018,25.765
10704.0,4,1,0.756,10,2.872,353,252,3359.4,0.00018,25.765
10705.0,4,1,0.756,10,2.872,353,252,3359.4,0.00018,25.765
10706.0,4,1,0.756,10,2.872,353,252,3359.4,0.00018,25.765
10707.0,4,1,0.756,10,2.872,353,252,3359.4,0.00018,25.765
10708.0,4,1,0.756,10,2.872,353,252,3359.4,0.00018,25.765
10709.0,4,1,0.756,10,2.872,353,252,3359.4,0.00018,25.765
10710.0,4,1,0.756,10,2.872,353,252,3359.4,0.00018,25.765
10711.0,4,1,0.756,10,2.872,353,252,3359.4,0.00018,25.765
10712.0,4,1,0.756,10,2.872,353,252,3359.4,0.00018,25.765
10713.0,4,1,0.756,10,2.872,353,252,3359.4,0.00018,25.765
10714.0,4,1,0.756,10,2.872,353,252,3359.4,0.00018,25.765
10715.0,4,1,0.756,10,2.872,353,252,3359.4,0.00018,25.765
10716.0,4,1,0.756,10,2.872,353,252,3359.4,0.00018,25.765
10717.0,4,1,0.756,10,2.872,353,252,3359.4,0.00018,25.765
10718.0,4,1,0.756,10,2.872,353,252,3359.4,0.00018,25.765
10719.0,4,1,0.756,10,2.872,353,252,3359.4,0.00018,25.765
10720.0,4,1,0.756,10,2.872,353,252,3359.4,0.00018,25.765
10721.0,4,1,0.756,10,2.872,353,252,3359.4,0.00018,25.765
10722.0,4,1,0.756,10,2.872,353,252,3359.4,0.00018,25.765
10723.0,4,1,0.756,10,2.872,353,252,3359.4,0.00018,25.765
10724.0,4,1,0.756,10,2.872,353,252,3359.4,0.00018,25.765
10725.0,4,1,0.756,10,2.872,353,252,3359.4,0.00018,25.765
10726.0,7,0,0.982,10,2.872,354,252,3368.1,0.00018,25.628
10727.0,7,0,0.982,10,2.872,354,252,3368.1,0.00018,25.648
10728.0,7,0,0.982,10,2.872,354,253,3368.1,0.00018,25.704
10729.0,7,0,0.982,10,2.872,354,253,3368.1,0.00018,25.706
10730.0,7,0,0.982,10,2.872,354,253,3368.1,0.00018,25.726
10731.0,7,0,0.982,10,2.872,354,253,3368.1,0.00018,25.746
10732.0,7,0,0.982,10,2.872,354,253,3368.1,0.00018,25.766
10733.0,7,0,0.982,10,2.872,354,253,3368.1,0.00018,25.787
10734.0,7,0,0.982,10,2.872,354,253,3368.1,0.00018,25.807
10735.0,7,0,0.982,10,2.872,354,253,3368.1,0.00018,25.827
10736.0,7,0,0.982,10,2.872,354,253,3368.1,0.00018,25.847
10737.0,7,0,0.982,10,2.872,354,253,3368.1,0.00018,25.852
10738.0,7,0,0.982,10,2.872,354,253,3368.1,0.00018,25.832
10739.0,7,0,0.982,10,2.872,354,253,3368.1,0.00018,25.813
10740.0,7,0,0.982,10,2.872,354,253,3368.1,0.00018,25.793
10741.0,7,0,0.982,10,2.872,354,253,3368.1,0.00018,25.773
10742.0,7,0,0.982,10,2.872,354,253,3368.1,0.00018,25.753
10743.0,7,0,0.982,10,2.872,354,253,3368.1,0.00018,25.748
10744.0,7,0,0.982,10,2.872,354,253,3368.1,0.00018,25.748
10745.0,7,1,0.982,10,2.872,354,253,3368.1,0.00018,25.748
10746.0,7,1,0.982,10,2.872,354,253,3368.1,0.00018,25.748
10747.0,7,0,1.0,10,2.872,354,253,3368.1,0.00018,25.685
10748.0,7,0,1.0,10,2.872,354,253,3368.1,0.00018,25.665
10749.0,7,0,1.0,10,2.872,354,253,3368.1,0.00018,25.645
10750.0,7,0,1.0,10,2.872,354,253,3368.1,0.00018,25.666
10751.0,7,0,1.0,10,2.872,354,253,3368.1,0.00018,25.685
10752.0,7,0,1.0,10,2.872,354,253,3368.1,0.00018,25.685
10753.0,7,0,1.0,10,2.872,354,253,3368.1,0.00018,25.685
10754.0,7,0,1.0,10,2.872,354,253,3368.1,0.00018,25.665
10755.0,7,0,1.0,10,2.872,354,253,3368.1,0.00018,25.645
10756.0,7,0,1.0,10,2.872,354,253,3368.1,0.00018,25.626
10757.0,7,0,1.0,10,2.872,354,253,3368.1,0.00018,25.622
10758.0,7,0,1.0,10,2.872,354,253,3368.1,0.00018,25.622
10759.0,7,0,1.0,10,2.872,354,253,3368.1,0.00018,25.642
10760.0,7,0,1.0,10,2.872,354,253,3368.1,0.00018,25.663
10761.0,7,0,1.0,10,2.872,354,253,3368.1,0.00018,25.683
10762.0,7,0,1.0,10,2.872,354,253,3368.1,0.00018,25.703
10763.0,7,0,1.0,10,2.872,354,253,3368.1,0.00018,25.723
10764.0,7,0,1.0,10,2.872,354,253,3368.1,0.00018,25.743
10765.0,7,0,1.0,10,2.872,354,253,3368.1,0.00018,25.764
10766.0,7,0,1.0,10,2.872,354,253,3368.1,0.00018,25.784
10767.0,7,0,1.0,10,2.872,354,253,3368.1,0.00018,25.804
10768.0,7,0,1.0,10,2.872,354,253,3368.1,0.00018,25.81
10769.0,7,0,1.0,10,2.872,354,253,3368.1,0.00018,25.81
10770.0,7,0,1.0,10,2.872,354,253,3368.1,0.00018,25.81
10771.0,7,0,1.0,10,2.872,354,253,3368.1,0.00018,25.81
10772.0,7,0,1.0,10,2.872,354,253,3368.1,0.00018,25.831
10773.0,7,1,1.0,10,2.872,354,253,3368.1,0.00018,25.831
10774.0,7,1,1.0,10,2.872,354,253,3368.1,0.00018,25.831
10775.0,7,1,1.0,10,2.872,354,253,3368.1,0.00018,25.831
10776.0,7,1,1.0,10,2.872,354,253,3368.1,0.00018,25.831
10777.0,7,1,1.0,10,2.872,354,253,3368.1,0.00018,25.831
10778.0,7,1,1.0,10,2.872,354,253,3368.1,0.00018,25.831
10779.0,7,1,1.0,10,2.872,354,253,3368.1,0.00018,25.831
10780.0,7,1,1.0,10,2.872,354,253,3368.1,0.00018,25.831
10781.0,7,1,1.0,10,2.872,354,253,3368.1,0.00018,25.831
10782.0,7,1,1.0,10,2.872,354,253,3368.1,0.00018,25.831
10783.0,7,1,1.0,10,2.872,354,253,3368.1,0.00018,25.831
10784.0,7,1,1.0,10,2.872,354,253,3368.1,0.00018,25.831
10785.0,7,1,1.0,10,2.872,354,253,3368.1,0.00018,25.831
10786.0,7,1,1.0,10,2.872,354,253,3368.1,0.00018,25.831
10787.0,7,1,1.0,10,2.872,354,253,3368.1,0.00018,25.831
10788.0,7,1,1.0,10,2.872,354,253,3368.1,0.00018,25.831
10789.0,7,1,1.0,10,2.872,354,253,3368.1,0.00018,25.831
10790.0,7,1,1.0,10,2.872,354,253,3368.1,0.00018,25.831
10791.0,7,1,1.0,10,2.872,354,253,3368.1,0.00018,25.831
10792.0,7,1,1.0,10,2.872,354,253,3368.1,0.00018,25.831
10793.0,7,1,1.0,10,2.872,354,253,3368.1,0.00018,25.831
10794.0,7,1,1.0,10,2.872,354,253,3368.1,0.00018,25.831
10795.0,7,1,1.0,10,2.872,354,253,3368.1,0.00018,25.831
10796.0,7,1,1.0,10,2.872,354,253,3368.1,0.00018,25.831
10797.0,7,1,1.0,10,2.872,354,253,3368.1,0.00018,25.831
10798.0,1,0,0.622,10,2.872,355,253,3385.3,0.00018,25.424
10799.0,1,1,0.622,10,2.872,355,253,3385.3,0.00018,25.424
10800.0,1,1,0.622,10,2.872,355,253,3385.3,0.00018,25.424
10801.0,1,1,0.622,10,2.872,355,253,3385.3,0.00018,25.424
10802.0,1,1,0.622,10,2.872,355,253,3385.3,0.00018,25.424
10803.0,1,1,0.622,10,2.872,355,253,3385.3,0.00018,25.424
10804.0,1,1,0.622,10,2.872,355,253,3385.3,0.00018,25.424
10805.0,1,1,0.622,10,2.872,355,253,3385.3,0.00018,25.424
10806.0,1,1,0.622,10,2.872,355,253,3385.3,0.00018,25.424
10807.0,1,1,0.622,10,2.872,355,253,3385.3,0.00018,25.424
10808.0,1,1,0.622,10,2.872,355,253,3385.3,0.00018,25.424
10809.0,1,1,0.622,10,2.872,355,253,3385.3,0.00018,25.424
10810.0,1,1,0.622,10,2.872,355,253,3385.3,0.00018,25.424
10811.0,1,1,0.622,10,2.872,355,253,3385.3,0.00018,25.424
10812.0,1,1,0.622,10,2.872,355,253,3385.3,0.00018,25.424
10813.0,1,1,0.622,10,2.872,355,253,3385.3,0.00018,25.424
10814.0,1,1,0.622,10,2.872,355,253,3385.3,0.00018,25.424
10815.0,1,1,0.622,10,2.872,355,253,3385.3,0.00018,25.424
10816.0,1,1,0.622,10,2.872,355,253,3385.3,0.00018,25.424
10817.0,1,1,0.622,10,2.872,355,253,3385.3,0.00018,25.424
10818.0,5,0,0.935,10,2.872,356,253,3396.8,0.00018,25.231
10819.0,5,0,0.935,10,2.872,356,253,3396.8,0.00018,25.231
10820.0,5,0,0.935,10,2.871,356,254,3396.8,-0.0,25.3
10821.0,5,0,0.935,10,2.871,356,254,3396.8,-0.0,25.32
10822.0,5,0,0.935,10,2.871,356,254,3396.8,-0.0,25.34
10823.0,5,1,0.935,10,2.871,356,254,3396.8,-0.0,25.34
10824.0,5,1,0.935,10,2.871,356,254,3396.8,-0.0,25.34
10825.0,5,1,0.935,10,2.871,356,254,3396.8,-0.0,25.34
10826.0,5,1,0.935,10,2.871,356,254,3396.8,-0.0,25.34
10827.0,5,1,0.935,10,2.871,356,254,3396.8,-0.0,25.34
10828.0,5,1,0.935,10,2.871,356,254,3396.8,-0.0,25.34
10829.0,5,1,0.935,10,2.871,356,254,3396.8,-0.0,25.34
10830.0,5,1,0.935,10,2.871,356,254,3396.8,-0.0,25.34
10831.0,5,1,0.935,10,2.871,356,254,3396.8,-0.0,25.34
10832.0,5,1,0.935,10,2.871,356,254,3396.8,-0.0,25.34
10833.0,5,1,0.935,10,2.871,356,254,3396.8,-0.0,25.34
10834.0,5,1,0.935,10,2.871,356,254,3396.8,-0.0,25.34
10835.0,5,1,0.935,10,2.871,356,254,3396.8,-0.0,25.34
10836.0,5,1,0.935,10,2.871,356,254,3396.8,-0.0,25.34
10837.0,5,1,0.935,10,2.871,356,254,3396.8,-0.0,25.34
10838.0,5,1,0.935,10,2.871,356,254,3396.8,-0.0,25.34
10839.0,5,1,0.935,10,2.871,356,254,3396.8,-0.0,25.34
10840.0,5,1,0.935,10,2.871,356,254,3396.8,-0.0,25.34
10841.0,5,1,0.935,10,2.871,356,254,3396.8,-0.0,25.34
10842.0,5,1,0.935,10,2.871,356,254,3396.8,-0.0,25.34
10843.0,5,1,0.935,10,2.871,356,254,3396.8,-0.0,25.34
10844.0,5,1,0.935,10,2.871,356,254,3396.8,-0.0,25.34
10845.0,9,0,0.966,10,2.871,357,254,3408.3,-0.0,25.172
10846.0,9,0,0.966,10,2.871,357,254,3408.3,-0.0,25.172
10847.0,9,0,0.966,10,2.87,357,255,3408.3,-1e-05,25.234
10848.0,9,0,0.966,10,2.87,357,255,3408.3,-1e-05,25.254
10849.0,9,0,0.966,10,2.87,357,255,3408.3,-1e-05,25.274
10850.0,9,0,0.966,10,2.87,357,255,3408.3,-1e-05,25.294
10851.0,9,0,0.966,10,2.87,357,255,3408.3,-1e-05,25.314
10852.0,9,0,0.966,10,2.87,357,255,3408.3,-1e-05,25.334
10853.0,9,0,0.966,10,2.87,357,255,3408.3,-1e-05,25.354
10854.0,9,0,0.966,10,2.87,357,255,3408.3,-1e-05,25.374
10855.0,9,0,0.966,10,2.87,357,255,3408.3,-1e-05,25.394
10856.0,9,0,0.966,10,2.87,357,255,3408.3,-1e-05,25.414
10857.0,9,0,0.966,10,2.87,357,255,3408.3,-1e-05,25.434
10858.0,9,0,0.966,10,2.87,357,255,3408.3,-1e-05,25.444
10859.0,9,0,0.966,10,2.87,357,255,3408.3,-1e-05,25.444
10860.0,9,0,0.966,10,2.87,357,255,3408.3,-1e-05,25.444
10861.0,9,0,0.966,10,2.87,357,255,3408.3,-1e-05,25.444
10862.0,9,0,0.966,10,2.87,357,255,3408.3,-1e-05,25.444
10863.0,9,0,0.966,10,2.87,357,255,3408.3,-1e-05,25.464
10864.0,9,0,0.966,10,2.87,357,255,3408.3,-1e-05,25.465
10865.0,9,0,0.966,10,2.87,357,255,3408.3,-1e-05,25.465
10866.0,9,0,0.966,10,2.87,357,255,3408.3,-1e-05,25.465
10867.0,9,0,0.966,10,2.87,357,255,3408.3,-1e-05,25.465
10868.0,9,0,0.966,10,2.87,357,255,3408.3,-1e-05,25.445
10869.0,9,0,0.966,10,2.87,357,255,3408.3,-1e-05,25.444
10870.0,9,0,0.966,10,2.87,357,255,3408.3,-1e-05,25.424
10871.0,9,0,0.966,10,2.87,357,255,3408.3,-1e-05,25.404
10872.0,9,0,0.966,10,2.87,357,255,3408.3,-1e-05,25.384
10873.0,9,0,0.966,10,2.87,357,255,3408.3,-1e-05,25.404
10874.0,9,0,0.966,10,2.87,357,255,3408.3,-1e-05,25.424
10875.0,9,0,0.966,10,2.87,357,255,3408.3,-1e-05,25.444
10876.0,9,0,0.966,10,2.87,357,255,3408.3,-1e-05,25.464
10877.0,9,0,0.966,10,2.87,357,255,3408.3,-1e-05,25.465
10878.0,9,1,0.966,10,2.87,357,255,3408.3,-1e-05,25.465
10879.0,9,1,0.966,10,2.87,357,255,3408.3,-1e-05,25.465
10880.0,9,0,1.0,10,2.87,357,255,3408.3,-1e-05,25.276
10881.0,9,0,1.0,10,2.87,357,255,3408.3,-1e-05,25.276
10882.0,9,0,1.0,10,2.87,357,255,3408.3,-1e-05,25.276
10883.0,9,0,1.0,10,2.87,357,255,3408.3,-1e-05,25.296
10884.0,9,0,1.0,10,2.87,357,255,3408.3,-1e-05,25.316
10885.0,9,0,1.0,10,2.87,357,255,3408.3,-1e-05,25.318
10886.0,9,0,1.0,10,2.87,357,255,3408.3,-1e-05,25.338
10887.0,9,0,1.0,10,2.87,357,255,3408.3,-1e-05,25.339
10888.0,9,0,1.0,10,2.87,357,255,3408.3,-1e-05,25.359
10889.0,9,0,1.0,10,2.87,357,255,3408.3,-1e-05,25.36
10890.0,9,0,1.0,10,2.87,357,255,3408.3,-1e-05,25.38
10891.0,9,0,1.0,10,2.87,357,255,3408.3,-1e-05,25.381
10892.0,9,0,1.0,10,2.87,357,255,3408.3,-1e-05,25.381
10893.0,9,0,1.0,10,2.87,357,255,3408.3,-1e-05,25.381
10894.0,9,1,1.0,10,2.87,357,255,3408.3,-1e-05,25.381
10895.0,9,1,1.0,10,2.87,357,255,3408.3,-1e-05,25.381
10896.0,9,1,1.0,10,2.87,357,255,3408.3,-1e-05,25.381
10897.0,9,0,1.0,10,2.87,357,255,3408.3,-1e-05,25.276
10898.0,9,0,1.0,10,2.87,357,255,3408.3,-1e-05,25.276
10899.0,9,0,1.0,10,2.87,357,255,3408.3,-1e-05,25.276
10900.0,9,0,1.0,10,2.87,357,255,3408.3,-1e-05,25.276
10901.0,9,0,1.0,10,2.87,357,255,3408.3,-1e-05,25.296
10902.0,9,0,1.0,10,2.87,357,255,3408.3,-1e-05,25.316
10903.0,9,1,1.0,10,2.87,357,255,3408.3,-1e-05,25.316
10904.0,9,1,1.0,10,2.87,357,255,3408.3,-1e-05,25.316
10905.0,9,0,1.0,10,2.87,357,255,3408.3,-1e-05,25.444
10906.0,9,0,1.0,10,2.87,357,255,3408.3,-1e-05,25.444
10907.0,9,0,1.0,10,2.87,357,255,3408.3,-1e-05,25.464
10908.0,9,0,1.0,10,2.87,357,255,3408.3,-1e-05,25.484
10909.0,9,0,1.0,10,2.87,357,255,3408.3,-1e-05,25.504
10910.0,9,0,1.0,10,2.87,357,255,3408.3,-1e-05,25.524
10911.0,9,0,1.0,10,2.87,357,255,3408.3,-1e-05,25.544
10912.0,9,0,1.0,10,2.87,357,255,3408.3,-1e-05,25.564
10913.0,9,0,1.0,10,2.87,357,255,3408.3,-1e-05,25.584
10914.0,9,0,1.0,10,2.87,357,255,3408.3,-1e-05,25.59
10915.0,9,0,1.0,10,2.87,357,255,3408.3,-1e-05,25.59
10916.0,9,0,1.0,10,2.87,357,255,3408.3,-1e-05,25.59
10917.0,9,0,1.0,10,2.87,357,255,3408.3,-1e-05,25.59
10918.0,9,0,1.0,10,2.87,357,255,3408.3,-1e-05,25.57
10919.0,9,0,1.0,10,2.87,357,255,3408.3,-1e-05,25.569
10920.0,9,0,1.0,10,2.87,357,255,3408.3,-1e-05,25.569
10921.0,9,0,1.0,10,2.87,357,255,3408.3,-1e-05,25.589
10922.0,9,0,1.0,10,2.87,357,255,3408.3,-1e-05,25.609
10923.0,9,0,1.0,10,2.87,357,255,3408.3,-1e-05,25.611
10924.0,9,0,1.0,10,2.87,357,255,3408.3,-1e-05,25.611
10925.0,9,0,1.0,10,2.87,357,255,3408.3,-1e-05,25.591
10926.0,9,0,1.0,10,2.87,357,255,3408.3,-1e-05,25.59
10927.0,9,0,1.0,10,2.87,357,255,3408.3,-1e-05,25.59
10928.0,9,0,1.0,10,2.87,357,255,3408.3,-1e-05,25.61
10929.0,9,0,1.0,10,2.87,357,255,3408.3,-1e-05,25.611
10930.0,9,0,1.0,10,2.87,357,255,3408.3,-1e-05,25.611
10931.0,9,0,1.0,10,2.87,357,255,3408.3,-1e-05,25.631
10932.0,9,0,1.0,10,2.87,357,255,3408.3,-1e-05,25.651
10933.0,9,0,1.0,10,2.87,357,255,3408.3,-1e-05,25.671
10934.0,9,0,1.0,10,2.87,357,255,3408.3,-1e-05,25.691
10935.0,9,0,1.0,10,2.87,357,255,3408.3,-1e-05,25.711
10936.0,9,0,1.0,10,2.87,357,255,3408.3,-1e-05,25.731
10937.0,9,0,1.0,10,2.87,357,255,3408.3,-1e-05,25.751
10938.0,9,0,1.0,10,2.87,357,255,3408.3,-1e-05,25.731
10939.0,9,0,1.0,10,2.87,357,255,3408.3,-1e-05,25.716
10940.0,9,0,1.0,10,2.87,357,255,3408.3,-1e-05,25.696
10941.0,9,0,1.0,10,2.87,357,255,3408.3,-1e-05,25.676
10942.0,9,0,1.0,10,2.87,357,255,3408.3,-1e-05,25.656
10943.0,9,0,1.0,10,2.87,357,255,3408.3,-1e-05,25.676
10944.0,9,0,1.0,10,2.87,357,255,3408.3,-1e-05,25.696
10945.0,9,0,1.0,10,2.87,357,255,3408.3,-1e-05,25.716
10946.0,9,0,1.0,10,2.87,357,255,3408.3,-1e-05,25.716
10947.0,9,0,1.0,10,2.87,357,255,3408.3,-1e-05,25.696
10948.0,9,0,1.0,10,2.87,357,255,3408.3,-1e-05,25.676
10949.0,9,0,1.0,10,2.87,357,255,3408.3,-1e-05,25.656
